# w_1 w_2 VF 
9.000000000000000000e+00 1.000000000000000000e+01 -6.368451330099849095e-01
1.422155090851548787e+00 7.914994053395094653e+00 -5.121424195453379014e-01
4.772100403924535605e+00 2.127101400993526514e+00 -6.939434015943057865e-01
8.452956075413441184e+00 8.559332075695406772e+00 -6.337385132935324794e-02
9.196300186923441089e+00 1.573048857987293658e+00 -9.588924043776096973e-01
1.909878287728992596e+00 6.492119716760220705e+00 -6.270145028271922882e-02
8.097696874118053501e+00 4.661393093216471328e+00 -5.804633434672648029e-01
9.757424395901468372e+00 1.194109532850202937e+00 -1.000185836061938449e+00
5.724692355576105562e+00 9.415228049604884575e+00 -1.026432593277590843e-01
5.179937193518292737e+00 5.142797406289162154e+00 -1.354975194122509663e-01
4.105252152466336568e+00 6.799345598765262011e+00 3.923907095999235040e-02
1.826155079187278485e+00 5.625296213792707611e+00 -7.217435151191953224e-02
3.272192827446675167e+00 8.884008571969859602e+00 -4.693533926243387278e-02
1.599754803656983082e-01 2.923883581996800984e+00 -8.777030742907170335e-01
8.621442814009775191e+00 5.164481523587830525e-01 -9.967814718685034103e-01
6.667890589637041288e+00 6.898886337643246769e+00 -3.579579187963854991e-02
2.480700085857693526e+00 1.193718534212823590e+00 -7.893363005003357635e-01
6.877312722069437889e+00 1.379447287657292742e+00 -9.012518360177115273e-01
6.723671581037884870e+00 6.851108632481421878e+00 -5.497527749348374293e-02
3.719574487361258619e+00 5.986665920923234907e+00 3.837305675968494256e-02
6.431395964614994298e+00 8.332651727322301638e-02 -1.004346677093866047e+00
9.753067159253369312e+00 4.766789233648093926e+00 -8.969785573934390133e-01
8.870895721694227021e+00 8.505563055397850070e-01 -9.897251551614114629e-01
5.608447388691594204e-01 3.918681623136543557e+00 -7.339379124208722516e-01
3.947823120501109617e+00 7.976677984135676525e+00 4.244447060538814043e-02
5.626272288344088546e-01 3.580614333379941172e+00 -6.933402272532269706e-01
5.119024975866974803e-01 7.832212438265194976e+00 -9.258319622806436833e-01
5.935166373666873163e+00 7.694095845221766705e-01 -9.728789151179280115e-01
3.015199400110146311e+00 5.928481838458421471e+00 3.886367319495631634e-02
5.868096602294107234e-01 4.776834936730324443e+00 -7.407481147323951021e-01
7.160591295128209133e+00 1.722878623934631648e+00 -8.543401239289212246e-01
6.103876253081785386e+00 7.901921412191132532e+00 4.524856167424284870e-02
8.022002958301072795e+00 6.413160843697483848e+00 -3.793995840342497816e-01
1.410098637283054845e+00 6.099963094332660596e+00 -3.295889982686217579e-01
8.651477995706693847e+00 7.805988081506022525e+00 -3.323619101289765343e-01
5.225781785433566640e+00 7.128180196262182022e+00 4.488729903900035012e-02
3.933312025027086545e+00 8.418737975765267834e+00 3.963898221529804644e-02
7.112937699916653145e+00 6.861563740591423155e+00 -1.305377935917884091e-01
1.934394905456525038e+00 4.860774958491059117e+00 -5.556440491640834978e-03
8.524733447670925557e+00 8.970184148561447524e-01 -9.643445378022216241e-01
9.205335598228220562e+00 7.688488394934259951e+00 -5.974542428568457852e-01
5.792916401031510398e-01 1.169058176691569972e+00 -7.097159065562390623e-01
5.191936233015606028e+00 3.029199114263620540e+00 -5.422706956603282613e-01
5.666974746239993088e+00 6.142173621426073593e-01 -9.831251671250079704e-01
9.336953093711063190e+00 7.714309885294328151e-01 -1.000140126508444194e+00
8.573602988693519222e+00 4.200286608272458366e+00 -6.942219930908204439e-01
2.416099799465892595e+00 4.021401252090946454e-01 -9.642189044956577249e-01
3.188424214421170078e+00 9.197678342865710732e+00 -2.690787096706563908e-01
7.034083283514273255e+00 5.526934753383414112e+00 -3.524661051268633827e-01
2.532880045412773562e+00 8.628755999630852713e+00 -2.567109887116236777e-02
5.242256826793957103e+00 9.588571739812442374e+00 -4.241491095054443772e-01
8.280210309735807073e+00 1.668712992364256298e-01 -9.964845439090981305e-01
5.681069883517952057e+00 6.828975259397235043e+00 4.274745276410474304e-02
2.621648054429339236e+00 5.951024753231678233e+00 3.895440930751181696e-02
2.736374220016541958e+00 2.197517214510094963e+00 -5.410779313937572610e-01
7.605851567969383886e+00 1.961073177472896500e-01 -9.951315970599827754e-01
3.257533553790934011e+00 5.407898591400120969e-01 -9.859319829838915084e-01
9.113131265196013686e+00 4.777304396124296026e+00 -7.533402833635143292e-01
3.091397340295205964e+00 8.205523832231524040e+00 3.558593774786000807e-02
2.277188540523719773e+00 5.335379845098409124e-01 -9.283613201843006202e-01
6.185519509273395222e+00 5.493827874787704069e+00 -2.409397825839871832e-01
3.693630231544251075e+00 8.028573259874558499e-01 -9.072025567834427484e-01
9.023903364600684540e+00 3.841450578448266651e+00 -8.005400047809687614e-01
9.481804173531539703e+00 1.092031114248964707e+00 -9.963525525663623483e-01
6.436491237647063102e+00 8.640505254383773703e+00 4.972883620191326237e-02
4.531365907197633547e+00 5.639705432266397089e+00 3.584451811394373522e-02
6.642049823100691697e+00 7.814033055471922395e+00 4.934450249035760017e-02
1.326525574504209048e+00 1.531367360471835637e+00 -5.672652424828843465e-01
8.908643103789440687e+00 9.449369470329910925e+00 -6.054637698924070222e-02
7.947256398895840235e+00 5.077811484243178519e+00 -5.170558698235233619e-01
1.013994696707154475e+00 2.441197883797587703e-02 -9.595685542951690739e-01
7.020167654693300285e+00 3.428922964163876319e+00 -5.985261032330841946e-01
8.951275366768591368e+00 9.544206644156588482e+00 -1.083381327493779800e-01
1.370926268986804253e+00 7.059673036807238233e+00 -3.647097788774762428e-01
6.206099905142367312e+00 7.898867810000537837e+00 4.468531985129309270e-02
1.909449277738425099e+00 3.141624298881023236e+00 -9.965217373164581005e-03
7.728106754467232165e+00 1.642406019406650097e+00 -8.370247661952473495e-01
8.791974641461761664e+00 8.936324343788056623e+00 -9.282297268998740414e-02
8.113227265182697323e+00 3.624989249083306220e+00 -6.631362081222658134e-01
9.080935174872386995e+00 8.920792799431779940e+00 -2.846916167423885202e-01
1.592712217493596594e+00 3.386238204807511476e+00 -4.837207257775988367e-02
6.534167458352476032e+00 4.946056862157901080e+00 -3.722227523487471323e-01
8.981206848685924227e-01 6.947136714191507245e+00 -6.271000570355917958e-01
3.347270748873824253e+00 7.826773635830005738e+00 4.092390120533506703e-02
3.705023441897994374e+00 7.958607822309841096e-01 -9.074795273085913827e-01
2.434924132580060796e+00 9.896623340413864156e+00 -9.067519407146518162e-01
1.614941145548808299e+00 2.401613790772863410e+00 -2.795992166213863150e-01
8.498485041958049990e+00 5.932873772995813866e+00 -5.453913749634468067e-01
2.745652601842226481e+00 1.555363319450027149e+00 -7.165484907167443129e-01
8.411370659856913790e+00 9.789318649913370862e+00 -4.942363490200407661e-02
9.554925707323610240e+00 6.841684846606828962e+00 -8.504477097599811852e-01
8.306096166900529099e+00 2.863071389641312692e+00 -7.557990689294206144e-01
4.583529978721140097e+00 2.692610155204567590e+00 -5.734038547085740234e-01
5.548297734691211680e+00 9.813787177635580505e+00 -6.947172510036965232e-01
3.778367574986453814e+00 4.328704874065990360e+00 -3.111785454693638542e-02
4.479654102342503497e-01 2.681315716421859729e+00 -7.169234791157874653e-01
9.770894060534962122e+00 9.565302107976318524e+00 -4.836875952697039516e-01
4.819894384950120347e+00 5.689706419236443935e+00 3.098448841405376797e-02
1.189924860965920539e+00 9.738318940924054701e+00 -1.030908905907154782e+00
3.961965240067174765e+00 6.613096873296101741e+00 3.873592628464672671e-02
7.194796886325622864e+00 9.884183378512970464e+00 -2.103742969662089624e-01
6.544207570392751805e+00 1.583048318656917752e+00 -8.580447791204539598e-01
6.704001716589566229e+00 8.029891639077298748e+00 5.048080821639744364e-02
2.288551013836266801e+00 1.955812602460697658e+00 -5.593448373788736383e-01
5.926656234904802645e+00 2.412533970189607579e+00 -6.862147578058216402e-01
3.539334780326010232e+00 8.612591827697155367e+00 2.074287277347597325e-02
7.399779888888970092e+00 4.561185163125845321e+00 -5.035760203947066138e-01
9.329554089391282057e-01 4.636679623306834586e+00 -4.952989784229560044e-01
2.793213871415590188e-01 2.986858966895978434e-02 -9.999544285683291678e-01
9.146245037072267436e+00 1.260216101349422635e+00 -9.735379012054656833e-01
3.495665320841846668e+00 9.162072015073716713e+00 -1.828323585672553264e-01
8.240483063079167891e+00 8.700536383928408668e+00 2.449636849935926675e-02
4.406284593730121379e+00 8.452661713423021084e+00 3.617708703693356398e-02
7.299331399990451885e+00 2.870176377416588237e-02 -9.998877092609286255e-01
4.120037323648029215e+00 4.059215824806253536e+00 -2.033390181664387342e-01
9.723805925033023101e+00 9.416367110120242856e+00 -5.612351200183012256e-01
2.357075387758076790e+00 8.819750263020704750e+00 -2.289856426390970423e-01
1.918880007939030685e+00 4.366599322477668466e+00 6.819469544648626425e-03
6.817976174323590932e+00 5.837583665082381579e+00 -2.807339315150654269e-01
5.654087252765936711e+00 5.166500239725975163e+00 -2.355291835495898489e-01
5.475926154975556237e+00 7.226569248191772488e+00 4.513814036474261826e-02
4.555404851213454620e+00 6.314668311460796879e+00 3.865386667866044235e-02
2.116714752288376911e+00 8.950815697751467681e+00 -4.562519802465914154e-01
5.783740314461648602e+00 9.154471408027760049e+00 6.439472114300914818e-02
5.728711046586420608e+00 6.387786289585569044e+00 1.484984669330513540e-02
7.474708259582287795e+00 2.394707112312405073e+00 -7.661147021386878198e-01
4.812064575780227393e+00 8.811883071335378403e+00 3.213650046936522564e-02
9.029567072096305935e+00 6.638585639605807387e+00 -6.266014813040229336e-01
3.858674949744808291e+00 4.788246561216420893e+00 3.367101862444865645e-02
3.927814068742704556e+00 6.058699458549805072e+00 3.642650846526240827e-02
1.973382760616941622e+00 8.131687219371089625e+00 -1.983861608326056292e-01
9.750622669444407364e+00 1.463599388477732299e+00 -1.004016526986408753e+00
9.023608741950393863e+00 8.006966100488764226e+00 -4.679561148126655246e-01
1.910033525469291282e+00 1.937269089546030276e+00 -5.077776826138840072e-01
8.364425854379696545e+00 5.009460123580417701e+00 -5.905001703013287306e-01
4.694985561287683851e+00 4.392197354480892102e+00 -2.504340874688857355e-01
4.517582616053616440e-01 7.881515277983794476e+00 -9.476246492479534211e-01
4.042685492801784686e-01 7.026929728668757091e-01 -8.173040481456723683e-01
2.428904535702756662e-01 2.372329955838503590e+00 -8.241503077900507179e-01
5.068717424982467357e+00 9.200669567507592461e+00 -1.489974644350344768e-02
9.374476509933320045e+00 6.061932111911962906e+00 -8.418006748016557683e-01
6.535423130097444577e+00 7.991249345416455263e+00 4.824684661279587949e-02
3.768460063479204813e-01 3.882695373796864136e+00 -8.593298853923245773e-01
4.622822443579358342e+00 9.211682175941470874e+00 -8.212314796184938537e-02
6.829927463278960609e+00 1.084986907898916719e+00 -9.604835875759373254e-01
6.450851507660522621e+00 6.452954005662386194e+00 -9.612226363566578335e-02
1.571162791926653091e+00 3.538488261989209072e+00 -6.682275830027561980e-02
6.972991479138086923e+00 3.114844412714878885e+00 -6.378433244365924182e-01
7.453899827018313218e+00 8.728127871162781659e+00 5.231663797230812207e-02
6.081417932851819197e-01 3.451962999004445365e+00 -6.446344147325513418e-01
9.512361552489753125e-01 6.195024587583530362e+00 -6.104548457696035157e-01
6.476684976380136405e+00 1.711892709926994494e+00 -8.259209466314048065e-01
5.962252131309365488e+00 2.600957038394602905e-01 -1.007417917339041402e+00
3.556384281264481473e+00 4.384791179766466263e-01 -9.731623879168915803e-01
3.235365531263351802e+00 9.050069323452516912e+00 -1.416337640042679702e-01
1.809843069521008263e-01 7.153996905318685151e+00 -1.021496128577056961e+00
3.528428279863105477e+00 2.870531484400083322e+00 -4.158193618199099717e-01
9.372211402173208583e+00 5.526532425284603534e+00 -8.342446263112390792e-01
7.135520173426742829e+00 7.785559707277161401e+00 3.753299510828234098e-02
8.848794212862731712e+00 4.536840638612836152e+00 -7.194323029737311748e-01
8.641852675443173482e+00 2.542693290685971164e+00 -7.836604228200299005e-01
7.621950856304517963e-01 1.794479889015184293e+00 -5.297669178213197938e-01
6.287942955688326840e+00 5.717533388489064450e+00 -2.140477605116439808e-01
4.433524891420274727e+00 9.515533809431385492e+00 -4.883335862320596910e-01
4.879242642199089097e+00 4.421196131126791662e-01 -9.635218858652441210e-01
8.476687655534037802e+00 5.459833676248241119e+00 -5.781583862651484829e-01
1.556135742288453638e+00 2.954414139994186339e+00 -7.733599597270091053e-02
9.834620072324558038e+00 4.751293596387734297e+00 -9.129816455389504481e-01
9.379698655591806045e+00 3.021808517636852542e+00 -9.835204879723815630e-01
6.730671620739276051e+00 6.902503881667678698e+00 -4.636410378495581242e-02
2.799777247818544090e+00 2.830705627430113225e+00 -2.881507765791595510e-01
8.029239352652659534e+00 7.019441918032634398e+00 -2.931421916372076719e-01
6.798365843860315394e+00 1.874657892263839887e-01 -1.001128897628679404e+00
6.598880902545570137e+00 2.331933010414218188e+00 -7.283865901658330699e-01
8.002883550878433283e+00 9.595677453471516571e+00 1.888875726116123754e-02
7.265905761646035188e+00 6.334193549223397390e+00 -2.598737298794711048e-01
9.749612113988048279e+00 2.834835293882489893e+00 -1.002079246725429584e+00
7.827327811824211778e+00 3.326023731830745511e+00 -6.660779578933264666e-01
1.773437314916988639e+00 1.398090455999617898e+00 -6.612836558926520336e-01
7.556017702577230821e+00 4.667532026507393295e-01 -9.805897242619918686e-01
7.350112955204062715e+00 5.633090490517009385e+00 -3.759485421262893645e-01
4.945304492546394037e+00 2.188598617868909635e+00 -6.918112978912513977e-01
3.841042482274714231e+00 5.713165927280325462e+00 3.687877385870530489e-02
5.682764533419062264e-02 2.869902069995193372e+00 -9.264466568421498849e-01
7.429424655891401663e+00 8.610606322043272698e+00 5.437540015011971262e-02
6.197796986700412347e+00 6.917465220757160083e+00 2.998897103205333536e-02
7.437887661272887030e+00 5.470151806445581855e+00 -4.065901266827989247e-01
2.873765028376438657e+00 6.760909877359604359e+00 4.299392794263123818e-02
2.864509481353520570e+00 9.733072311192113801e+00 -7.468594625040195778e-01
8.437767073039823984e+00 3.495002217777877895e+00 -7.217581909286763242e-01
3.975197783224636794e+00 1.130712307930775706e+00 -8.417981262192260061e-01
5.948462238849383077e+00 2.770423516665704078e+00 -6.302748458666977971e-01
9.540300751500549126e+00 8.621978126481900873e+00 -7.020665866360431551e-01
7.788920963529981645e-01 1.053430779419641666e-01 -9.687405334409711077e-01
6.662113789209208603e-01 6.418267911693037675e+00 -7.342653172845787779e-01
7.303177189723587759e+00 8.599144605159132482e+00 5.296506367999098686e-02
3.670574338244751433e-01 4.133615980703931214e+00 -8.703922208964320895e-01
8.194771494484680119e+00 7.677874718363772111e+00 -2.028031468730016051e-01
2.408554972651846704e+00 8.258694162565799246e+00 -1.099423277477740157e-02
1.251884423089583365e+00 4.350562998615969512e+00 -2.858333598424973587e-01
1.554870148722832524e-01 5.718517601337352652e+00 -9.773575855262173206e-01
2.259844257513294874e+00 5.537957820271508069e+00 3.157693674583672561e-02
1.207852881771858566e+00 5.911193758871712944e+00 -4.575664126180685187e-01
5.957340204909956860e+00 5.973440194482468435e+00 -9.639353055974053675e-02
2.142295175302795673e+00 2.033824644954881578e+00 -5.166016923718683707e-01
3.020028955206823795e-01 6.709367899628170484e+00 -9.630376868331289586e-01
2.865220908660684795e+00 1.753000645377579270e+00 -6.730129345299480370e-01
9.678704801723657658e-01 9.374701457100650615e+00 -1.012589681133408748e+00
5.958649810357284693e+00 7.788065329227157996e+00 4.598007979059381967e-02
4.402957106230317441e-01 9.810942972814894247e+00 -1.013501743429095159e+00
9.382019132055330335e-01 9.000795569542923147e-01 -7.607575067306746597e-01
1.560551248505338995e+00 4.489710952397971827e-02 -9.466469603384579656e-01
1.283350351485009963e-02 5.715053065690928413e+00 -1.009281623087090018e+00
2.343853874505352763e+00 8.376517976028555523e+00 -4.847959919229927195e-02
6.388551860670515836e+00 8.960164281707108103e+00 5.957638737611037349e-02
8.566507760533594862e+00 9.039090551512307670e+00 2.850907364771881891e-02
2.583429722288296926e+00 6.062724556669173204e+00 3.926928769867199520e-02
2.618003960519428297e+00 6.249740351904883973e+00 3.124224279826304240e-02
1.678900781597567615e+00 1.670642652380083915e+00 -5.609393886598055268e-01
3.210986602669355872e+00 2.099054941603314628e+00 -5.997557906175723375e-01
9.728061840078025213e+00 4.271432759646785371e+00 -9.122694095976916495e-01
2.425875707045234364e+00 3.689940964222793607e+00 3.346382947452752887e-02
5.752646918199562975e+00 4.498324933533009440e-01 -1.001548867083069894e+00
5.831758998411291195e+00 4.153291108848294222e+00 -4.198527524559934054e-01
9.420844876086755804e+00 2.626436487142986831e+00 -9.495022924157534572e-01
3.200729922472258959e+00 3.690936470016608073e+00 -8.435338884577570084e-02
6.424177618587436633e-01 6.993385484051597434e-01 -8.199824114346183634e-01
4.559869220722772454e+00 8.202511159637897009e+00 3.846518520731612156e-02
2.824455469439966393e+00 1.251824976470107043e+00 -7.945271500248032304e-01
9.658160084510504007e+00 7.030541138733251039e+00 -8.837867569807468238e-01
2.535774791386563365e+00 9.162841461515276009e+00 -4.093437913403534800e-01
5.713056643247483635e+00 5.927359905320099820e+00 -5.642088499604636098e-02
9.774473192361496032e+00 7.066780144796920737e+00 -9.320775242203653832e-01
1.370860072098549765e+00 8.114549138700256847e+00 -6.120308315187150683e-01
8.468610437445173389e+00 9.162138776150658970e+00 5.966234723505059456e-02
3.800587800891214840e+00 6.621170491785200340e+00 3.933945464340382614e-02
5.806592672353621865e+00 6.700813406189996435e+00 3.395587801891664093e-02
4.664077954939284787e+00 8.441192368906801136e+00 3.275326318524784952e-02
3.533063041826903117e+00 8.903174852150741003e+00 -9.422404688954610918e-03
7.982348129861993158e+00 6.827729031151701378e+00 -3.145281478726397184e-01
7.300257491121638687e+00 4.300810380967950763e+00 -5.236263648405690141e-01
1.073739103223198210e+00 9.277333005635965080e+00 -9.957362526613304787e-01
8.071198671469113961e+00 3.756255612723408799e+00 -6.468822234183198017e-01
1.407995897904666283e+00 8.437271818917789545e+00 -6.625889440152228360e-01
9.028422408925678155e+00 5.682321405111889767e+00 -7.174599141308943828e-01
3.291954749471335706e+00 6.807724148380746243e+00 4.001208328239158618e-02
2.739296838648656696e+00 2.885018362985592333e+00 -2.550338893079509006e-01
6.102861144451964925e+00 4.336566212395128517e+00 -4.148832802279520671e-01
5.355622996172690442e+00 5.556570765530734590e+00 -7.187227441987431575e-02
3.431910515135443873e+00 7.023898928359707305e+00 3.994133420041867666e-02
5.857215649260980150e+00 4.056290505493995724e+00 -4.356092139586456025e-01
1.267142514396417452e+00 3.164485734704929332e+00 -1.857520678704451811e-01
8.422191013483503852e+00 2.133817551708010019e+00 -7.880466147191644843e-01
2.831721549236501101e+00 8.528138593212394980e+00 3.854294871834351710e-02
2.817508592732078654e+00 7.279253302852338514e+00 3.280856390150921342e-02
6.213286272959856582e+00 8.416946847873004955e+00 4.923305920930221014e-02
3.692742031115248569e+00 9.357323757055178604e+00 -3.923602867706975639e-01
7.571558886511915887e+00 7.373007667225398798e+00 -1.197444136751174559e-01
1.883173035034655829e+00 6.529411466844743828e+00 -7.466982350039597094e-02
1.024350508867151593e-01 4.867823517689111590e-01 -9.021784223776256884e-01
9.412459012754053944e+00 6.974512003460255016e+00 -7.876788011978104187e-01
5.296012192333542146e+00 3.181068843152059067e+00 -5.226747147979675656e-01
7.268635625192969574e-01 1.749846135826188809e-01 -9.649708401907004518e-01
8.520627519696011731e+00 2.722683418806517430e-01 -1.000538725540818241e+00
9.101794654371561322e+00 2.884115577912529815e+00 -8.918922022743289713e-01
1.990156538320589696e+00 1.245648360161304868e+00 -7.299522395143711595e-01
9.788327940031688712e+00 9.212811666606278038e+00 -6.992363519186814980e-01
2.222943674956230353e+00 8.471594481748399019e+00 -1.398372235980205325e-01
1.569928620465361524e+00 9.647022574193810485e+00 -1.007683791491415182e+00
9.816524315472152651e+00 6.930661669440358885e+00 -9.400632165909486027e-01
2.551284696063790935e+00 4.252583875839286875e+00 4.350941447982314969e-02
1.917460230489359319e+00 7.388113734353774831e+00 -1.034759565692211503e-01
5.135465703030224205e+00 2.120688449581104695e+00 -7.153100934243006304e-01
8.283867941033900451e+00 6.002726050151593107e+00 -4.864949011642301091e-01
4.542639831472601308e+00 2.686890183177435887e+00 -5.721164843560246904e-01
8.662121051717486253e+00 6.873042396926836162e+00 -4.850044442580658810e-01
6.497772106347847743e-01 3.075206554802434766e+00 -5.786339839209233560e-01
4.400234308062040967e+00 4.101721366620264320e+00 -2.658042814185468394e-01
7.146455591547860919e+00 3.630778957490627956e+00 -5.849435105023141901e-01
5.607996168387382241e+00 9.811416069014252672e-01 -9.147081472438147731e-01
7.545401117353940812e+00 7.003415742968032376e+00 -1.969808475734208253e-01
8.558536532782548889e+00 6.963800987728208547e+00 -4.416423262535778549e-01
3.167744669403821600e+00 8.487082692331014755e+00 3.537837949461120068e-02
6.774007721560955986e+00 6.002706096011717563e+00 -2.490060167520096179e-01
3.889399853272798691e+00 9.721880644733769117e+00 -8.709665830482480331e-01
8.765465987458615160e+00 6.447844306793240499e+00 -5.534045336943766991e-01
7.825888855453159820e+00 8.224937968485006579e+00 1.814376214602020365e-02
2.499260008994020676e+00 9.617163346533413204e+00 -7.493581585381564603e-01
6.590789578211391664e+00 4.057562246121727334e+00 -4.934248850691742572e-01
3.786132242507811441e-01 4.919440934191587900e+00 -8.921947425878151705e-01
6.953107764135245006e+00 6.374159866827485921e+00 -2.008921882922016788e-01
5.158044885497052867e+00 5.433975829133849800e+00 -5.411418510683008165e-02
9.539359452017000862e+00 4.954002786982830031e+00 -8.466149970160942173e-01
6.779583026673762447e+00 5.906175668384991972e+00 -2.648524742298834500e-01
5.614534902347858569e+00 4.802577854393604850e-01 -9.991376927967339228e-01
8.338714950803671755e+00 2.674134667639543217e+00 -7.622042740048797782e-01
6.992735025532792470e+00 7.160177392219513770e+00 -4.706666033638362556e-02
8.974667770653404375e+00 4.419713582755133707e+00 -7.538606135309258161e-01
3.300674159990045098e+00 2.253497763858180125e+00 -5.625791052120434621e-01
7.014419897795129977e+00 4.735246482942381818e-01 -9.914127403726396004e-01
8.880544185580967920e+00 2.858771014372742947e+00 -8.395452638034976989e-01
2.769310712396826801e+00 4.906753316647938234e+00 4.122711475621709809e-02
3.135251708812011540e+00 8.029183038949456730e+00 3.500666786079698056e-02
4.612179412905972775e+00 2.252668746438225789e+00 -6.618188637626971627e-01
1.780827868040305351e+00 6.111972647176133755e-01 -8.692107653200134010e-01
6.984635013656524727e+00 1.439211395369237034e-01 -1.000225175397840616e+00
3.306474960609519620e+00 5.502961579922405200e+00 3.953902583875956722e-02
7.654751770263946042e+00 5.230537585589313920e+00 -4.603266605078677465e-01
3.930736292140235122e+00 3.661313925266870495e+00 -2.699309006268753031e-01
7.585963159344648155e+00 1.273303832496930355e-01 -9.971208754099010196e-01
7.940953540880271611e+00 6.087072622614519979e+00 -4.064228534802692971e-01
6.170879447399037154e+00 9.066274128185715098e-01 -9.731813162247624494e-01
2.603902908891052359e+00 6.160664381054467675e+00 3.541155574137189177e-02
1.286523318720757425e+00 7.129568670244644579e+00 -4.181752205962454561e-01
1.211922011747987638e+00 8.959448422688396363e+00 -8.955148644390902302e-01
6.313932257780905388e+00 4.601048226873492908e+00 -3.963701004519419868e-01
3.303558162429728551e+00 9.720072920646785519e+00 -7.288952081467594546e-01
2.434990209201743028e+00 2.113189973823106360e+00 -5.225328508551401185e-01
3.551009521173648764e+00 3.308647968074642343e+00 -2.927327311768674889e-01
9.146909514653636109e+00 7.071369226779901318e+00 -6.622410901432220776e-01
8.509663986950839032e+00 9.323583816201336916e+00 6.911520253977843087e-02
2.137604864832425289e+00 9.100972916757369191e+00 -5.452300706522950069e-01
2.491771657794457084e+00 8.425303382034059041e+00 1.531405955979048272e-02
9.781421419235391213e+00 5.962745074904739262e+00 -1.011849882169105541e+00
7.304912125558733926e+00 7.659584380117570035e-01 -9.587677350800754006e-01
4.698457379656218791e+00 9.565408196589002543e+00 -4.827817188849001795e-01
6.491768370734354310e-01 8.960837351268722273e+00 -9.959947403684510370e-01
5.268355100807688096e+00 3.666086801636235237e-01 -9.910573488350317151e-01
5.259590575882383767e+00 4.321064284423301594e+00 -3.460789468774669864e-01
5.547688958720154773e+00 1.943859497929067537e+00 -7.629497825001254618e-01
3.580010675615015181e+00 1.438951192359851250e+00 -7.741438422694506549e-01
8.436599417033233683e-01 4.098057644457360205e+00 -5.436098836277785118e-01
2.917882130227291260e+00 5.200478577015669401e+00 4.088590480278719852e-02
2.879933478341585751e+00 4.313338362583068353e+00 4.412154051385730469e-02
8.844070193067814500e+00 8.240808820757800746e+00 -3.289643952813740002e-01
4.073397705855553164e-01 1.280070272852683599e+00 -7.137906736941450614e-01
4.240652610683725676e+00 5.596233639395249426e-01 -9.317178601558708806e-01
3.670640935853032583e-02 4.213442662118931814e+00 -1.023129613943404514e+00
4.754764319635764735e+00 8.794703531051640821e-01 -9.038710158268516981e-01
9.190747696581901494e+00 5.692500792969585000e+00 -7.774433880121267570e-01
6.994578079861115683e+00 1.915921947672445391e+00 -8.273838312116570393e-01
9.814280941231505295e+00 7.267987951975505290e+00 -9.708039471799724263e-01
6.793733431974530390e+00 7.884471879062340705e+00 4.970316740442681791e-02
3.158762853089586820e+00 1.363547002185875545e+00 -7.843927002584527575e-01
1.425924854678141118e+00 9.758141229866645006e+00 -1.020643581267491662e+00
7.735780783617015821e+00 8.910766252850045532e+00 5.855346616404182025e-02
5.898191546406960084e-01 8.997480729685031875e+00 -9.999527420066804950e-01
8.804174305097848929e+00 6.278938529817792435e+00 -5.842715403896718840e-01
9.913514563395147139e-01 2.711527698125608232e+00 -3.569318049655527680e-01
8.576806737842455064e+00 8.487919744873186900e+00 -1.325036647526071087e-01
2.517411713863368483e+00 8.432436604868424723e+00 2.338363648087549151e-02
3.072164401796129152e+00 5.167910780657999581e+00 4.146942550825416518e-02
4.390196413335824666e+00 7.638526892468091134e+00 4.019267523708469625e-02
7.686681919838161958e-01 4.912373600939726082e+00 -6.204533957849260872e-01
3.844652872137894750e+00 5.104603560248111016e+00 4.001143866731071697e-02
7.944043208412061574e+00 7.071551062950634403e+00 -2.650326282865498317e-01
5.414260163569448281e+00 2.750353985501144738e+00 -6.038289941317918075e-01
8.747731284640869021e+00 8.688820642008012740e+00 -1.490264606196751718e-01
8.816906873079313200e+00 5.523577523765081487e+00 -6.539919981419716200e-01
2.601957620413699601e+00 9.777508107634812262e+00 -8.158516775105262298e-01
8.930650922263215108e+00 8.366410516657088792e+00 -3.460223998811652879e-01
8.032608225057328966e+00 8.077552309597993974e-01 -9.512886671220327495e-01
2.961911143572559801e+00 5.843847141992179139e+00 3.868570455151587595e-02
7.724127392477943665e+00 2.593129352827021172e+00 -7.485533190074700194e-01
8.707651538823164117e+00 6.944292856140448222e+00 -4.940847015710618240e-01
2.840981508778664288e+00 2.539149668578809305e+00 -4.132512272075263837e-01
7.791218298168207212e+00 1.752438758916201822e+00 -8.229523138353292966e-01
1.157600470367201456e-01 2.590316387610461235e-01 -9.620484728899700855e-01
4.913291679718601479e+00 1.048260096185447132e+00 -8.858151947640963142e-01
5.443093501702255033e+00 6.758116010527674078e+00 4.270563261067517047e-02
6.517717843813001011e+00 9.005254450403032962e+00 6.215390685091359835e-02
2.439294283962740284e+00 8.271356515085619421e+00 -1.462063495139442892e-03
8.744988494909951282e-02 1.163529686790481632e+00 -7.767257894627057624e-01
2.061795511387876090e+00 4.952849098761369362e+00 1.254583611572979152e-02
3.829653858516390397e+00 9.181101072718044875e+00 -1.927442377886592340e-01
8.207590868573857890e+00 7.992961636654539959e+00 -1.311479962464620064e-01
5.591554665120966661e+00 8.018132351907249600e+00 4.981214688041224470e-02
8.966329738197661214e+00 1.139921914452990626e+00 -9.700551295221053749e-01
3.388823548269266794e+00 7.689766546981697815e+00 4.137868999062543907e-02
1.104462662025987862e+00 1.820440390538383246e+00 -4.512151059217908156e-01
7.832784598247755525e+00 6.444591676003782688e+00 -3.405540388832557497e-01
5.480828990391397593e-01 3.726136491423511110e+00 -7.232376394935373654e-01
1.450168717883856262e+00 2.097470304108011607e+00 -3.627889049357584383e-01
4.744597472830916374e+00 4.081521897948747757e+00 -3.270941454125328995e-01
7.709876566176845358e+00 4.914707852057773607e+00 -5.019636901753613545e-01
2.491491791645122245e+00 3.701690454067705360e-01 -9.767851374360225769e-01
3.247835496264607213e-01 4.427847688467618781e+00 -8.850019277265515072e-01
3.234166912938363225e-01 9.528357824698356904e-01 -7.682744512397454706e-01
9.849564263622751170e+00 8.412244548058135152e+00 -8.874667459850399398e-01
1.798395684003607498e+00 4.474904520108211159e+00 -2.670048233506250313e-02
6.862805766164899346e+00 2.291488550210854513e-01 -1.000140412943822277e+00
1.945534396043730796e+00 4.668067323091650067e+00 5.546709349263601041e-03
4.204329303875776525e+00 2.750090442626187959e-01 -9.616650425027392091e-01
6.015844504239133528e+00 7.877914108580930552e+00 4.576243313234007459e-02
8.477552431881015593e+00 3.933822997951849310e+00 -6.933057663515072022e-01
1.223245491498480941e+00 9.246931158133581130e-01 -7.568514694224297568e-01
5.345324933348432950e+00 6.514619773375896372e+00 4.035947800240613503e-02
1.802793192475003581e+00 7.488194426659981140e+00 -1.686332554083991297e-01
6.751578366681041388e+00 7.523718105911020970e+00 3.890630720915710938e-02
3.977653699879849292e+00 1.402858282881986662e+00 -7.877303314357784192e-01
1.673117294414126599e+00 9.597081802504405346e+00 -9.854826445895388254e-01
7.827997729391131365e+00 4.640152209004062556e+00 -5.455914109760551245e-01
4.411051695029287067e+00 4.411306821989134264e+00 -1.733623865303788314e-01
8.707233044144842893e+00 3.856386279063079403e+00 -7.384618036425714127e-01
8.991401196378841831e+00 8.139093368765996095e-01 -9.991319369296443043e-01
2.126461919695457059e+00 6.499714379821060817e+00 -5.398888571722437746e-03
4.344229412071734409e+00 3.133335389362492229e+00 -4.667745661571913729e-01
2.817676532796818734e+00 7.522081370466671579e+00 2.781002627117779014e-02
8.626207692043991182e-02 6.145797667685036991e+00 -1.039228384351932988e+00
1.002089742548687212e+00 6.484132895143437381e+00 -5.462363548865596385e-01
5.002913797389157757e+00 1.192690325065830059e+00 -8.688187806885596665e-01
5.353163707377509795e+00 9.106057894987962698e+00 5.225301068406063010e-02
4.934473088156751786e+00 8.809482908416335079e+00 3.236725174353649592e-02
1.580756816289653477e+00 1.066875857531194294e+00 -7.370284095456869355e-01
6.936167318089146328e+00 7.892372985724971812e+00 4.844298888456166630e-02
7.623036620981017641e+00 6.428275911468527504e+00 -3.066844651965792146e-01
4.774103304148245464e+00 8.087219672176091834e+00 4.015315719894818614e-02
6.377445017177426401e+00 5.959544990171186996e+00 -1.850294196704118654e-01
9.153382358577891509e+00 9.211584202507271613e+00 -2.557609420298381231e-01
8.160805535889185336e+00 8.871737097571813280e+00 4.926717943961567148e-02
6.185326297459218914e+00 5.800668921265796918e+00 -1.777393054881681866e-01
7.937477694228391556e+00 5.228409145756988785e+00 -4.995513189075536653e-01
7.508433381644907811e+00 4.297353319414304096e+00 -5.445908910067680520e-01
1.204611553851462791e+00 2.688705403715448750e+00 -2.663102566452559827e-01
4.746464848761561939e+00 7.150578610418888204e+00 4.092969871854856834e-02
1.915085316664022264e+00 4.082536779960467044e+00 1.126039658867217241e-02
1.377347362315763712e+00 4.829501965589233947e+00 -2.349670702966557556e-01
8.856242143425019364e+00 2.356082199413172873e+00 -8.091743704286888939e-01
1.027070652494291192e+00 5.137613111867604943e+00 -4.728538939350999115e-01
9.273051225728003999e+00 2.929605353805748269e+00 -9.409103038147160758e-01
7.034703209715297056e+00 9.542315719861003132e+00 -1.745352397113536513e-02
9.450434853134867197e+00 5.916270543581808816e+00 -8.890482178674267155e-01
8.143737739104240703e+00 6.636612096207865630e-01 -9.693169300774719943e-01
6.789291807248273081e+00 5.991982949979934858e+00 -2.527579824911114770e-01
6.555168937359130421e-01 6.304833105667393411e+00 -7.420673741450789507e-01
7.045869580090576179e+00 5.207737611019546797e+00 -3.934441431245376819e-01
3.461083058729186313e-02 2.745218591718687762e+00 -9.481140203024565061e-01
9.101292433093949086e+00 6.871173195401301115e+00 -6.602331311797793312e-01
3.250079673665955404e+00 3.476798081104530702e+00 -1.632402133192658589e-01
8.123388870407650231e+00 6.367859701716213294e+00 -4.055086196640753649e-01
6.362965019882165230e+00 4.467519390637602505e+00 -4.188479855458340229e-01
7.664909396632067384e+00 3.064506606333030625e+00 -6.898284077311033213e-01
8.969965871546868641e+00 4.062197925815012489e+00 -7.792438760058367775e-01
8.292778425383879437e+00 5.458299820460009499e+00 -5.410379385841610489e-01
5.949780643562148086e+00 3.827180217480532498e+00 -4.746452508436618256e-01
9.839746882612598000e+00 9.728625868930272702e+00 -3.953211557228279993e-01
2.839296137120596697e+00 6.408611278587795779e-01 -9.538366618365590188e-01
1.589000923759771533e+00 7.925086828282570828e+00 -3.963885738916159696e-01
2.537520020921227637e+00 7.350649825781998992e+00 2.238791286221131216e-02
2.870760850487621862e+00 6.626902066095042620e+00 4.037094633837901014e-02
2.804480862311387490e+00 8.584107388787321824e+00 2.724898862542679545e-02
6.829008444839284042e-01 8.998671048500860081e+00 -9.948201928873201538e-01
9.642677746287038332e+00 4.145702654471477011e+00 -9.086408899350817414e-01
2.337007227806543685e+00 8.652489935725350634e+00 -1.403014767180950084e-01
8.733214114762287039e+00 9.509047055525599035e+00 5.505626443017019866e-02
1.921180368564146868e+00 6.016533558180526597e+00 -4.543319763670172762e-02
9.125011022343310074e+00 5.396981604609302208e-01 -1.002033365942241128e+00
7.778235769607370287e+00 8.746621529069937395e+00 5.760143161326478078e-02
2.816182543936777805e+00 9.064952559165009305e+00 -2.448757000787660232e-01
9.897741966374866251e+00 8.915392524338017211e+00 -8.507363715011009297e-01
8.486404558373665807e+00 8.652828790060695496e+00 -4.721814332120904956e-02
4.208878107925356993e+00 1.595226443371122294e+00 -7.567315334359483447e-01
2.956598199479874900e+00 9.612210618713291410e+00 -6.530025678284323565e-01
9.142722004692833693e+00 9.676879441726963238e-01 -9.925842341180532991e-01
8.929451030539892642e+00 5.050028134215889253e+00 -6.926281704681548357e-01
7.036645499132369252e+00 2.735542667186221077e+00 -6.975618298723563759e-01
5.392420345252994629e+00 5.856401331971113677e+00 -5.026175206012784002e-03
2.008828015130656564e+00 6.300176000494638051e-02 -9.600732941886018779e-01
3.627334485578124657e+00 4.557771650730034096e+00 2.653521695644167622e-02
9.035528603526078451e-01 2.688512873424143468e+00 -4.054568565284597526e-01
9.731386600452836433e+00 5.240754476740711043e-01 -9.862981392166728645e-01
3.272168773467142966e+00 9.222738649274424105e+00 -2.757392415768076255e-01
8.617738899493643245e+00 9.895052967583435333e+00 -2.277158447170388733e-01
6.494753893839146919e+00 4.786834999418214665e+00 -3.887131624511315220e-01
4.980148658963465813e+00 3.549853825536079199e+00 -4.419315479278072001e-01
4.797131945438722234e+00 1.526045581011114427e+00 -8.051853862055800004e-01
8.188580017922328480e+00 4.161760689630645160e+00 -6.351968338144979853e-01
2.065551685895793965e-01 9.109112771296036470e+00 -1.004307193553007238e+00
3.080503194259822219e+00 3.778954445447368027e+00 -3.533478955801871990e-02
4.080647729341054797e-01 8.780410884963856688e+00 -1.007037862027406305e+00
4.818611788474219004e+00 6.731393414197066605e+00 4.061328360283500416e-02
4.402216283146285214e+00 6.159290192543550368e+00 3.751894287704526931e-02
5.386247065711477156e+00 6.946265477665103383e+00 4.494663623142969300e-02
3.953115157129728718e+00 4.896014136987702492e-01 -9.435190135169191361e-01
8.393675363099454501e+00 9.126426487667972154e+00 5.933370527658821114e-02
9.378886125152908093e+00 9.240052655093771605e+00 -4.090977833431568289e-01
6.461423313448121597e+00 4.489287033698968088e+00 -4.244876468340474940e-01
5.282119926983918745e+00 9.885421287455006478e+00 -7.163007579766950128e-01
9.512496506094670679e+00 8.682624377405144145e+00 -6.715646210936052629e-01
3.665495297884065362e+00 5.146333265979873950e+00 4.099226219985396824e-02
2.796160932372160790e+00 3.263262036584797965e+00 -1.348598327384844531e-01
8.714825774105042555e+00 1.526701702064355015e-01 -1.001606083955252968e+00
1.433870721684131988e+00 5.802262002616299874e+00 -3.012962377074943632e-01
5.640984655148108651e+00 1.663936160515659957e-01 -1.007332374214073178e+00
4.308955216117414722e+00 6.309114184876916553e+00 3.733860070680794507e-02
3.910439978373587699e+00 3.715835378360072383e+00 -2.477130398792399824e-01
9.816337538901054316e+00 2.903778277774048178e+00 -1.010594554251757593e+00
9.711697376744153232e+00 8.954240387054006600e-01 -9.965052158202800658e-01
1.309641504328140915e-01 7.806905835380317349e+00 -1.007608933686798380e+00
6.498388757125901360e-01 7.427140758867696313e+00 -8.202111506151128495e-01
3.759288590894817705e+00 9.551425429884648821e+00 -6.323238552756311748e-01
8.482464716298580010e-01 8.700076522584119232e+00 -9.616158620888808350e-01
6.406183770928366883e+00 8.642907684538181812e+00 4.994272674226807318e-02
6.329717671283363600e+00 5.536586982104855892e+00 -2.567319316196219336e-01
3.748034601270850974e+00 1.633328831420361782e+00 -7.318768565250781677e-01
3.869788875937050232e+00 3.116859924199729459e+00 -4.174500691914651007e-01
5.345951974301784482e+00 7.992235023085352275e+00 4.915709769225529158e-02
8.602985199841747033e+00 7.935487994476078555e+00 -2.859062163984305016e-01
6.586748611529137598e+00 3.675499580020025636e+00 -5.442896714854636997e-01
3.928844558328813630e+00 3.595421460918371004e+00 -2.909658919807336375e-01
2.204856359011399203e+00 2.193523368891906689e+00 -4.551590216680105883e-01
4.881094451266355883e+00 3.795468662930076675e+00 -3.928448033061449074e-01
4.199195424312821556e-01 8.093517791641625436e+00 -9.780739926277419727e-01
3.886856057789179530e+00 1.807851847242020193e+00 -7.002743341319674908e-01
5.456115591708467605e+00 5.099362544557536125e+00 -2.174644309355069360e-01
4.257557461110973662e+00 2.446832205821972472e+00 -6.027356754242301218e-01
7.213093458767002808e+00 1.119497143822499208e+00 -9.109910108394631001e-01
7.207323836163369357e+00 7.990273102868692412e+00 4.466950708359984645e-02
9.508132534049789086e+00 3.973986203051458332e+00 -9.024316681510954341e-01
3.979676635743357505e+00 8.654795298497463207e+00 3.543759121771050680e-02
6.430937250716307396e+00 9.228155127174613170e+00 8.021901635314065970e-02
1.559228066314101158e+00 3.138938227145086302e+00 -5.172235141598191532e-02
6.212325266499955312e+00 8.538635409445607394e+00 5.010317204492453769e-02
5.517730808275459253e+00 3.046019527244575364e+00 -5.580042160279505836e-01
2.156432736556901819e+00 3.968590272270319019e+00 3.556077896653064840e-02
6.334885471147798874e+00 3.888530164527974176e+00 -4.955992505223392186e-01
4.509563247232137861e+00 7.911455625051472929e+00 3.876584554438355923e-02
9.506796816208517020e-01 6.760793981505453409e+00 -5.729698437064065786e-01
7.558054558473084050e+00 8.701533418655131413e+00 5.591662309446548962e-02
6.322327439551065353e+00 8.376264305251412523e+00 4.858395219739142235e-02
9.048705679710185024e+00 3.576267149963112235e+00 -8.386068428406511233e-01
4.093271497532962044e+00 1.183331133965286330e+00 -8.351776253430274188e-01
9.645346139067720870e+00 7.205596519420144341e-01 -9.946451721804964174e-01
8.804538642993716024e+00 5.417484509744666804e-02 -9.991645891533751378e-01
1.516742934026092726e+00 6.189778639022072149e+00 -2.632837522265329966e-01
1.423968128585206827e+00 1.102327136871362467e-01 -9.393358622275989056e-01
6.444998915359771985e+00 4.698557952323316300e+00 -3.954615963304026760e-01
5.509490439855310839e+00 8.566853378948330544e+00 5.207785071736470428e-02
4.870171384642258516e+00 9.662339569052882382e+00 -5.634947779237275967e-01
8.406564479722391070e+00 6.901211088538239835e+00 -4.037125081554713280e-01
5.794384949133628560e+00 3.611107982293944030e+00 -4.947980883628713134e-01
2.642591665548300051e-01 3.051968611507720919e+00 -8.223128551910949824e-01
9.277018674070140136e+00 7.412788316700261504e+00 -6.781721442308494829e-01
3.335155445903427829e+00 7.692226141506310455e+00 4.095190198697951089e-02
4.730833720985232915e+00 2.217652592677908707e+00 -6.747390065656637681e-01
5.056636176004082328e-01 9.447366008122637382e+00 -1.010056561491326832e+00
7.486608951255194100e+00 1.479105100862838418e+00 -8.592048994862432343e-01
6.545830673535712130e+00 4.542980890376385195e-01 -1.000093770272758809e+00
5.052890240167910108e+00 3.671720264697973413e+00 -4.290029157943859861e-01
9.388984640246789581e+00 9.416020126004443824e+00 -3.711172986077733160e-01
8.211173396856144890e+00 1.751535632980386392e+00 -8.311664935081664041e-01
8.780611002852094060e+00 9.578555963929794359e+00 1.092227083826968759e-02
3.946696986273231289e+00 6.784630161302206197e+00 3.926147587673778361e-02
3.669518429302021101e+00 5.425090986590027420e+00 3.874695805131533888e-02
7.118764937337353160e+00 1.521031822028096059e+00 -8.729863668260113840e-01
9.041533889789091560e+00 4.387082398166890940e+00 -7.698767568974942410e-01
9.076803494785046666e+00 9.595164345349649349e-01 -9.911012382140440558e-01
2.326893174191231761e+00 8.681127230809725148e+00 -1.618021064483574634e-01
9.856827504174683341e+00 8.478369240792746453e+00 -8.957437956126185208e-01
8.717129095326836552e-01 6.443322348878917083e+00 -6.084952838366577410e-01
3.136617372342715537e+00 1.711056295255347415e+00 -6.977854963295557766e-01
6.841731839537601445e+00 1.613526903240918076e+00 -8.715524904157302410e-01
5.744011478950191929e+00 4.484955172628325992e-01 -1.001651467054878397e+00
5.383545931071235024e+00 1.384597826800297193e+00 -8.541277579761545891e-01
8.421394403641409454e+00 9.157981775213412945e+00 6.075070392199410918e-02
4.058107919206442205e+00 7.956680580602948361e-01 -8.908699254641625487e-01
9.595970871779794464e+00 7.153915891314110986e+00 -8.642631582701481019e-01
9.891195183167218019e+00 9.121748669530044040e+00 -7.759255751625973030e-01
2.591328503543213646e+00 9.764823047715754711e+00 -8.113346756490659173e-01
6.457581583479816700e+00 4.068447027271534289e+00 -4.809424389817440471e-01
6.046065258099283746e+00 5.790266335363426720e+00 -1.528301777566165587e-01
2.578000567445877245e+00 6.519321151445123697e+00 2.533191476540386233e-02
8.361646812564417885e+00 4.100302054246561134e+00 -6.650064273607767529e-01
4.624786105688910354e+00 5.296523723198104605e+00 1.301252503668104410e-02
9.239255242024514203e+00 5.322204370511717242e-01 -1.000406945814937165e+00
2.178542100830891837e+00 3.267136560418799185e+00 -9.892229959112874838e-03
4.664993847897664914e+00 9.413504924580964328e+00 -3.072232904905407569e-01
6.797757978464716189e+00 2.462230978638493273e+00 -7.236090642429756636e-01
9.529448105340915021e+00 8.380321109975305660e+00 -7.151207294556058969e-01
2.466953724250688929e+00 8.126510335467655111e+00 1.289069119448171818e-02
7.161241750103891412e+00 7.954750237450234351e+00 4.514720486891510287e-02
1.205922935335416391e+00 2.471680543643799410e+00 -3.025017729688799228e-01
7.492107482975219668e+00 8.498634233429340767e+00 5.587874482405702503e-02
1.710254337637559185e+00 6.309071735482746135e+00 -1.557533922973908247e-01
8.353655933705056214e+00 1.661053124350946542e+00 -8.516216381719287076e-01
7.899729566184112706e+00 7.771611069444390729e+00 -1.049892343217884161e-01
8.036424388757085202e-01 9.413739361527163396e+00 -1.016018735161650977e+00
3.589749285945551538e+00 4.740776889945474970e+00 3.973608373302939256e-02
9.304270466592216238e+00 7.203728326174190677e+00 -7.218114957690934252e-01
8.710762691138699054e+00 3.641426978678010684e+00 -7.555031306121657853e-01
7.366973076472429938e+00 9.283115962616705907e-01 -9.355356819715031635e-01
1.113245217247900154e+00 8.509543075109547772e+00 -8.394966987013106063e-01
8.244485742640750292e-01 9.248418220254302824e+00 -1.003572795906358728e+00
5.357471166147881547e+00 9.686494584555671583e-01 -9.094487177027332780e-01
2.726665614628677847e+00 5.492239184242277972e+00 3.927472914201590726e-02
5.086120835697835574e+00 7.773324292691416559e+00 4.568585392618951246e-02
3.738789712455112824e+00 9.132306564177655517e+00 -1.487072604421153521e-01
4.620167981198672003e+00 5.081017847866248438e+00 -2.190321207613976640e-02
6.116562888585563851e-01 3.121371191577122062e+00 -6.082455809443181316e-01
6.586714314712543761e+00 6.877954588071446551e+00 -2.556319196095557800e-02
9.310510849632226638e+00 5.681519377701457429e+00 -8.261933660495209830e-01
2.002771159054593131e+00 8.178959106855471006e+00 -1.938399643672328310e-01
5.756393304831616264e-01 6.459434194049179290e+00 -7.897016784042198978e-01
3.162352784681163875e+00 5.289680044625383104e+00 4.124359742845529198e-02
6.644978555361945816e+00 2.601408063549334848e+00 -6.944302424526515027e-01
1.805965399870576249e+00 1.532460037408481801e+00 -6.247854892092741252e-01
2.773343330171616827e+00 6.495059175489842573e+00 3.525765871597474899e-02
3.183500180327312634e+00 3.295266704964307181e+00 -2.071211190902197963e-01
8.826411803203166428e+00 5.398439845629360967e+00 -6.574464086554929754e-01
9.339528189348857978e+00 9.084002784453537593e-01 -9.980849735436605474e-01
3.167273772270896792e+00 9.113002853427174088e+00 -2.040600983013387548e-01
7.345144097537751549e+00 6.711594247575394689e+00 -2.066003205452076052e-01
1.319583899614183098e+00 4.652971581943459611e+00 -2.578018510249320272e-01
7.235093556223750610e+00 5.872029050711087272e+00 -3.291028572749330472e-01
9.459957736126741068e+00 7.120202413195713120e+00 -8.014910561714674309e-01
3.517744980580626568e-01 4.512926810364312757e+00 -8.719583181676329176e-01
6.007284877695368230e+00 7.749535581187741329e+00 4.540284504749125816e-02
8.145146608655268849e+00 5.554019787804078234e+00 -5.046047844916361491e-01
2.419595151321917381e+00 4.351312210588886842e+00 4.254976062600679398e-02
5.967892307560422438e+00 9.438663414405089824e+00 -3.179969481053079861e-02
2.146549144776443985e+00 2.018777123445223864e+00 -5.225863438828199925e-01
4.697103957260344131e+00 3.754738551275863756e+00 -3.791404108076941171e-01
8.453579120914855860e-01 4.035463793460501769e+00 -5.391775296852374666e-01
8.480159937435242767e+00 5.789742133598984708e+00 -5.547401073895594781e-01
3.043143687715119672e+00 3.712949650860314588e+00 -4.665070974715268548e-02
5.749222925554490438e+00 3.428746307498306667e+00 -5.177805663502428324e-01
9.539994765611050642e-01 5.269922229488605225e+00 -5.560407136015133034e-01
2.257200241780639161e+00 1.997229125936237804e+00 -5.419794643789064281e-01
4.165466220463781788e+00 1.416213485563800667e+00 -7.904860749461559699e-01
3.210369403997090920e+00 8.202293323602006581e+00 3.939680186435090548e-02
4.153450255353583032e+00 7.210375986057652398e+00 4.035985088888205397e-02
6.185337963688982477e+00 3.785890866640102104e+00 -4.982058242708988782e-01
3.874990759811914653e+00 5.414440335998180309e+00 3.602521408087033805e-02
5.331338072378851933e+00 6.629035365103380428e+00 4.108700313150359662e-02
3.428330426740107573e+00 1.235507048856620660e+00 -8.219259917024315243e-01
5.683115138473748829e+00 7.224253383451089583e+00 4.406737661807369477e-02
2.319025114845233659e+00 2.359838359661954321e+00 -4.006225151889224456e-01
2.468294417358690929e+00 5.768570385046768223e+00 3.611623253036633230e-02
2.481356666256759436e+00 9.068555116365956792e+00 -3.559486685684492002e-01
7.716072341091016362e+00 8.951785587187481852e+00 5.876998506348048157e-02
9.632190541552947405e-01 7.636166992106347529e+00 -6.956382259070004181e-01
8.193211886296607460e+00 2.343804314176680226e+00 -7.680875179561700294e-01
2.635417714942089873e+00 8.330426284220358468e+00 4.012422533691406556e-02
3.887988931752040855e+00 7.121612425108829747e+00 4.012280853238747724e-02
9.516604606073221007e+00 4.855620578286139910e+00 -8.425947876335387887e-01
6.411129896913826620e+00 3.404068970996820376e+00 -5.702437750331839084e-01
9.315491612647329944e+00 3.744710955051775425e+00 -8.871439374250256193e-01
7.964600922307487174e+00 1.911365413782152745e+00 -8.072270235156169260e-01
8.854424368556905733e+00 4.180416521615807568e+00 -7.489019206691898134e-01
3.806335481037334212e+00 6.392257011402234568e+00 3.907151937502595374e-02
5.809595043748569054e+00 8.952737568455060302e-01 -9.445138023693118168e-01
4.128105076180831112e+00 5.070297047476707064e+00 3.064249079141889709e-02
4.528617655536815612e+00 9.667333602831254424e+00 -6.383932163498654555e-01
1.647663227853236823e+00 9.898518989555597614e+00 -1.003880476109487274e+00
2.243590785882172423e+00 6.400667302838852768e-01 -9.045038800145444036e-01
8.299577980018125745e-01 3.384086756727348044e-01 -9.226032803827231010e-01
2.409965503683706434e+00 9.074795288659448289e+00 -3.919547936185829862e-01
6.457528871393015457e+00 3.498570866060103368e-01 -1.002469768068723344e+00
8.018700741395399234e+00 7.808717555926201648e+00 -1.248062268280057396e-01
3.592370578196013131e+00 3.368478117720701714e+00 -2.845436808401671236e-01
3.673023060791825056e+00 4.921633346229213224e+00 4.235784577583645572e-02
4.799160057193292417e+00 7.566385255968013368e+00 4.228210060994941344e-02
6.889855165781701984e+00 9.363964763099593469e+00 4.604290697393598197e-02
1.465595514173666958e+00 3.223881785280886092e+00 -8.898717720987825430e-02
6.592757659830090766e+00 6.332956398489627325e+00 -1.526927773545401212e-01
1.219544129202972504e+00 7.937217626389914571e+00 -6.688275093777584779e-01
6.513130864971413914e+00 5.826805139260599731e+00 -2.350599993075241922e-01
2.494294714835903370e+00 1.558229721662209188e+00 -6.957163747477095317e-01
2.530460862196344696e+00 1.366383319197986168e+00 -7.487600676897308016e-01
9.786670901000672274e+00 8.016147860374809753e+00 -8.655289665239990216e-01
4.951501411808284736e+00 1.620665519624671314e+00 -7.997459409075393655e-01
4.233549112414336513e+00 3.518266756809730555e+00 -3.694070696261433362e-01
4.260293936226330125e+00 5.871102541771908712e+00 3.628144235280839069e-02
1.278184942825494608e-01 3.026721886358533009e+00 -8.893563859128881255e-01
6.521400299897689434e-01 9.087097048333818705e+00 -9.998887675445700118e-01
5.970078820891157712e+00 7.068240987409192266e-01 -9.824717730639163094e-01
2.093851899710625020e+00 4.895722612790884831e+00 1.913216130088013500e-02
6.097415704260900071e+00 5.045883812061636498e+00 -3.102852114166305686e-01
1.305441464142547581e+00 8.361276379106232781e+00 -7.081999318281826383e-01
5.779726342829042629e+00 1.790132598656427598e+00 -7.835544944766152931e-01
3.352698165512219663e+00 2.283335103380685904e+00 -5.589811042676755548e-01
4.501707889082399383e+00 1.641854235816833374e-01 -9.707537686940133081e-01
8.901963824835794625e+00 2.006850748019075148e+00 -8.600854449412014269e-01
8.464481182040787033e+00 4.324164951328341999e+00 -6.663429137932952440e-01
9.490580233718965530e+00 5.917411630858287808e+00 -9.068835213653138050e-01
1.089751857884730057e+00 5.480170217762800888e+00 -5.120260761070234423e-01
2.485279941522675617e+00 8.391466715414340471e-02 -9.882590215945522560e-01
7.120397454613777377e+00 5.634864103421374004e+00 -3.479315643523095414e-01
9.267699112798156946e+00 3.722484677071528747e+00 -8.772369280374889833e-01
3.055903381936706964e+00 5.542748664188816399e+00 3.890697328659387111e-02
3.722494729934018753e+00 2.419013000853246886e+00 -5.637366965127790230e-01
7.402070354490911441e+00 5.397979098579662960e+00 -4.106829234304805176e-01
6.001483455748116924e+00 6.193801291056000302e+00 -5.420499118540100802e-02
6.376170795765624399e-01 4.449441377659194785e+00 -6.927673997866907740e-01
8.563464288688875214e+00 8.567366465461340397e+00 -1.025995268827903928e-01
7.718729550063887501e+00 7.751925798448708882e+00 -6.966060455416600572e-02
2.199170777743441718e+00 3.783739292517557029e+00 4.054343991108355638e-02
4.013940153646935016e+00 6.133602003333577635e+00 3.594378851264456998e-02
4.664941193737816683e+00 8.639794043627817999e+00 3.344432728084978379e-02
4.589428969771722322e+00 1.096055496836221138e-01 -9.748286586233088080e-01
8.845444773354357082e+00 7.342948876009288917e+00 -4.915025626353854427e-01
8.636215695734744457e+00 9.749648551991104029e+00 5.136358030977983269e-02
5.608411666530250805e+00 3.020326179488458163e+00 -5.680634506140229689e-01
9.408401839771968866e+00 4.914774085791730585e+00 -8.133564630390013317e-01
5.741713488825462619e+00 7.938259494550104378e+00 4.864629452276347799e-02
6.785008808900113708e-01 8.800423996849637831e+00 -9.929100167897129126e-01
5.321608256155951011e+00 7.142279921115409103e+00 4.506499486598292137e-02
4.363106547599572060e+00 9.086900958919242655e+00 -3.280632697543861553e-02
4.292637757951680122e+00 4.708140623225520294e+00 -4.810267316075034216e-02
3.058764866527533322e+00 5.044844409639313021e+00 4.178856244679129972e-02
3.319344590960349617e+00 1.494720822108122071e+00 -7.567754099749863794e-01
7.683177508558018953e-01 4.590734067278805952e+00 -6.068682182300273453e-01
7.218925984697199816e+00 5.652398396525141422e+00 -3.573449624559497106e-01
9.603716059660348137e+00 2.860920935847099500e+00 -9.944700089582656499e-01
4.780746170861474020e+00 8.777032901077141958e-01 -9.051976244473194377e-01
3.202665856780241960e+00 2.587942534063733646e+00 -4.480689970714317738e-01
7.973917076064183096e-01 1.011514951797365391e+00 -7.320562106656043344e-01
7.535868718229155050e+00 9.238567233106635967e-01 -9.319507879172885811e-01
5.989742378575583892e+00 1.244848195945015057e+00 -8.866789746672580907e-01
5.794561829632271177e+00 2.392125345058366409e-02 -1.006443089860760587e+00
7.144459294107439185e+00 2.480717799275763136e-01 -9.972911211729877934e-01
3.525331917896334044e+00 1.522771774195122330e+00 -7.538781065449462471e-01
6.286278135742722206e+00 1.470194424593043614e+00 -8.606023348750638791e-01
8.091733340478279857e+00 2.469576829446575861e+00 -7.608231783662159353e-01
1.955666738439974628e+00 4.256754201270330107e+00 1.440703181092750640e-02
2.002332146020146530e-01 3.482374986349802359e+00 -9.000284549549801838e-01
6.514086334832130731e+00 9.070106905533645847e-01 -9.928552148488097862e-01
5.760430652366714810e-01 6.533440701910357973e+00 -7.868648882060025329e-01
8.769869476930299612e+00 8.549262062917549088e+00 -2.059622866539506658e-01
8.829155344131009997e+00 3.026166507298271746e+00 -8.283177891387402125e-01
3.951316338427081298e+00 9.024125352908306752e+00 -4.549164019038065554e-02
1.894796573430532538e+00 4.659371049847460533e+00 -5.819535880798198946e-03
1.918211713026172882e+00 4.126948037391575674e+00 1.053419703733426971e-02
5.120764332653707562e+00 9.879072676909981254e+00 -7.161948342161674752e-01
6.104712938293008762e+00 8.251092027832362064e+00 4.822549474273030157e-02
3.144232966407944030e+00 4.514502040802302218e+00 4.087575145771360496e-02
1.210611001650010676e+00 8.807230747236971524e+00 -8.560004917475321218e-01
9.395498310838409139e+00 7.432158181062597180e+00 -7.407878735107855661e-01
7.642445298586024727e+00 3.885364741110511666e+00 -5.972467493414902462e-01
9.626877589917395284e+00 8.095120908922524450e+00 -7.852006784623392077e-01
3.550624341847670173e+00 3.519611013018939527e+00 -2.236700482401174916e-01
8.970894250631159750e+00 4.862336114349763427e+00 -7.162107788240993367e-01
1.656101024530228338e+00 3.548893730255398005e+00 -3.677275086851228281e-02
9.538552576822526774e+00 7.819697054993770102e+00 -7.674587555549932105e-01
9.632998286631671903e+00 6.337329251817331865e+00 -9.109819727570001024e-01
7.706273685400064188e+00 3.691568328160560686e+00 -6.184994583529238588e-01
2.853390731959497995e+00 1.867822587560249215e+00 -6.415142342178312695e-01
8.926831554433203308e+00 8.327247956436387710e+00 -3.532918523808699085e-01
4.376676309273615395e+00 4.638284315009255643e+00 -8.922369973286059519e-02
2.066945529344233368e+00 9.498009169091723436e+00 -8.266130415139516519e-01
8.807944654331585355e+00 8.829950294892356055e+00 -1.359547441335955398e-01
5.625681890598163370e+00 9.026422695975799826e+00 7.836127331474718183e-02
2.254312625062524500e+00 5.482434836936670663e+00 3.110422401375867452e-02
7.376053642447455871e+00 7.885842621927412033e+00 2.071268512720225718e-02
4.886513397596720765e+00 9.664061203439331393e+00 -5.636100703677224821e-01
9.090701704036881381e+00 1.597023701465818402e+00 -9.426536279405579588e-01
3.108788087201857842e+00 2.708050780392952550e+00 -3.914465751730054066e-01
7.139014452874232752e+00 1.923783192655622587e+00 -8.256295598538535563e-01
1.369107563476293921e+00 8.513412772747674495e+00 -7.050132597138998314e-01
8.269172516052736288e-01 9.586017735612847090e+00 -1.024440513199781355e+00
5.514416324829820581e+00 5.106646613041680993e+00 -2.302079392599081231e-01
9.208708147732830085e+00 7.487369462344662274e+00 -6.286721666896682992e-01
6.508613147932845067e+00 8.642181128898590359e+00 4.926450986873698312e-02
3.966003251524818474e+00 8.341807963243015323e+00 4.065779400476943195e-02
8.818945589607286806e+00 9.845165116717122800e+00 -2.563865756561221065e-01
3.041834713517173494e+00 5.909332828138516902e+00 3.869063317281762338e-02
1.975417601213474761e+00 8.233639871394077048e+00 -2.261312460194440099e-01
8.877911386264340621e+00 2.402013481738308087e+00 -8.158679955864933664e-01
7.828061017038819180e+00 2.887819602922697459e+00 -7.249145948007045259e-01
8.654904768841570117e+00 5.341108439797438656e+00 -6.220544874721878337e-01
3.151625342997045554e+00 5.446104491682382864e+00 4.007569397390087218e-02
4.403100613157548082e+00 8.122929327639518249e+00 3.960657853791937910e-02
2.299224890549242062e+00 4.371938247312647796e+00 4.067770294209305249e-02
4.881288223083838140e+00 9.666578371268265357e+00 -5.665824621139363693e-01
6.621255689618686269e+00 6.413094272230409842e+00 -1.375595124891999532e-01
2.053950192424125021e+00 7.752245557061889336e+00 -6.803001424225785243e-02
7.651048055371882484e+00 4.867276566145805616e-01 -9.782269836412056385e-01
1.215693264482115454e+00 1.999969913980319314e+00 -3.817696031187081118e-01
6.029856510974336281e+00 8.610183417022332364e+00 5.067535524428645743e-02
1.687731692903105873e+00 4.960993727919773555e+00 -9.494306455389178723e-02
1.587626149499905548e+00 5.591814998492400157e+00 -1.854856400083519929e-01
5.555732044048393270e+00 4.945287820305312998e+00 -2.633125323229474901e-01
9.209331832225279513e+00 2.326572087997445804e-01 -9.936336245526311561e-01
9.179304519710953514e+00 9.528233962082204300e+00 -2.545136261371490072e-01
5.907927679208483163e+00 2.510259945364843759e+00 -6.702718700564216370e-01
2.032686549856150826e-01 6.492078123172383641e+00 -9.914880525131417599e-01
1.997018924971783793e+00 3.693667682912207706e+00 2.848552969615303354e-02
9.889249112018584142e+00 7.835517916059560051e-01 -9.899604197034828079e-01
2.110813157147648222e-01 6.257033285230729547e+00 -9.988408916910396229e-01
6.218415701719260724e+00 9.615464638114247009e+00 -1.628510037866839344e-01
2.827315462411980729e+00 4.073272172903677379e+00 4.088281785993741480e-02
1.895230572275201419e+00 2.755668566946260611e+00 -1.590471411307081695e-01
7.701203248411164104e+00 4.684083579608481429e+00 -5.251859493602469842e-01
7.079878519996725572e+00 2.665372654129188668e+00 -7.105461466859167574e-01
1.753092688919050124e+00 2.273924079688243172e+00 -3.424611594069109088e-01
4.472625314057833812e+00 8.527097501687551429e+00 3.474773781797924066e-02
3.862916131295507149e+00 2.992711210180026615e+00 -4.436595394650102442e-01
4.216017592076779508e+00 6.838571905834390563e+00 3.927814639998494783e-02
8.443657731134042166e+00 6.627234651676195298e+00 -4.474989819186295792e-01
5.103783663433795859e+00 2.391128438411550317e+00 -6.600064381060586349e-01
7.808884454969571287e+00 1.547247565268293101e+00 -8.488621537904866843e-01
1.832068505313108719e+00 9.559897669152183752e+00 -9.348439285510077301e-01
9.685212149356210887e+00 6.615243212653049154e-01 -9.922055679533307027e-01
6.448507173813737836e+00 9.349695758322086547e+00 7.391627836444314426e-02
3.918510302909470333e+00 6.551894208159979804e+00 3.868297101298878715e-02
9.166307108032202555e-02 2.229174555325703189e+00 -8.498631209096951800e-01
4.427438993597180961e+00 9.371214379144744200e+00 -3.053336521012806060e-01
8.492726258042640808e+00 2.151787393420045991e-01 -9.999907186250330815e-01
2.645509326381434878e+00 7.880041192628829405e-01 -8.975163263718133333e-01
6.105489020518692023e+00 7.273773053583757253e+00 4.620351204203920759e-02
6.636666607878266788e+00 1.748537654095524196e+00 -8.335854338392671981e-01
9.466330512867057179e-01 4.199074428550103599e-02 -9.619937263667972527e-01
7.446181849292895727e+00 4.264229340603050034e+00 -5.422665065767034998e-01
8.929730992996113059e+00 1.001461755829154532e+00 -9.804181364160104994e-01
2.237340395891394135e-02 6.983911659852216403e+00 -1.056398970439356155e+00
9.681812655426268677e+00 8.387857843076593767e+00 -8.041279733235729976e-01
7.922949405519331023e+00 8.115751469832925835e+00 -2.579303607626071138e-02
5.942330375315655999e+00 2.340102313169462711e+00 -6.974581895986450286e-01
3.842863309416659323e+00 1.993844587923244260e+00 -6.635902336644368127e-01
1.800009761089397919e+00 6.475065632205089017e+00 -1.122008305593116262e-01
7.123297707809668644e+00 1.812226498106931372e+00 -8.447353247109701258e-01
2.877377650529595154e+00 4.393207422567471099e+00 4.398820307678930064e-02
2.549290747765649012e+00 3.605690059595016539e+00 9.633279184561693853e-03
7.106513980655084772e+00 8.707857099091347308e+00 5.163343592398406123e-02
5.852929678294840343e+00 2.488839102725902030e+00 -6.712794645975299623e-01
6.645573552333948975e+00 1.489352566644119857e+00 -8.827544558566018384e-01
8.754976234516126610e+00 5.727887801920840127e-01 -9.979268050799185996e-01
9.939991940746460974e-01 2.534733240556308775e+00 -3.729894525478387735e-01
2.206128082603497020e+00 6.077045696231908600e+00 1.461748158412046195e-02
8.334790393477984338e+00 1.921898063220456865e-01 -9.972633969165155543e-01
9.477430645083119387e+00 4.572587311013893263e+00 -8.462274536876663866e-01
9.533831304415086194e+00 5.119170031960086575e+00 -8.467210729394138991e-01
4.978258592645837588e+00 6.178285958317054849e+00 4.080058303147238163e-02
6.585836382672360045e+00 4.752282672952105602e-01 -9.999453017600657967e-01
1.372393620505958145e+00 2.919964735212264184e+00 -1.484577873317456387e-01
5.946467995139324891e+00 1.670237300402651170e+00 -8.008668346109628633e-01
3.461931845594780288e+00 9.675091876324167117e+00 -7.105682495468719218e-01
2.193779291112285257e-01 8.429176417362267415e+00 -1.014241652267946492e+00
6.938381049868768358e+00 2.186035639420682575e+00 -7.750335439275237714e-01
1.172811564096200021e+00 4.714493798352159537e+00 -3.451889528722711376e-01
9.770381728810017208e+00 1.452338672296732192e+00 -1.004181293983445133e+00
3.518260439809229201e+00 8.824012907165844410e+00 -5.475751466235134757e-03
6.394683274145176455e+00 8.155270053519904749e+00 4.701342661898300079e-02
6.043911562833545581e+00 1.636474259495038552e+00 -8.091574753261432384e-01
9.186612012420967588e+00 6.486677684912526054e+00 -6.961807552655971953e-01
5.145778483306689743e+00 1.469932184930651697e+00 -8.395692868584815338e-01
8.327472678105641180e+00 6.018037933465332223e+00 -4.945925371928321379e-01
3.399968076244243687e+00 7.516467303984505577e+00 4.109337479442354280e-02
6.373669590679467589e+00 6.148938062254200254e+00 -1.468880782611328151e-01
2.552111231453396689e-01 4.901615318401219668e+00 -9.675109243393942293e-01
7.904634545609840579e+00 9.797019422925006271e-01 -9.268044198998507399e-01
2.351220609928525107e+00 5.292244533785130933e+00 3.197702361873044907e-02
5.281643199902733343e+00 2.797101616516535216e+00 -5.887350602309997516e-01
6.472000918363920441e+00 9.799812089598859188e+00 -2.990737799663464314e-01
4.419906197906453116e+00 5.411333456444874734e+00 3.610721474117095653e-02
1.443805113313038291e+00 4.927000496173526756e+00 -2.062831748533877629e-01
7.879452894322256817e+00 4.275348337518274811e+00 -5.865567321514555399e-01
7.102259473073505802e+00 9.339909600611250085e+00 5.171943250042909668e-02
9.703938247360432978e-01 9.028220212842011705e+00 -9.644853868777945038e-01
3.354524096351565010e+00 5.757113372739026680e+00 3.787567483055331863e-02
3.171602498614974230e+00 8.474638815729010233e+00 3.640711856618428222e-02
3.106726139205278070e+00 4.612777014451831192e+00 4.237114900328542433e-02
6.513566094072102963e+00 1.743469151105654591e+00 -8.226994846991159127e-01
2.916409430448681395e+00 2.694196534836828416e+00 -3.632801095613427123e-01
8.557801760845974215e+00 4.375757698699889175e+00 -6.785112261971494307e-01
8.525970958934639299e+00 2.218903252330527653e+00 -7.785982097468990837e-01
7.654356043078077043e+00 5.084044748678977044e+00 -4.764935960172855811e-01
9.226660092715711414e+00 4.019493403516377406e+00 -8.365438480374741692e-01
8.841747479383355035e-02 8.575759035678723663e+00 -1.011513498033785430e+00
6.186013211312071242e-02 5.572142398829017296e+00 -1.001172899244994419e+00
5.943004400957624611e+00 8.819006036267582616e+00 5.791022611726281966e-02
3.324243322165026271e+00 8.600775916061902393e+00 1.995390834645260902e-02
2.058936907225592527e+00 8.801192078068993396e+00 -3.992384734579061956e-01
1.129552715105376803e+00 2.841276440650566393e+00 -2.752889005202567851e-01
6.538466001742916589e+00 3.871942227362191957e+00 -5.141784498249730717e-01
9.619429291106305513e+00 1.779280413921418003e+00 -9.997499444921746914e-01
9.801916229302568340e+00 8.881908320215185171e+00 -8.191366923726195459e-01
6.876039128916862531e+00 1.469740864060077312e+00 -8.886481788247162505e-01
5.124735181692837926e+00 4.543813319543866136e+00 -2.830217986337446590e-01
4.713634736315352569e+00 2.590296805942067682e+00 -6.011213062603739665e-01
5.905623775214436044e+00 1.635575777578333057e+00 -8.053021043824164504e-01
1.642156940111819674e-01 5.013954958508737292e+00 -1.002759108858752413e+00
9.187827555815936131e-01 1.155138815790912155e+00 -6.885921391387916923e-01
3.974364137705255207e+00 4.886999999434073483e-01 -9.429802912633912237e-01
1.521814965365757555e+00 4.457698973942015641e+00 -1.403593421246194239e-01
2.951146535349782329e+00 8.681687597217967456e-01 -8.944035724461665282e-01
2.286594412953141031e+00 3.401116014350074601e-01 -9.576754631744308632e-01
5.376459399351264601e+00 2.511052711784277136e+00 -6.481848690074578645e-01
4.790907574999707208e+00 8.713758397192954419e+00 3.251261538123895178e-02
7.831807518219217279e+00 9.669477386952310738e+00 -4.413601384467291666e-02
6.996649302594737385e+00 5.880170996569648700e+00 -2.973196394153729827e-01
8.848318010597363781e+00 6.940569607922172146e+00 -5.471363842727807736e-01
3.369659179419993933e+00 9.264140922102273024e+00 -3.013085658678091860e-01
6.988270988229955627e+00 4.114979012545242121e+00 -5.200132427217531994e-01
7.938303732001488200e+00 5.658844897912027605e+00 -4.574706004447774976e-01
9.089108093962362744e+00 1.309502524778956234e+00 -9.653918034288904160e-01
5.972570600005955299e+00 3.660162634141219229e+00 -5.006194502876362140e-01
1.751929140814229902e+00 5.931700244726068938e+00 -1.229635707658092159e-01
7.864401440787556652e+00 7.756872077664850318e-01 -9.511457125449673811e-01
7.811562597199907643e+00 9.610580865215787583e+00 -1.553537661669213144e-02
7.731098063571979040e+00 4.990794313839175267e+00 -4.964944095911253408e-01
4.193642852029671353e+00 5.016579504819671520e+00 2.141635873654212929e-02
9.268109395073089729e+00 4.373446677061617049e-01 -9.980686437237759057e-01
5.472415211915435229e+00 6.376883673595305169e+00 3.555232515225936751e-02
6.544884769153593851e+00 9.861501820466926915e+00 -3.220611557482411236e-01
3.652404229073251241e+00 2.184865253636222970e+00 -6.100088669976557743e-01
6.497793342417957696e+00 6.241191018955529302e+00 -1.554038653586862218e-01
1.548860748745473304e+00 7.500608516097006628e+00 -3.098093693848671393e-01
8.542023762233624140e+00 7.859094204632124381e+00 -2.783651788825394213e-01
8.293751037280568283e+00 7.708776777096247201e+00 -2.256180062653876384e-01
6.719913974807840695e+00 2.610593385320547188e+00 -6.975023110282896344e-01
9.192131083114837509e+00 8.441372101267276662e+00 -4.894117807652252905e-01
5.011934798641565436e+00 9.507977044528095334e+00 -3.659175071050237982e-01
4.270046122824478374e+00 2.228457765990425887e+00 -6.475010236025915411e-01
2.836192264624963322e+00 8.657066194513967972e+00 6.246412761143460557e-03
5.447242354985266211e+00 3.446229270339126849e+00 -4.931864080714893905e-01
6.734300682127002169e+00 4.862362077374749347e+00 -4.025034266011398021e-01
6.063433989574200655e-01 5.035302181752335793e-01 -8.864160748971741111e-01
2.662680213816671415e+00 6.985663831535087631e+00 4.043968527956476322e-02
4.338486710915764988e+00 8.107932485156835511e+00 3.992346866927665161e-02
4.538503163500226201e+00 8.720782806321599523e+00 3.170823138601241986e-02
5.794966076970331503e-01 7.863187135166035624e+00 -9.118513083023964683e-01
5.294784559154876113e+00 4.639570567196257933e+00 -2.871841468287739119e-01
4.859728288191174639e-01 8.662439689543896648e+00 -1.009413466508310542e+00
2.394561862325259582e+00 9.048350209313483106e+00 -3.786134512235888039e-01
7.866683543100665865e+00 5.374536504333065956e+00 -4.738993963916998675e-01
8.969449828530272839e+00 6.439426505638535581e+00 -5.982336840993255356e-01
8.315695606459289735e+00 2.093535609187250568e+00 -7.912416070559371573e-01
2.766000811173852991e+00 2.354182501189023835e+00 -4.822040444495647726e-01
9.319402308595704509e-01 6.926164860726860439e+00 -6.043936257170168247e-01
1.409554149576560000e+00 6.290864223718068082e+00 -3.275138576377623068e-01
2.547428517930201419e+00 5.957213971056579682e-01 -9.438529395696009239e-01
3.927416519048096077e+00 3.713465942364791328e+00 -2.525115875805341581e-01
9.313874248347108420e+00 6.485849044149777143e+00 -7.621942275271726963e-01
6.760662292503641702e+00 8.242078552017243709e+00 5.103747425295224183e-02
1.998619719709868070e+00 9.230969410284679100e+00 -6.993807141383796555e-01
8.161726246789228867e+00 1.792087392978777949e+00 -8.259269528369084234e-01
6.188229667276093693e+00 6.510810109930780243e+00 -3.219464499711621741e-02
6.898831536437107559e+00 3.956433362352606231e+00 -5.330828718534152966e-01
4.250186812339782350e+00 4.692122258885916608e+00 -4.313421487085689066e-02
2.132174016294170471e+00 4.753340458413051195e+00 2.777233296826508990e-02
9.230884879986721359e+00 4.621142039471638263e+00 -7.907467693568703826e-01
4.177284763470843210e+00 4.286681931271736801e+00 -1.528482539962774389e-01
1.675049106152118439e+00 4.480791409301543737e+00 -7.154199818486439710e-02
3.720969949463262427e+00 1.963890732645192427e+00 -6.625679311528549498e-01
7.682932738656970351e+00 8.860943431690538219e+00 5.829632870482695517e-02
9.759723164727326150e+00 4.460551076687096383e+00 -9.060590665901344654e-01
7.283151880811589152e+00 8.276146946291413897e+00 5.326345076259830780e-02
6.868073228755160464e+00 5.988470233228789574e+00 -2.636454542270254553e-01
9.293529464989820355e+00 9.334599456213664936e+00 -3.281501085920384142e-01
7.401888151183742437e+00 2.189160476489234952e+00 -7.888464430805263161e-01
8.040405382896070208e+00 6.193233126777698772e+00 -4.099386766088337630e-01
8.372927576431338892e+00 4.267081273503595007e+00 -6.554746409850591427e-01
7.363243795233759492e+00 9.749481547027713191e+00 -1.224287613775580097e-01
5.455364101615653105e+00 5.396977457888617380e+00 -1.346195746017047057e-01
5.151702790705107837e+00 7.531435283505400591e+00 4.585795085143740124e-02
3.795271812350671237e+00 8.926805269563789835e+00 -1.423895655754270351e-02
7.782584229273572518e+00 6.070767702552695155e+00 -3.820058465496740663e-01
8.306467186514440826e+00 4.874107641483852227e+00 -5.929659443261301455e-01
9.126524915432650431e+00 5.774877574978151129e-01 -1.002236056232364003e+00
6.077051959416646110e-01 2.532411928753621755e+00 -5.989454369845885751e-01
9.126005304873158863e+00 8.741935234598333659e-01 -9.976958976731786777e-01
2.648727062413964717e+00 1.541977628051139915e+00 -7.127299428723044006e-01
3.323288506538595755e+00 8.532202169315654672e+00 2.936687870201537542e-02
1.340144447667931171e+00 7.211144500533986701e+00 -3.944900568183844491e-01
9.402662253575462259e+00 5.028048098968952440e-01 -9.961097098515521164e-01
2.211930873260307795e+00 1.817107315416501390e+00 -5.930644129381819063e-01
8.119663222332119901e+00 3.014694969851701600e+00 -7.318793927138680377e-01
5.895248014385694013e+00 6.875807527617600279e+00 3.976345099493228119e-02
1.027304422476655432e+00 7.302201943342326196e+00 -5.909848295717510247e-01
8.379338846133189023e+00 4.714069210577908287e+00 -6.194941696443416745e-01
3.659257238473518470e+00 4.158821897021884872e+00 -4.765667507905080313e-02
4.952548153166397071e+00 4.250045278329876552e+00 -3.262176562932892487e-01
4.134312140256326984e+00 3.695670642332482991e+00 -3.036295145359395597e-01
2.221649458525264187e+00 8.301396749753278570e+00 -9.983267206371770897e-02
7.338699588207210356e-01 7.871772421238050654e+00 -8.665897833990667820e-01
8.582734102298877232e+00 8.326694442280265562e+00 -1.813363370182749512e-01
9.289126000295782504e+00 6.560635256167760332e+00 -7.499272576747234575e-01
1.412381705412614652e+00 7.861976545874978406e+00 -4.996023472488122508e-01
4.009648439801704711e+00 8.355603779029436851e+00 4.057453821604095623e-02
7.955041585889346401e+00 7.549149607408033980e+00 -1.676676601310577164e-01
1.759312951202241626e+00 5.772793040033144862e+00 -1.124151199086389497e-01
1.138623718079070812e+00 9.885245887505474727e+00 -1.031594538420524731e+00
7.355427477674561842e+00 1.403756565595658534e+00 -8.703826948182079581e-01
5.896672265390364487e+00 7.951015169280105654e-01 -9.668765165744281909e-01
4.860320019988708218e+00 8.778997995329691051e+00 3.129036440885979431e-02
7.362458622560399846e+00 4.517166817026982417e-01 -9.845620718619720879e-01
3.846408081706303439e-01 3.442022295616382177e+00 -7.888961969785768247e-01
2.650152466913564986e+00 1.260408351547727124e+00 -7.831302272244138329e-01
2.656311604118109848e+00 4.922676675788914658e+00 3.958336498449188667e-02
5.737900685785880306e+00 8.918270236481475877e+00 7.228474844423571355e-02
2.694835210182330076e+00 4.477212674706579243e+00 4.199267799887351771e-02
6.229257930287071865e+00 1.480084528661521848e+00 -8.532082706080617029e-01
1.177493883392128460e+00 7.594258800175874846e-01 -8.035831212518056432e-01
5.381113410275403020e+00 8.428815228518459435e+00 5.171348250494389731e-02
5.168445174062456182e+00 7.849596398241105888e+00 4.678205815644220777e-02
3.940161280075828554e+00 1.474384932264776737e-01 -9.749877950179475228e-01
3.111064055513363513e+00 5.354197527708791426e+00 4.085042236365499235e-02
9.796584317369980255e+00 2.489433586873235349e+00 -9.966844358149022920e-01
4.992299598965323604e+00 6.002481999073725483e+00 3.740083153689566231e-02
8.210551743188050366e+00 5.586175655786153271e+00 -5.141737923352543982e-01
8.044133602573328545e+00 7.396377732542836370e+00 -2.229394089758315878e-01
6.223167499504709266e-01 8.590276879681598032e+00 -1.005929862917608109e+00
6.308246496044088936e+00 1.810387272494313304e+00 -7.910367040932075877e-01
1.941990797177028716e+00 2.425310871078791841e-01 -9.407575074761036493e-01
8.204928411869692795e+00 7.798990819527295670e+00 -1.778900677001398756e-01
3.318393645919641699e+00 5.264767966264241039e+00 4.110097845114957238e-02
1.455656456383051800e-01 5.814680980132295396e+00 -9.868744051831788155e-01
3.116737342951397594e+00 2.850095115536507073e+00 -3.428145112139318051e-01
2.119328531567632901e+00 9.855341264985812089e+00 -9.778861855562975824e-01
9.625922025679310323e+00 5.877308343387083411e+00 -9.646243879645602926e-01
4.952496632481013350e+00 9.305412082015001030e-01 -9.044807563183249188e-01
6.877626464602197842e+00 3.357261526948756458e+00 -6.010741539201552852e-01
6.631327984031863743e+00 6.356874561124960188e+00 -1.532896838676183204e-01
1.180900924598931478e+00 3.994576727783619163e-01 -8.945201874656518726e-01
3.856877179124600930e-01 5.228172622391461521e-01 -8.859232116346813513e-01
9.815929430901281449e+00 8.418166895209511225e+00 -8.730832671464336947e-01
9.000036420249777791e+00 7.388659925901266412e-01 -1.000775343437864118e+00
7.890884201057007274e+00 5.509290070298260567e+00 -4.648523883393308465e-01
3.162716796730213886e+00 5.617428778232226527e+00 3.839501625649566208e-02
1.436575507503119686e+00 6.631288933068293368e+00 -3.064960148586006738e-01
2.592622826466532970e+00 6.778309417058783204e+00 3.778313355611429003e-02
7.575917710325059673e+00 1.232282271529899331e+00 -8.848576799841763041e-01
9.680833582749018618e+00 5.365699095516057504e+00 -9.279042566164242833e-01
2.445066323902611582e+00 3.398556348286708939e+00 -2.036617027396303570e-02
8.681638810096595549e+00 1.266162924702673998e+00 -9.340878418408675721e-01
9.614633507094294984e+00 1.024501761200000027e+00 -9.982580348882585941e-01
9.675583997932060143e+00 9.722721286676829777e+00 -3.489742878762731593e-01
4.215454510604595306e+00 1.396318846120229162e+00 -7.961347964977623093e-01
1.059483249132660232e+00 7.175176705341384853e+00 -5.566084395027979248e-01
3.764579264239225065e+00 7.032727565233994227e+00 3.976617568101659117e-02
5.000749803906380464e+00 5.809359167494354104e+00 2.822076194936373739e-02
5.016268533625200199e+00 9.176069958137849980e+00 5.638263226005024720e-03
3.344549903087934872e+00 8.514632793144256695e+00 3.122826431967928862e-02
7.781969813650695400e+00 2.888747465104395840e+00 -7.217700170080225686e-01
3.852002266487062343e+00 5.728898774599699095e+00 3.673312516235816005e-02
8.127899645983937660e+00 6.169269411068517783e+00 -4.313425922400212498e-01
9.159614859909451567e+00 4.916456964728269874e+00 -7.524848016856624522e-01
3.041930717544759410e+00 9.215930433406702704e+00 -3.139358169722308300e-01
5.822795185758326220e+00 6.052181497601369031e+00 -5.469625909293940325e-02
3.786977564040586497e+00 2.262730513197267257e+00 -6.041756004401959146e-01
4.256048657342571317e+00 6.746895292653394272e-01 -9.156410349818018268e-01
3.556294743860233698e+00 7.936301626307851187e+00 4.286654484637297813e-02
8.962955359015914780e+00 5.830433007502016096e+00 -6.917943671688724372e-01
2.006795888378638537e+00 4.878723551978163542e+00 7.527535787718697691e-03
2.459490318349222271e+00 2.287363324190388791e+00 -4.578798177166842898e-01
4.947973296702914858e+00 9.511759352571260706e+00 -3.814769589709845476e-01
6.055483437073307051e+00 5.350912527161272969e+00 -2.490234085792619734e-01
4.964883625436910641e+00 2.823225997411269006e+00 -5.686392146155221372e-01
6.519223848802094601e+00 1.356611558898410952e-01 -1.003623116629061895e+00
4.831199572279547994e+00 4.638559224487474708e+00 -1.997946563242281037e-01
9.412624461849999236e+00 9.719485025599313488e+00 -3.728902496660804200e-01
2.131796980687848286e+00 3.635200025948477354e-01 -9.403653027700253908e-01
3.494394327370284437e+00 3.076867940822631375e+00 -3.486982277769499206e-01
4.295415103504687693e+00 9.280811988180568406e+00 -2.304062801998270071e-01
8.414192179673843697e+00 3.311769225541563166e+00 -7.376489872931848435e-01
7.644060389718972282e+00 6.421904257842973252e+00 -3.113052862050611491e-01
5.124171865645660517e+00 3.855735253494197767e+00 -4.072408788578247840e-01
9.543310272729929267e+00 8.237421274803549687e-02 -9.705483131362793170e-01
8.242462562693946282e+00 6.831081991012610821e+00 -3.707313896639251594e-01
3.300811985802674098e+00 9.316376461141654408e-01 -9.056358429267630239e-01
8.354443139302464294e-01 2.140080888948668214e+00 -4.386537312544058764e-01
1.302359558950579643e+00 7.735144261741438321e+00 -5.221561992210146386e-01
2.970963754719031513e+00 4.755144346957968615e+00 4.411067147423564094e-02
7.518966139900342682e+00 5.324991947512051738e+00 -4.330663685091715731e-01
8.030607326570532223e+00 4.292426377790457437e+00 -6.038500768892595127e-01
9.845917497598119184e+00 1.943545823115096827e+00 -1.002823166927299559e+00
7.733429989299940743e+00 5.120001233869304613e+00 -4.826562663125359975e-01
6.914888715201562341e+00 7.655170559473830849e+00 3.742746032752153340e-02
6.478231738579305343e-01 3.138625807326496542e+00 -5.845958025143644932e-01
5.570959631906483800e+00 6.613982160314720637e+00 3.787379131911272623e-02
8.136862641261272344e+00 7.249586828800266503e+00 -2.764218259558089419e-01
8.089241197689743146e+00 4.281221308088092314e+00 -6.125398872268198458e-01
4.370812890497466907e-01 1.627251538586567792e+00 -6.636043901643036147e-01
1.126233613887825724e+00 5.787516413626220269e-01 -8.521909436905570345e-01
5.261302720388124632e-01 9.573448983212914598e+00 -1.013661795061767901e+00
7.418438903225850645e+00 3.280674317524825856e+00 -6.333565583528300014e-01
3.084664687498599456e+00 3.057197608939333566e+00 -2.646421163423493539e-01
8.694743731050166957e+00 1.129795510900307720e+00 -9.508873199902956319e-01
9.262814301495112090e+00 9.633587416342299647e+00 -3.208435134189340232e-01
1.841698472963000155e+00 2.978288561081907093e-01 -9.279329596804639646e-01
8.714251811530569825e+00 5.693469987338758642e+00 -6.217553231445902551e-01
4.620532355282198189e+00 5.855975971302607164e+00 3.764850797817276273e-02
5.828534988741606027e-01 1.957437556370020593e+00 -5.778636815824387263e-01
3.896583990352361582e+00 9.604600195883854497e+00 -7.204283440002329231e-01
7.142902094149675918e+00 4.992064911887017509e+00 -4.285266417952606766e-01
1.762756456743437505e+00 2.452224730729105850e+00 -2.720791510473015151e-01
4.200919711965783954e+00 3.953383148078057907e+00 -2.518226723889576135e-01
4.934226613721246046e+00 7.044617049126546071e+00 4.239350961268728568e-02
4.186998739617866505e+00 7.070821582960336471e+00 3.985485442954361801e-02
4.289335866257891539e+00 2.160115772286705926e+00 -6.628031879497158219e-01
3.015041967652156707e+00 4.833591068621164943e+00 4.391966458299467746e-02
8.948799970317189434e+00 4.874246681909817802e+00 -7.106760057641916539e-01
3.385845053436984387e+00 3.667104266750584429e+00 -1.337081808639468683e-01
3.956464917639253898e+00 1.812206869849118052e+00 -7.028376572200454309e-01
9.657592933982982686e+00 4.635827643333902515e+00 -8.800905025077265798e-01
4.061559271053025277e+00 7.848784204409740006e-01 -8.929782249794856464e-01
5.753961517531646308e+00 9.354817849392166096e+00 -3.584583724291046103e-02
2.054616532323652045e+00 7.244600873930869156e+00 -4.160761889377173617e-02
7.959133027909730096e+00 3.831958816319131489e-01 -9.859090569335904330e-01
9.289536928675442340e+00 8.307402123882107858e+00 -5.736513952698091279e-01
2.579130816636696633e+00 8.492327692633729441e+00 3.183815193069605698e-02
8.366581800099629485e-01 7.155090184132493647e+00 -6.882112692886890315e-01
8.093633796637217159e+00 8.787608626134232992e+00 4.690873745286666674e-02
7.331441844855115519e+00 7.908045021992746726e-01 -9.548843992973973238e-01
7.676797697624330397e+00 6.718770204131440105e-01 -9.613384972819094543e-01
2.240753883310272698e+00 5.617356237009069275e+00 2.844020733711172255e-02
7.945878988749890404e+00 8.214545627929954463e+00 -7.639962119495524728e-03
5.034279117308671836e+00 7.046864962131018650e+00 4.336042909265458434e-02
1.066955799429459173e+00 7.950587219427234231e+00 -7.716855340019685983e-01
4.087193174085548719e+00 6.145717742352557522e+00 3.561010567375832991e-02
1.945509026018881871e+00 9.089810538325778566e+00 -6.391853324139469272e-01
7.750488596569574895e+00 8.575451408684857668e+00 5.531845054812717377e-02
2.407397915617656370e+00 6.702507776434938336e+00 2.551116670587694202e-02
8.971342191778349573e+00 5.606841610203347592e+00 -6.975607000672554570e-01
9.593243688324832874e+00 4.564103089724516948e+00 -8.702222298784167975e-01
4.190059292284514569e+00 7.143786019796888098e+00 4.008760143352407823e-02
1.834518970342516653e+00 9.580318950544024048e+00 -9.417311483098080860e-01
5.648340731288400418e-01 8.516864274042639238e+00 -1.006221624910869750e+00
7.119502868868366363e+00 9.006665870914924099e+00 5.662521339646853225e-02
1.124819056631046310e+00 4.752529674241589674e+00 -3.751407343089265822e-01
2.241956573319570101e+00 5.933489643492088739e+00 2.335316440722934317e-02
6.098297968064292363e+00 8.021748744073139648e+00 4.622498050944945369e-02
7.062672373424010885e+00 3.506760223877528615e-01 -9.949871026461268864e-01
2.375065207508690046e-01 1.261626789314747032e+00 -7.439541376746547918e-01
6.954549269200427375e-02 8.361693326797369208e-01 -8.179416910904580007e-01
7.401699939341196632e+00 6.256030850861949766e+00 -2.956032094126332943e-01
3.297909551840012554e-01 5.842232800421728989e+00 -9.389916173190933080e-01
9.187097297443095556e+00 7.142222869692922416e+00 -6.726786247306153488e-01
4.329260978051981401e-01 1.861954376030146241e+00 -6.493407310973080548e-01
2.946000772505409149e+00 3.776338643972627196e+00 -1.410134794907236255e-02
3.537410029477756623e+00 6.164833547551603843e+00 4.062406527300987946e-02
4.376234975579873954e+00 3.415628977849373804e+00 -4.102742511192349895e-01
7.514669977982097571e+00 2.210146132489432258e+00 -7.852169223260202502e-01
8.587661765421945148e+00 5.795156535022737643e+00 -5.812554538401988324e-01
7.634010218224783095e+00 1.598710720222205950e+00 -8.433134038165835955e-01
8.109240238421966396e+00 1.442674229074799808e+00 -8.706075124227516948e-01
8.337766892385914730e+00 4.249043911657699901e+00 -6.512001973691937673e-01
4.657582560023642237e+00 1.009293428322761421e-01 -9.765502697385965991e-01
9.670856853476772486e+00 3.265307841209341699e+00 -1.006960364648570749e+00
2.966764657753457435e+00 1.454662432370005032e+00 -7.545193120759670080e-01
5.383919234899827266e+00 5.013452436265583678e+00 -2.178368192819100102e-01
5.530811552459010905e+00 2.803069354262255342e+00 -5.999583264059034082e-01
8.029873465806424804e+00 6.664006631345934295e+00 -3.479906420003270329e-01
7.306065936923483939e+00 9.061496671303681527e-01 -9.411681133925264842e-01
6.508580379964347351e+00 4.706531051978253721e+00 -4.003591533874082398e-01
5.029256610405346883e+00 1.516105637132112882e+00 -8.245523351553598612e-01
1.800148160867413027e+00 9.720537829305499145e+00 -9.908474983326542862e-01
1.133188265052989863e+00 2.198090727888183604e+00 -3.459424760368654539e-01
9.046479181743517506e-01 6.310893198133222803e+00 -6.233478707651212147e-01
4.031788942093435857e+00 3.778608382632381968e+00 -2.573011491789021221e-01
9.528489157818329502e+00 3.011656376857988260e+00 -1.003718001179580765e+00
7.880930603061943707e+00 3.253617339139620590e+00 -6.820696731167222859e-01
3.765485666741247517e+00 6.570833077294740754e+00 3.946750495725614982e-02
6.637582694480229861e+00 5.263759704734266798e+00 -3.429869361088591084e-01
8.509983961204749647e+00 3.812367030086768693e+00 -7.049793866432630951e-01
5.388550252930151885e+00 2.272872920790464324e+00 -6.957536444313525692e-01
7.583643163815169119e-01 3.357264540802155639e-01 -9.286185503790007623e-01
2.037808552312343036e+00 8.671138252842495175e-01 -8.343554660491774300e-01
5.790583449348959633e+00 4.895231445264798253e+00 -3.011630112700172113e-01
1.079581103809166054e+00 7.358972046935957856e+00 -5.666012572148648729e-01
7.320462392705105792e+00 5.674830642921705248e+00 -3.669021978043456311e-01
2.094240676019813119e+00 1.024681919066055408e-01 -9.624529870319664671e-01
4.753049607883326644e+00 4.055707805080911221e+00 -3.329857184049105356e-01
6.925398373780798700e+00 9.265745419570613706e+00 5.989336479297857618e-02
2.400560012718281566e+00 5.764603508822069955e+00 3.480119588837382594e-02
2.793100804918860369e+00 7.698965567985015523e-01 -9.097765513307816132e-01
6.620400895292845256e+00 1.884461252830763156e+00 -8.042104769653661833e-01
2.998930054188406302e+00 9.780794929613430000e+00 -7.661392472816777044e-01
5.608406342171040393e+00 9.180632880776100180e+00 6.295086014029482868e-02
5.233825557048334076e+00 6.159252499794823699e+00 3.814217868695157776e-02
4.153960011889805237e+00 7.617442506215426512e+00 4.106411127734865829e-02
8.817281863380316054e+00 3.003614870054551744e+00 -8.263533221133589901e-01
6.130018997324278018e+00 4.330773336391252393e+00 -4.179576844301982064e-01
8.660080630433974136e+00 8.202570513824845477e+00 -2.484921519469791840e-01
8.304030338873742423e+00 5.248556103249124583e+00 -5.599178577191313844e-01
5.673034906208723527e+00 9.685214063136001528e+00 -4.930814222724366758e-01
2.745833101833881074e+00 3.173356099116148243e+00 -1.536601123314915718e-01
2.625332157298448710e+00 9.350315013803417230e+00 -5.255728549135674221e-01
7.419409366668977546e-01 6.048435861770019351e+00 -7.138998239209826124e-01
3.517852690146054062e+00 6.406115100291965625e+00 4.051329362439348714e-02
2.787772226147344767e+00 3.575728508848413867e+00 -3.697911716206103705e-02
1.978174711590198864e+00 1.414382236270686821e+00 -6.817651415447945062e-01
8.993618613905571380e+00 7.305015658342517426e+00 -5.607599338546552792e-01
5.649120919335463009e-01 7.100847481996796162e+00 -8.441367199039033764e-01
9.328449586880243061e+00 1.405111535436400771e+00 -9.811755622357374307e-01
5.463147780669695974e-01 8.563335552627011182e+00 -1.008778618847898656e+00
3.865613941154812050e+00 2.876048370770925455e+00 -4.715037739141232365e-01
2.459653595187568875e+00 4.828303479757893868e+00 3.911150488458314811e-02
3.442100838586899414e+00 8.195702912659854178e+00 4.265844244342975600e-02
5.958591092558466862e+00 5.469231468627006265e+00 -2.079253219603012237e-01
5.583942608151876819e+00 5.130235513808937498e+00 -2.360954066383023076e-01
6.147259748990138384e+00 9.265931431411912556e+00 7.233724171203714803e-02
6.836834852632645010e-01 7.395226448199228031e+00 -7.998233510215535524e-01
4.484016970668768920e+00 4.574445961351418788e+00 -1.371552934105788601e-01
7.397101355677913048e+00 6.757023051550371306e+00 -2.092074229461844403e-01
3.959880898419210205e+00 9.672014173384118507e+00 -8.256897092364208213e-01
7.230544989095595731e+00 2.788358547590605307e-01 -9.956051073995976219e-01
3.004212273527965937e+00 9.804655821269340876e+00 -7.808549433802582929e-01
8.382120450616232787e+00 7.990479879035098598e+00 -1.889088014492278367e-01
9.168711627179465751e+00 2.184406053911309264e+00 -8.958573592875307412e-01
8.813358377558667911e+00 2.843301769971869675e+00 -8.255594025018389015e-01
7.226708842704963054e+00 4.970849811769583182e-01 -9.845083633099133147e-01
1.559453525532668916e+00 7.405808083954462440e+00 -2.902194003710913961e-01
6.876779879123882999e+00 6.918289460946958513e+00 -7.093054728395431496e-02
7.632851767241878527e+00 7.397776381191505379e-01 -9.542391462897061860e-01
7.650488789504640508e+00 5.102764494359745662e+00 -4.739397319690645816e-01
7.626543306714679282e+00 4.668989367835575166e+00 -5.177399554595784048e-01
2.753054140365501556e+00 6.823626099202987128e+00 4.294440533473364852e-02
5.263842357190081422e+00 1.916001632353678374e+00 -7.658890448614315005e-01
7.364261486861439110e+00 5.664841873625123370e+00 -3.737024485331390533e-01
2.581251602792499211e-01 3.496583731916246940e+00 -8.719514374597365780e-01
8.684574304958262658e+00 7.844540284028472144e+00 -3.383237631365694220e-01
6.765652652496155994e+00 5.334076019958851944e+00 -3.480005946738071732e-01
2.337506092904869881e+00 7.346198630250171113e-02 -9.792620384350783080e-01
7.131299422782708675e+00 6.935542918743059504e-01 -9.736913772766768727e-01
7.907342378093236590e+00 5.675452876426946069e+00 -4.505135720810773403e-01
9.845244298189248511e+00 3.371622784031873543e+00 -1.014074355568921337e+00
5.723691398402785957e+00 2.502050343113070063e+00 -6.637301160033244329e-01
4.089942961792847775e+00 9.719545687466990103e+00 -8.926525590248501896e-01
7.919696358793313351e-01 7.544736503282031492e+00 -7.655615730176061895e-01
8.034486620497288456e+00 5.507067423545986884e+00 -4.889888487839368914e-01
8.199397329236264298e+00 6.833746511880750774e+00 -3.603774345793990808e-01
9.823425835299129716e+00 4.526782517201118239e+00 -9.142623483078164970e-01
7.433926729911437548e-01 6.003080011121739723e+00 -7.216836409334952407e-01
5.032054303244787086e+00 5.657060180107965408e+00 1.585406555742618906e-02
3.478803416096674095e-01 6.174701345070511493e+00 -9.496652008208537055e-01
6.541808440234970767e+00 2.569755565607852177e-02 -1.003251199116395487e+00
2.185052387252018224e+00 8.584354771878352608e+00 -2.062252664740928942e-01
5.963665797101291410e+00 4.294300195676181708e+00 -4.096395585250884874e-01
4.082161351509301817e+00 7.059072312570824792e+00 3.983153892477053759e-02
2.290151180131821729e+00 6.886929665101434672e+00 1.895435754405472295e-02
1.860748597045793540e+00 7.463656779069994585e+00 -1.365524963554687332e-01
9.288812426802804723e+00 7.048568305475905404e+00 -7.288210980257461280e-01
8.163261091190651797e+00 5.751489478750586137e+00 -4.889904800837298060e-01
2.836982669082792174e+00 9.017086485917037209e+00 -2.035541564157159478e-01
3.573025577061840874e+00 9.529640816115746205e+00 -5.825886553094734577e-01
8.159520993108563269e-01 7.314531495891242407e+00 -7.180988043163765155e-01
3.704984973006436588e-01 5.669063756004416810e+00 -9.147618359249287678e-01
7.308558209358942293e+00 5.854172270385064714e+00 -3.412995168758359288e-01
1.721310198959741911e+00 1.999288989656724080e+00 -4.512843008615599061e-01
4.542612863607349283e+00 3.918778882171096267e+00 -3.272681008050790652e-01
1.949464026007147854e+00 4.107562861503676110e+00 1.580197915602621350e-02
8.698642503530594539e+00 2.578934767755679314e+00 -7.936636130596868011e-01
3.592538403997212471e-01 3.782595689540001249e+00 -8.593946812270161217e-01
7.144575454924853020e+00 6.198420854843408101e+00 -2.647241135624920361e-01
7.814056401456224599e+00 7.003466637685590301e-01 -9.587478774505776569e-01
9.674533577132150342e+00 8.231710523570990645e+00 -8.021467522291049201e-01
3.847467277162519572e+00 3.324734887209933820e+00 -3.658218140235058868e-01
8.715417721483218472e+00 4.915174325599500627e+00 -6.615254824872872641e-01
2.030694633172934971e+00 9.183102924470762929e+00 -6.537074730024405866e-01
4.274346986837277207e+00 8.135031348266705820e+00 4.027035536672318727e-02
5.739025757957213258e+00 6.459909829421049743e+00 1.991539459672608814e-02
4.726496293372009383e+00 9.344133675387466198e+00 -2.160667422798985271e-01
2.659217509135251012e-01 4.844872684296774423e+00 -9.528292897018024732e-01
6.803037743059135778e+00 5.551817366040496360e+00 -3.229933364880757107e-01
1.293338791760940687e+00 6.260544101128725281e+00 -4.061383873642077091e-01
1.068166969658613352e+00 7.440194797128611981e+00 -5.859230215898159067e-01
4.591821083259571168e+00 9.749096369635994463e+00 -7.003350901763691905e-01
9.232362276011553348e+00 6.977447052106634295e+00 -7.102853790478087515e-01
5.551551276764500109e+00 9.447991626016420952e+00 -1.832894836979539477e-01
8.280975942604793971e+00 3.818831110554131492e+00 -6.701829827787182392e-01
8.889465724578780481e+00 5.602532609797168384e+00 -6.732531385114551847e-01
6.514352614642705319e+00 2.765749915988572116e+00 -6.636638741616763815e-01
8.299153088363976138e+00 1.708162036421796204e+00 -8.410739304030649954e-01
7.376763827999384127e-01 3.086952143003076188e+00 -5.182663725701530666e-01
4.799610743852437800e+00 9.560842447744285266e+00 -4.608837885038667981e-01
7.506563139320917566e-01 1.114494954155633044e+00 -7.080439537746328060e-01
5.680750761988445419e+00 3.790385863733613636e+00 -4.608299585058217573e-01
1.435040269754396691e+00 8.775635678901082315e+00 -7.481583721568685341e-01
1.126849902458671782e+00 6.202825403360898715e-01 -8.412317013467565108e-01
2.148586257760099205e-01 8.131897444136404474e+00 -1.007220103091330810e+00
5.076754103074625490e+00 9.252247061997364241e+00 -6.015155145944861559e-02
8.704259307268976897e+00 4.280449099100692045e+00 -7.124933827876107628e-01
7.376875290680745323e+00 1.361001765901765637e-01 -9.997466247202553280e-01
5.003128526514602825e+00 3.270060299418946936e+00 -4.895306714175360341e-01
8.406786070652634280e+00 4.839845911942561862e+00 -6.127558992203929744e-01
8.885338322689518620e+00 5.264819166752810808e+00 -6.724264846059703205e-01
7.111342919696451936e+00 4.142423301747991116e-01 -9.916302858867456216e-01
3.050333995168898582e+00 1.442915392714880563e+00 -7.609809482721232587e-01
8.588727090229006933e+00 4.322934557013820900e+00 -6.880753375793027260e-01
8.776466520102852442e+00 8.190254777135727693e+00 -3.066076695135420138e-01
2.460794814971582145e+00 7.698524815798191590e+00 2.389605033140185242e-02
3.374747200872701414e-01 9.344191006257764442e+00 -1.003710922348756140e+00
8.713520424043482038e+00 2.826798257491753841e+00 -8.069133576888186665e-01
3.542046825600177140e+00 9.247329249568380760e+00 -2.697398944902724693e-01
5.179319723484515414e+00 7.314575112676048541e+00 4.528927416517136706e-02
5.793218620120658358e+00 6.234347432976817593e+00 -1.240021003752644901e-02
8.048119772786243686e+00 8.909411225600941675e-01 -9.422042703461430690e-01
4.824250436310845158e-01 3.045719311303161980e+00 -6.915826367622899262e-01
6.764763180818577304e+00 1.705755208037524007e+00 -8.534674355359592735e-01
4.689526902106671002e+00 4.028957060949694302e+00 -3.286514631560373267e-01
3.537635519090893688e+00 9.223079526577931730e+00 -2.438861859941752197e-01
3.558160800913563460e+00 4.760494258409275758e+00 4.117740164297423178e-02
6.633931499574794444e+00 1.324837213233752475e+00 -9.157883262703334637e-01
3.210061257312504246e+00 3.828401284170223295e+00 -4.602406970863937019e-02
1.012208531052524174e+00 9.480102850251402202e+00 -1.021892625005206057e+00
6.087730722871529387e+00 1.211283934637871873e+00 -9.027515030061474821e-01
2.065522948860633701e+00 6.279681633051542811e+00 -2.026395173077499834e-02
8.094424120996503547e+00 8.603821632112545359e+00 3.181447493581054942e-02
9.508416367222736199e+00 7.033170754127792357e+00 -8.236077130504001476e-01
5.189587862966233089e+00 5.727760663203775415e+00 -8.146935068258365220e-04
1.349761744687353104e+00 5.712131764112329257e+00 -3.499109610948849536e-01
3.806276604648402007e+00 5.802361881430108781e+00 3.686875682930557119e-02
3.838327679715169527e+00 4.750920736565499292e-01 -9.502772509359449504e-01
4.677309975239424489e+00 9.352919971362631202e+00 -2.331116434560982498e-01
7.960088858730927086e+00 5.035817419230884440e+00 -5.233354501146205706e-01
1.298416746948892087e+00 8.639411382431411823e+00 -7.750898327667672394e-01
9.451613246927225376e+00 9.168214449130006605e-01 -9.983133357910362049e-01
3.941759976802367671e+00 3.285244540879559416e+00 -3.963955639927085883e-01
6.704845804156055467e-01 3.815445788876912214e+00 -6.466034839790775202e-01
9.860753406897805107e+00 2.325974118158609105e+00 -1.003027837541940581e+00
6.964087765455895251e+00 8.380639180280972766e+00 5.127783680446051928e-02
5.256115588847279696e+00 2.130109470389975446e+00 -7.200448506898582401e-01
1.247743470509881103e+00 5.009761870205689860e+00 -3.197595304509146530e-01
4.179295285251029668e+00 2.905105527043564534e-02 -9.758063469961922864e-01
2.689673716106935064e+00 8.265318041516636072e+00 4.169826259339926011e-02
3.739163787948560635e+00 9.001750140883975959e+00 -5.016038584205384510e-02
4.563943241906094350e+00 7.056474414125370132e+00 3.904462678690956423e-02
7.448437656191940093e+00 8.360129031600731508e+00 5.417450760290787315e-02
1.298912575867265273e+00 3.592684228192810636e+00 -2.051065558102913577e-01
3.278235937719354176e+00 6.601201101446428687e+00 3.874390864260091050e-02
9.758057052504153006e+00 2.899526416439888177e+00 -1.007416222332009115e+00
7.465591268575740180e+00 9.206712729517461113e+00 5.624634364951255905e-02
4.691007818416674351e-03 2.240377936869174746e+00 -8.826247080965257119e-01
1.814327621654953759e+00 5.022586953163248324e+00 -5.175363985049052928e-02
6.112164231887646793e+00 6.623180950806878187e+00 -1.908039455657650763e-03
7.624139367595583749e+00 4.594746819894677259e+00 -5.252622523517580522e-01
2.922930178013483093e+00 8.906227167078633045e+00 -1.117712877721273035e-01
8.739206074300565064e+00 1.741701838654321488e+00 -8.770124645195638280e-01
3.914916274058869217e+00 3.926885973236244887e+00 -1.837651327299072435e-01
1.923506160545991106e+00 8.645374364591146943e+00 -4.067521795431741083e-01
2.582270221461020032e+00 9.603724780065599376e+00 -7.181841100171808545e-01
2.697390042854724168e+00 6.078237679648114344e+00 3.920031295868264820e-02
4.434628105741768578e-01 6.629665915784457297e-01 -8.317539333988610561e-01
8.080345419879879643e+00 3.406576495652963832e+00 -6.835378190734896497e-01
1.554154073290187954e+00 6.732269038887335633e+00 -2.461348996196042194e-01
5.389619970007015759e+00 2.487086305817562071e+00 -6.533887030279164065e-01
2.366404661192983205e+00 8.461107347140684354e+00 -4.919488851635911431e-02
4.665013870579180377e+00 1.564796251505598201e+00 -7.877577898748331364e-01
7.613978539733071926e+00 3.908870197389067158e+00 -5.931346893193125691e-01
6.779336137076741764e+00 1.521677851421077143e+00 -8.818052748256273166e-01
9.700819674487561883e+00 1.709454515847026235e+00 -1.004750680788043971e+00
8.607424295475189169e+00 9.814527567338652503e+00 -4.775529874125461482e-02
6.099935238716479802e+00 4.723156160392389502e+00 -3.590546604384408091e-01
2.532883249075132959e+00 1.424910331014717979e+00 -7.339795888126663392e-01
2.745115009139416085e+00 2.803710973351255298e+00 -2.879948985075753143e-01
6.724971477833586952e+00 1.842499343628164254e+00 -8.238607950814251790e-01
1.718940929156340391e-01 6.594012985706579677e+00 -1.008773889638994170e+00
7.175054908114146812e+00 5.517249229777965169e-01 -9.824580081258742492e-01
6.876147777621826052e+00 3.121735944733651902e+00 -6.323236137064951468e-01
3.930386943222579088e-01 5.906218400007334779e+00 -9.191758703947208176e-01
5.945066976316547347e+00 9.716558883797791424e+00 -3.750053326549851462e-01
9.113085107936459650e+00 7.643038185142522423e+00 -5.590833162125188327e-01
8.521644691140942030e+00 3.958410146776161209e+00 -6.994451134966074290e-01
7.424359987669491012e+00 1.093148235590429396e+00 -9.086081617606549532e-01
4.171146719845392425e+00 1.309543147124993201e+00 -8.120802136829314843e-01
3.763911298135781625e+00 2.917074657485689837e+00 -4.456714226377753718e-01
6.218055384688244480e+00 4.505905726317186222e+00 -4.008318540466184743e-01
6.055319622845860117e+00 7.037504040671159977e+00 4.302404022325823085e-02
2.805140596781443563e-01 2.479826354366811980e+00 -8.282250921651375108e-01
6.258865066725112669e+00 9.282608899069978714e-02 -1.005835965560385237e+00
4.500528236415780370e+00 8.738592239922772009e+00 3.023324457023046641e-02
3.277289501251301473e+00 3.829553454734164308e+00 -5.920995262561978834e-02
3.173599283185369324e-01 4.171318405472040247e+00 -8.983841614705694312e-01
1.281891669249189958e+00 5.960063477860545689e+00 -4.096788236185053833e-01
3.156747400835357098e+00 7.199445208112329908e+00 4.098817294176315684e-02
7.334964231226615006e+00 5.743266354160193821e+00 -3.597909198363522520e-01
3.666517867082757398e+00 3.479700155898151515e+00 -2.671606833297643924e-01
1.871003334231690074e+00 3.208585129551482673e+00 6.601961856405935691e-03
4.693016843486727652e+00 6.113102464015631732e+00 4.017165351594265132e-02
3.951550416829069934e-01 7.832388432775151621e+00 -9.557012228379444529e-01
9.490001576303104258e+00 8.675306005687694721e+00 -6.560226877576170734e-01
2.378644542136048312e-01 4.850329068231190810e+00 -9.685254487056358386e-01
4.956398531107800487e+00 9.413795013612137552e+00 -2.591158726367193132e-01
7.996056565155614138e+00 4.417884636012050059e+00 -5.885658827728181830e-01
2.211036681078490940e+00 7.500762786481546485e+00 -4.249022018178560955e-03
4.519411809321344897e+00 6.758605772214075991e+00 3.864954782597829208e-02
4.345634056888429519e+00 6.002393739433340425e-01 -9.280953476151727610e-01
4.560786645601930367e+00 1.793301669799805875e+00 -7.389257739861421204e-01
6.210327162883674035e+00 4.281824039709647423e+00 -4.314533255048924598e-01
2.887301987158057859e+00 3.796002873293437663e+00 -1.625132978885890367e-03
6.790719384355452526e+00 3.327192956638445498e+00 -6.009690021031708351e-01
6.036070312966756113e+00 5.194945965182912850e+00 -2.768982081037929532e-01
4.605666166247838866e+00 3.125044231181627996e+00 -4.878774396363732002e-01
9.690763504859599919e+00 2.452195541070567142e+00 -9.854803924657555836e-01
8.383522371035914134e+00 6.021073903980163955e+00 -5.073670654876119013e-01
7.752649567611593184e+00 6.121223283449754859e+00 -3.705471958699837476e-01
4.484716407014109230e+00 5.045336652624344609e+00 -8.804765668193770267e-03
7.742610549626384397e+00 1.631450414438738727e+00 -8.383183975933985455e-01
7.636993555714155058e+00 5.701466173323128217e+00 -4.058861475836321731e-01
4.355434942540297172e+00 5.539521857592871967e+00 3.769243707299985147e-02
2.599232938346797805e+00 8.708107446655100503e+00 -3.574676717470004483e-02
3.567674081212436565e+00 4.425554426190524637e+00 2.160231826704661628e-02
8.730689847526059921e+00 1.899282276101592171e+00 -8.511121610901888346e-01
7.459337200133181689e+00 3.750147571284671244e+00 -5.952457087837467187e-01
9.113218742206607104e+00 8.546045418573001484e+00 -4.144207718095095361e-01
3.689376928129763478e+00 5.639231229753698393e+00 3.801635859684004970e-02
2.550933910810025962e-01 8.255117534127071721e+00 -1.008775124595628903e+00
4.999686050033510298e+00 2.505659217907802577e-02 -9.878592519049175236e-01
7.818273536725146577e+00 8.571234899975328503e+00 5.311317503652307481e-02
4.948271897006602416e+00 4.508950654619496845e+00 -2.651893094430790576e-01
9.899828052611580276e+00 1.750545704543527092e+00 -1.007462727133892955e+00
8.481498553897788284e+00 4.635200699832505933e+00 -6.436834905505579574e-01
1.548924786615470950e+00 8.626253760001825199e+00 -6.339524242985108415e-01
8.640162037699498754e+00 4.574838643457019849e+00 -6.769262144721616137e-01
8.710740636510378998e-01 1.998788911343169772e-01 -9.478343575136543020e-01
3.301373510344409290e+00 3.873058542192533427e+00 -5.162246281922922009e-02
1.333475484676819756e+00 3.155718468640268615e+00 -1.491051169787720454e-01
2.463359856442385976e+00 6.252927556609271242e+00 2.288423699281150192e-02
9.472842986137663956e+00 2.267441456014266166e+00 -9.533508067471818670e-01
8.049717340207401151e+00 1.026753995141058973e-01 -9.945629759424517990e-01
9.836677961504284085e+00 3.998305618042927279e+00 -9.529208849039321194e-01
4.673977149291161481e+00 2.657484067684060314e+00 -5.856055785028022598e-01
8.505167567748966206e+00 7.647521907723069390e+00 -3.089733770227394150e-01
3.527085434665144792e+00 1.728954416856591347e+00 -7.061473065627370538e-01
3.247178071914062158e+00 5.332683074041869808e+00 4.078521688229130859e-02
2.392492171803756396e+00 1.471371656663939209e+00 -7.096478418464429172e-01
5.989799408583037277e+00 6.945836403849679819e+00 4.061490072379547733e-02
4.738618532654347959e+00 6.089474132026153619e+00 4.027623089395993006e-02
4.852992565587751272e+00 7.695261249448924090e+00 4.255595870148054516e-02
4.326676924617700593e+00 5.994499853197150507e+00 3.677676105644867022e-02
9.513765135632237246e+00 4.192181483453270019e+00 -8.808834540009096159e-01
1.220451079657559612e+00 6.130210343580158927e+00 -4.550105504590629124e-01
5.971274425471455594e+00 5.382084863062042146e+00 -2.294146150980642673e-01
4.187577875377304082e+00 8.242595233393716470e+00 4.056696686265004459e-02
6.061346436605107302e-01 8.954266370960507260e+00 -9.983737797911071965e-01
4.909025083143853330e+00 2.106389869744873078e+00 -7.055476389407175919e-01
9.825108744290286467e+00 7.166688228657259963e+00 -9.602746894144386092e-01
5.011279450909504440e+00 2.521064860186430945e+00 -6.299112919127480836e-01
3.296818613789768371e+00 5.095969450948691915e+00 4.240507674757054701e-02
7.647564457164300222e+00 6.057238204219101085e+00 -3.625400041117960992e-01
3.527915302230350214e+00 9.179634183862575014e+00 -1.985626418988495345e-01
1.932376710553180388e+00 8.104503979142583248e+00 -2.159946811649482434e-01
7.383653544376445943e+00 6.874718505533205182e+00 -1.863331398558183416e-01
8.728990417381249145e+00 3.677124709502053612e+00 -7.557999140988909126e-01
8.725196858335468875e+00 8.034330730105173402e+00 -3.172148220434203303e-01
5.398199632029205830e+00 3.921428264285386156e+00 -4.206835744241437247e-01
8.446220973824516420e+00 8.372631457193007165e+00 -1.131927041352201180e-01
7.853220472627707949e+00 3.955487060780770836e+00 -6.097111647820940838e-01
7.239613963033310284e+00 5.762660454122515929e+00 -3.450387331057629403e-01
4.735534826574123279e+00 3.186097564160208950e+00 -4.855365572106640215e-01
5.815653859756859667e-01 7.166076803904329218e+00 -8.386510730693990112e-01
5.218690509231037389e+00 2.960489432926888931e+00 -5.557269705453342645e-01
2.706589929817286411e+00 6.823439633218377764e+00 4.210708889734959826e-02
5.217818101989003310e+00 9.086548223904179267e+00 3.855223151776421275e-02
3.458152815566119642e+00 3.710976096427360815e-01 -9.848664041287129578e-01
8.097092005286857797e-01 3.348721258930466682e+00 -4.936909738381403123e-01
1.524679570260463191e+00 3.796842176816226377e+00 -1.060544965707768128e-01
7.657679038578093511e+00 5.435382021891874693e+00 -4.385447547861869300e-01
3.237692570608748266e+00 9.606611680900730477e+00 -6.337363553970248864e-01
4.841308579052459926e+00 4.057001703369451207e+00 -3.448024401515192849e-01
6.663822200396890771e+00 1.353501550325872049e+00 -9.104783209596764015e-01
5.784423331397269052e+00 8.356970477421254984e-01 -9.533869035448351292e-01
8.662039905308814847e-01 7.398724223609123740e+00 -7.003369952438749380e-01
6.515160984464117178e+00 9.882507284644347578e+00 -3.404632597041552522e-01
4.613241980811173981e+00 2.675003162790483113e+00 -5.786640239176534806e-01
5.299182272972173813e+00 8.390110879136045696e+00 5.114906662892471090e-02
3.140765078772561836e+00 9.334710782609571211e+00 -3.988374920080322017e-01
6.088516029613752600e+00 1.994078766224377242e-01 -1.007267111645197888e+00
4.830119084378039496e+00 8.886449522776176835e+00 3.010994434881042459e-02
6.510037237844960245e+00 9.244673084918858308e+00 7.985578713313823407e-02
1.754029038162563170e+00 9.413608244108340184e-01 -7.880418963126250009e-01
9.370730583560037630e+00 3.428375479142420357e+00 -9.413101976152195016e-01
1.572835261685191277e+00 4.876335863213229871e+00 -1.396876891608886950e-01
2.773072524426728247e+00 6.607820258730558116e+00 3.844241204484166730e-02
6.313769923834415820e+00 5.501674912045456445e+00 -2.608234816798993272e-01
1.869837630102540449e-01 4.766912474927277543e+00 -9.778486238428110155e-01
8.873566190945600951e+00 9.686709971515869100e+00 -1.218924521735269551e-01
3.059759896719933536e+00 7.784199013502830944e+00 3.523963340430924518e-02
4.114188964345076194e+00 7.356052522693365070e+00 4.093490485362050180e-02
1.873248470568328106e+00 3.244297617490791819e+00 1.035893702912948910e-02
1.273643519879150698e+00 9.437235475883667846e+00 -1.016139068265790257e+00
4.631703045517443051e+00 2.655346600064202867e-01 -9.677291200303135277e-01
4.408672308226166514e+00 9.764349431745708019e-01 -8.760257995139089093e-01
1.088434290118620362e+00 9.289104971851753767e-01 -7.528091721746490439e-01
6.834705850814892791e+00 2.998930628295676026e+00 -6.476824471673039429e-01
9.500434709921359300e+00 5.998346045766536072e+00 -9.056178306416626800e-01
4.418039975216113469e+00 4.304263439477646003e+00 -2.102988799203915349e-01
6.110552431762614312e+00 7.996351518081707965e+00 4.591358549693302926e-02
5.441478816772963079e+00 6.332754417816443215e+00 3.627839334641169700e-02
7.866294208190644177e+00 1.036341365773778778e+00 -9.181663811730430558e-01
9.610701006401404456e+00 5.240628170068290181e+00 -8.822427229830085427e-01
7.297557466990892472e+00 5.091848528733355472e+00 -4.338615073799780841e-01
3.102656077347383801e-01 8.328341583652175473e+00 -1.008071830767614863e+00
8.976894970703671817e+00 4.376329470529605192e-01 -1.002413682765332936e+00
9.537519374561350460e+00 2.175240764247502678e+00 -9.665142016692285232e-01
3.752124526516079417e+00 9.071425458099607653e+00 -9.684970912826496026e-02
7.887616298568535633e+00 5.766154628300160567e+00 -4.371919164613319309e-01
9.444089256696273083e+00 6.783220960226116425e+00 -8.141031226789670061e-01
6.272345520427911936e+00 4.049575443918890905e+00 -4.683742386387914625e-01
6.107250163046959557e+00 1.120986689435157779e-01 -1.007037509971836942e+00
5.351874813676042564e+00 2.004637391821392445e+00 -7.530991970925378087e-01
6.479375333338449394e+00 2.420930552802967650e+00 -7.093225201751518494e-01
7.299634687215474038e+00 1.602531322747269948e+00 -8.565158371817853666e-01
1.414736628179471767e+00 8.558664883711434967e+00 -6.908280086906493089e-01
3.564559033901327112e+00 3.758194833127812107e+00 -1.474817848070704152e-01
5.335135569153313995e+00 5.536238612352955002e+00 -7.180191983355355134e-02
7.012557638691664152e+00 6.824318709436834496e+00 -1.170167912529975762e-01
6.669373552279127537e+00 6.149171425594609275e+00 -2.086005155051477988e-01
7.579452374048331720e+00 5.049502525859920432e+00 -4.710654182277393964e-01
4.281522977931151885e+00 9.835212190983943614e+00 -8.954979980215257429e-01
4.309523552979287686e+00 8.779221199050757818e+00 3.176402791166421657e-02
7.004483532072434571e+00 3.333417946015831301e+00 -6.093910758541628558e-01
8.535614307487573993e-02 8.757301640269005816e+00 -1.002808969690895502e+00
5.897679384916142631e+00 1.022191917925249216e+00 -9.273796594605450139e-01
8.681331116546134652e+00 1.736645517634773928e+00 -8.708535931342538117e-01
4.952853789213526703e+00 8.757267498314018184e+00 3.064221398597832824e-02
2.308279802597322128e+00 1.830521365713178250e+00 -6.002629360240669953e-01
8.401764446734929948e+00 3.770621828052368674e+00 -6.904736813846990007e-01
3.818246291844904050e+00 3.948662946799356366e+00 -1.513182761118656572e-01
6.857680152346654623e+00 4.625264134961530438e+00 -4.421792819221710413e-01
7.325806213777545928e+00 1.331487819785084209e-02 -9.997271611088223153e-01
4.037126351733884455e+00 9.575815554211214220e+00 -6.755378608966591258e-01
4.119910285906897229e+00 3.541026707853939470e+00 -3.451653281501334547e-01
3.234005754296769286e+00 8.880825008303824930e+00 -5.237166689406413944e-02
6.150124442251848400e+00 7.451153648947752561e-01 -9.892671765000606854e-01
5.561900964838622841e+00 4.495152721683282948e+00 -3.447924807902409405e-01
4.160869434746108375e+00 3.919366238930360957e+00 -2.501718902442071624e-01
1.640536933055580571e+00 1.816598420936411218e+00 -5.052342194212942061e-01
2.355364206461179943e+00 1.465138359868321860e+00 -7.077837823664434591e-01
4.266943603775946059e+00 7.901543260857717854e+00 4.021851139799226260e-02
8.420622300616114941e+00 7.233393009106023896e+00 -3.594387262147592521e-01
2.736948618849469383e+00 7.210512672433653236e+00 3.399910608911049792e-02
3.671261383336220874e+00 2.167834166878634061e+00 -6.153421548117994355e-01
4.849421201460252462e+00 3.343358634397610274e+00 -4.656863515721305635e-01
6.041683484092223111e+00 8.842440545246667227e+00 5.558787419469424229e-02
8.363266545653694095e+00 9.797053434766278102e+00 -7.348527569911889046e-02
5.278656090882517526e-01 6.810912024841015988e-01 -8.254319658043496322e-01
5.318737822657055858e+00 9.299534668401687298e+00 -6.182183094518833855e-02
7.934658746014248143e-01 3.772562874805051258e+00 -5.546910995142404488e-01
4.426642757958307861e-01 6.885966843888533973e+00 -8.961089409180944543e-01
1.388534491485092115e+00 9.193984390857192324e+00 -9.326476749977758995e-01
4.804954736920382108e-01 5.623359654053964540e+00 -8.744186812134744358e-01
8.732125015374156973e+00 7.249448692025076468e+00 -4.631610922153645560e-01
5.657945527544753439e+00 3.247341246906298107e+00 -5.374070540792428297e-01
6.688346748702154621e+00 1.904389210742298610e+00 -8.074158023125812544e-01
4.380720384967524694e+00 9.553134048090058172e+00 -5.518493787558051977e-01
7.953192711026429329e+00 7.358870397380397499e+00 -2.084082089908556590e-01
9.802898706754900715e+00 2.807824174000479012e+00 -1.004341312208781867e+00
6.127568821907389385e+00 3.594003364086291175e+00 -5.217733246092837174e-01
1.493161285626301238e+00 8.885611363745104185e+00 -7.622981831756916460e-01
5.268219679990433058e+00 6.401400616445367397e+00 4.022150589634643225e-02
2.596320412971925062e+00 8.035898006116974912e+00 3.353210503969350498e-02
1.673619189921011552e+00 6.354062316776956543e+00 -1.747827915697364176e-01
3.636507354018241323e+00 1.082621976037630995e+00 -8.542396931704288043e-01
5.088601412833767768e+00 7.904687450332645859e+00 4.591333504978845070e-02
2.129679073609622858e-02 4.733196618171852776e+00 -1.032085142519928667e+00
8.997133759274836828e-01 3.826360070005096592e+00 -4.852756285962396277e-01
5.938658247308684857e+00 6.811906781815330270e+00 3.451110246460431519e-02
3.378356809877226752e+00 8.150578343544690796e+00 4.210690854224141688e-02
8.359470174541216991e+00 6.548077559129041880e+00 -4.364788414827929230e-01
2.362696144912921348e+00 5.092448032540175085e+00 3.345263120576813520e-02
3.723603269636991397e-01 4.001524608813578965e+00 -8.696469583282846472e-01
7.327383026902816177e+00 5.117646472036524230e+00 -4.342488907209376414e-01
4.100409388698465385e+00 7.341035068515324724e+00 4.087323518683483314e-02
6.856468384714749398e+00 1.054506115720490689e+00 -9.612720737847406660e-01
4.988411473736491963e+00 6.996009203463196435e+00 4.278447668384233182e-02
3.066944551056544732e+00 6.720017381057449057e+00 4.083486230359589797e-02
4.271100642340079467e+00 6.800439363354993993e+00 3.912557581833064901e-02
5.082958062639477248e+00 7.310216924889365586e+00 4.475019868728313810e-02
2.453162046159744758e+00 3.447533187770228214e+00 -8.375990849762260382e-03
3.334751418413114621e+00 2.445858075058097825e+00 -5.107061182837426827e-01
6.885942355849716812e+00 9.752983916738392267e+00 -1.721238755901171591e-01
5.674584408692948223e+00 6.826130896985853624e+00 4.275497668683181374e-02
5.143030337818482955e+00 8.621446869938669266e+00 4.445714335696493436e-02
2.881009191431474492e-01 3.021232983668856509e+00 -8.090538374559357315e-01
9.294749738020907870e+00 1.931542432399824705e+00 -9.438042607037548937e-01
3.216599661227993678e+00 3.093394179511542497e+00 -2.812745576673396641e-01
8.094843862756487596e+00 8.555277871066076401e+00 2.621207180017595673e-02
8.050837856962812511e-01 8.755038239916645537e+00 -9.729969128437629955e-01
8.321576013182419018e+00 2.515774891540210945e+00 -7.628797512510097079e-01
6.855930270658006087e+00 2.837865213469267900e+00 -6.722141683385739475e-01
5.467912489967766909e+00 7.220359591166257696e-01 -9.581116391855299952e-01
2.791111858972768811e+00 6.845710213036565683e+00 4.337705965292792953e-02
1.673814021163233745e+00 2.914197575873110235e+00 -8.313890396327971999e-02
6.125444607040386735e+00 6.833163654129357667e+00 2.543636981218555526e-02
4.641785304035680682e+00 8.309508632475742118e+00 3.633338269589447833e-02
9.322709509744528944e+00 2.142519331378732073e+00 -9.308906591611516568e-01
5.536534988322978634e+00 6.554665087717964411e+00 3.706802010063725561e-02
4.357861642360787435e+00 2.826165720930009062e+00 -5.315970990298599652e-01
4.392308493984456774e+00 7.348304862719046149e+00 4.077347229646965943e-02
8.314176752686384120e-01 7.023263094863212430e+00 -6.765772239670821975e-01
4.625016808362460985e+00 5.416861708382922913e+00 2.368823818264687020e-02
5.368638774160850780e+00 2.517814520789503963e+00 -6.465437444854518212e-01
9.449515066190171453e+00 5.050997944879589419e+00 -8.200721248603364266e-01
1.289203214476693837e+00 8.273754650636835350e+00 -7.013827294531993495e-01
1.966231522329431769e+00 1.501047543900296155e+00 -6.561307866815671019e-01
8.913712528678599867e+00 1.195586501789318357e+00 -9.608858158843740505e-01
1.261220502109176023e+00 3.608997583025850275e+00 -2.285157173926588570e-01
5.912649805023892036e+00 5.835286415816517192e+00 -1.169861068361659484e-01
3.913971086988855319e+00 5.691834070506077481e+00 3.684027629503194845e-02
1.823880064309615578e+00 1.443330644047506883e+00 -6.548261851262811017e-01
5.878319555799819796e+00 7.059195449414248813e+00 4.399142849513681952e-02
9.581205052910238607e+00 3.585957518908120534e+00 -9.775024263498907073e-01
9.418892539789512242e+00 7.022952897791294724e-01 -9.989820100095916366e-01
5.931047731950942037e+00 4.576570215288595200e+00 -3.643509337230972367e-01
3.127403782309190028e+00 4.815149337839997656e+00 4.436538581548887805e-02
3.813109763976870514e+00 7.089238569131754097e+00 4.007898872409665358e-02
2.207835878372076621e+00 7.826357145418761263e+00 -1.422419733706314915e-02
6.112432175733789386e+00 2.637647078724922434e+00 -6.609593448414534667e-01
3.765329400079896249e+00 3.302851416801286355e+00 -3.504496821614506707e-01
8.304124071124357798e+00 9.811368282226000659e+00 -1.014217068196863192e-01
6.071404294102779708e+00 2.204464857525040511e+00 -7.185704083208773740e-01
3.848478443334200971e+00 6.636456375579328437e+00 3.918334143875501496e-02
3.678726322558205197e+00 5.129770618876174026e+00 4.110140641897652714e-02
9.217081686678058716e+00 5.466758547535130575e+00 -7.636270017078827799e-01
6.304709919577229371e+00 7.020520848225545230e+00 3.003303025359049805e-02
9.623141371358020280e+00 4.461723313934906621e+00 -8.813831428449742100e-01
8.026812454632175076e+00 1.895902601881137350e+00 -8.102803481682654407e-01
5.643774016128584314e+00 8.925970517318935649e+00 7.430086560961424169e-02
6.460002698559047296e+00 6.254914272323701674e+00 -1.442414989276048498e-01
2.621032874425202053e+00 7.960182043352148185e+00 3.499067946125755668e-02
3.629918619493806009e+00 9.373993288119607525e-01 -8.855723802182708937e-01
2.610016010799423469e+00 5.833533249347011562e+00 3.626965831114503658e-02
1.571077393688482760e+00 3.635000885476135757e+00 -7.485026156789009733e-02
2.655815555555650409e+00 2.838051549842034227e+00 -2.565737505734926316e-01
1.670838329999968785e-01 4.371668878580409867e+00 -9.633708304818817680e-01
5.741804421216132326e+00 7.939963751711526463e+00 4.865608702593648971e-02
8.551537709369588569e+00 6.024176252848886470e+00 -5.489842930527185638e-01
8.532045813835022585e+00 6.100506511273848798e-01 -9.885843511808650730e-01
8.917225725681281467e-01 5.614302002769774980e+00 -6.916760173354035146e-01
1.462431538699274780e+00 7.350598696442769420e-01 -8.202103177524080468e-01
8.436758873394376579e+00 7.058666882325094427e+00 -3.917192185153950401e-01
3.688588780931914446e+00 8.186416182286428977e+00 4.140021433967655540e-02
7.949427872715573606e+00 9.776110098827007988e+00 -9.796201338767573930e-02
7.165286500750456256e+00 5.150494270386859696e+00 -4.128216830612281285e-01
6.804470927480491760e+00 9.149485470708171420e+00 6.386331430276870336e-02
6.910807984918884372e+00 4.244505452750368057e+00 -4.950630340915673777e-01
4.377157908508162443e+00 9.893727987695166703e+00 -8.899614243577711470e-01
1.416449924926974635e+00 1.370162011833346849e+00 -6.273695501537224217e-01
8.761283195513346556e+00 2.615482115321483558e+00 -8.061893337382450841e-01
3.430628640869145762e+00 4.136921714919389315e-01 -9.839886195114713185e-01
7.415010184207580402e+00 7.055292404575109089e+00 -1.609604097785140020e-01
4.718218505978348354e+00 8.998330227371045709e+00 1.525024638053906756e-02
4.370475607432012133e+00 2.045617038942817878e+00 -6.885306107562998434e-01
1.255688422917763836e+00 4.815323923081596291e+00 -3.013766825164978513e-01
8.866534292681151896e+00 2.841619379411881585e+00 -8.362741443603446401e-01
7.460554598750977817e+00 9.233800848344776213e+00 5.691561665619862542e-02
2.695737218740013930e+00 7.445849289603251542e+00 1.802150988144246568e-02
8.914554087842478935e+00 3.401112771955878245e+00 -8.253893888040066962e-01
5.786456691734455760e+00 1.062706264944359269e+00 -9.106458996602726508e-01
2.160989197253114780e-01 5.643948990157313439e+00 -9.605973957939824004e-01
2.588187764747608699e-01 5.459452803370187013e+00 -9.464139115758705145e-01
3.652796553901390020e+00 2.052680782950085270e+00 -6.395706785673720418e-01
9.594594854517202620e+00 9.307726676182856096e+00 -5.337068457985809644e-01
4.544750127338329726e+00 3.280559968889051881e+00 -4.511682350944683506e-01
4.058738238723359260e+00 3.998013962000315225e+00 -2.024746673106130324e-01
1.523366346797150772e+00 4.137534264414706620e+00 -1.241973379818901435e-01
6.047211231911319373e+00 5.905769926737646003e+00 -1.283269512246525412e-01
1.515754394382566872e+00 2.092911384580630418e+00 -3.759146641028210389e-01
5.450713101956798035e+00 3.258338335630838412e+00 -5.210537791349916237e-01
7.476005352568336482e-02 3.924271082648047027e-01 -9.270926432995316713e-01
2.722444734668407307e+00 6.187480000391738066e+00 3.663432271578992427e-02
1.961513529496879515e+00 7.902777774012241352e+00 -1.427230443443971986e-01
1.727499237984388536e+00 1.950000048310753797e+00 -4.712912244539855244e-01
1.460101026260735291e-01 5.097180461984854638e+00 -1.000195665091948349e+00
6.638132744455100820e+00 4.870734860940987510e+00 -3.920875449982166305e-01
4.496227337104719446e+00 9.285227296727322610e+00 -1.816551020075745093e-01
8.337027272680854750e+00 1.290569785379557688e+00 -9.048040742070089237e-01
1.517715736318286268e+00 9.685607922798457281e+00 -1.014089233397591716e+00
1.870075420876398997e+00 5.558154595591058289e+00 -4.920829763433687276e-02
9.110741793685024348e+00 2.254015991018503140e+00 -8.780545212844714786e-01
4.469010774626440252e+00 6.659512449339584084e-01 -9.225386856314429229e-01
6.794584336980596717e+00 5.457850938203795410e-01 -9.953496134065702439e-01
5.311989119800750281e+00 8.944581281732023825e+00 5.905531977746147909e-02
6.090931342546465066e-01 7.676611739424954450e+00 -8.705814999993246595e-01
7.754029590778023895e+00 4.306157740430683667e+00 -5.694014304224438439e-01
6.035136138911902037e+00 9.186951799517235173e+00 7.367687249501009283e-02
4.084175147756983648e+00 1.263595306127788254e+00 -8.191190103145538082e-01
6.085633323061635735e+00 1.193842191784461715e+00 -9.066604957006694221e-01
1.943574346709270317e+00 5.611448899106906474e+00 -2.694065604040307704e-02
9.566875812959443337e+00 2.401287533091084059e-01 -9.800682940983405089e-01
8.056094641180603588e+00 7.466056752281645004e+00 -2.112205325426865787e-01
3.266988656848454742e+00 2.667737532536755829e+00 -4.316655003246165911e-01
9.541896849617153009e+00 3.229628714626352703e+00 -9.951724395977045168e-01
2.698522335314930132e+00 2.786636026975322644e-01 -1.000581192185125090e+00
3.757113686404482067e+00 8.412470589606433791e+00 3.874770467652477457e-02
1.919157637357185586e-01 4.508194365337646836e+00 -9.526391026898526349e-01
1.819233039302487143e+00 1.487012186768594812e+00 -6.407887727662675559e-01
2.178668888047828656e+00 2.055275821975540484e+00 -5.118088098571420552e-01
4.008374996500064569e+00 8.118720673400515508e+00 4.189042380639840246e-02
7.314786538466124810e+00 2.650414099239970067e+00 -7.259731738650989641e-01
3.165148857181641073e+00 7.900519675916577889e+00 3.705120915647341917e-02
4.679075034385618004e+00 3.169174118769316095e+00 -4.845640187228064111e-01
1.689346764282665392e-01 9.754537398140632476e-01 -7.842316821467529842e-01
8.164619405139054820e+00 9.144075510903315163e+00 5.928312042984756891e-02
1.391178591338200210e+00 4.904192713493949363e+00 -2.322726713518257213e-01
7.491453005576481639e-01 2.356805210600207534e+00 -4.996862276648945667e-01
6.512117997134474479e+00 8.323883846661910724e+00 4.875255079418505666e-02
4.068893963459319640e-01 5.914264701967124616e+00 -9.132585515853310909e-01
2.719016874465620237e+00 1.570061355398926883e+00 -7.107957757735237081e-01
9.166722448420562941e+00 5.115248691842442241e+00 -7.379868798291042697e-01
4.086999385968677956e+00 9.261251487211007216e+00 -2.534854313198442455e-01
9.000383642433245068e-01 8.976205033353624074e+00 -9.690464884282539160e-01
6.855683187109172794e-01 6.599282530202653874e+00 -7.115645324840613739e-01
6.882022764630264966e+00 6.386252525007607872e+00 -1.868145729304007130e-01
7.783359040176776045e-01 6.051051029712658291e+00 -6.956939326660407374e-01
6.176864488125612063e+00 9.311961272385204325e+00 6.354275212111337723e-02
5.876618170067717806e+00 2.347566540577081945e-02 -1.006663609690359396e+00
3.481872670901973610e+00 8.879870510360301950e+00 -1.156414700688546127e-02
4.001981061516968197e+00 9.792423177453008165e+00 -9.902627847946897655e-01
4.647858087022227913e+00 2.524700628744065423e+00 -6.105454137215959864e-01
8.544526482649043686e+00 4.685173580809764537e+00 -6.502686697451415254e-01
5.561862206505177930e+00 5.168003959348452803e+00 -2.234112911809589264e-01
1.680489765710064365e+00 4.894613818807249217e+00 -9.340126841976292837e-02
6.346000805252083765e+00 9.253318086701211698e+00 7.775123917264559203e-02
8.606392641603166638e+00 9.240452018505887821e+00 5.447368246559325389e-02
2.437069647282445128e+00 8.469206665677294410e+00 -1.029456200059675197e-02
4.269023709907227015e+00 5.984849656505595306e+00 3.613834244165659015e-02
3.042226216042647646e+00 2.324706462924301942e+00 -5.194684403672154005e-01
6.610415187988024854e+00 1.890564406460500280e+00 -8.018628201406950984e-01
6.697478716890353567e+00 2.599888348760828638e+00 -6.977121873912770500e-01
1.126810548758115926e+00 6.052350267840043152e+00 -5.120347233220439165e-01
8.060951938530700467e-01 8.473802671978244661e+00 -9.605050775766761362e-01
3.244319607393842286e+00 2.868574574305715164e+00 -3.614030552377771599e-01
2.045009894340207524e+00 6.042672456650385548e+00 -7.123042853256045248e-03
1.160984603831107520e-01 6.928362059774428872e+00 -1.035271869750677975e+00
9.055902696957467413e+00 9.444586606297162845e+00 -1.645591538559856293e-01
3.531921621668431488e+00 9.625463959993346919e+00 -6.756461323335142266e-01
1.674249992932723474e+00 6.909072721200470113e+00 -1.963245880018957834e-01
7.774544976872390656e+00 4.097603991031847137e+00 -5.906356872613995890e-01
5.188899684601170348e-01 1.081357355758936434e+00 -7.317000459198654827e-01
7.793994024099763607e+00 4.929827134025305035e+00 -5.112851238807075704e-01
2.746383627400716954e+00 7.809972514698928947e+00 3.365719541245582036e-02
2.723834368828079278e+00 5.789112106221771192e+00 3.813487854597408244e-02
9.553258882765092164e-01 2.803785751720444086e+00 -3.672737152366356561e-01
9.491765699150155555e+00 6.346288796057358184e+00 -8.545392243622218498e-01
1.506678919861347499e+00 1.501565402923727310e+00 -5.939482021998121475e-01
5.899895023903797053e+00 6.630328164005699909e-01 -9.841771229745284177e-01
6.451290374317281362e+00 6.808237066468315390e+00 -1.493056891644539697e-02
6.302629685470047427e+00 9.250348668073563596e-01 -9.843351068943485549e-01
9.504163968056055012e+00 9.506291251651417085e+00 -4.056214597229095276e-01
2.272629824806371435e+00 8.518360736798300081e+00 -1.231968581398299456e-01
7.336427326024140605e+00 5.821387422164232106e+00 -3.495003372359817284e-01
7.483610629017402260e+00 9.874396124973891631e+00 -1.911019199883565722e-01
8.502315765292433269e+00 4.854794614476565684e+00 -6.278627173082759194e-01
6.031485887188128281e+00 4.937469096935000579e+00 -3.202406746012773642e-01
2.724011603499509437e+00 4.679227072500954598e+00 4.301494015348650279e-02
4.270583397407690107e+00 5.082973158967045713e+00 2.101716312335266679e-02
3.750304837805310321e+00 6.750284843091336917e+00 3.934704040720315987e-02
4.334565012460028122e+00 7.608072808479091620e+00 4.055004915463378268e-02
8.691918696145162215e+00 6.819531206203648388e-01 -9.906540043870977197e-01
3.035578179828604561e+00 2.066587958152358961e+00 -5.989202345140309802e-01
8.545199265568172109e+00 9.229194809059171334e+00 6.093549467929870733e-02
7.602840858489703812e+00 9.727618616369669569e-02 -9.972184409528170868e-01
8.245810385549543042e+00 1.143321705495156104e+00 -9.192404334382133779e-01
2.361300726669238070e+00 5.932624102551478096e+00 3.189998942310712238e-02
7.510714983274906942e+00 9.587324029323003316e+00 -1.547955223649938317e-02
8.711773179574095138e+00 3.656299419012477792e+00 -7.542481932785393139e-01
6.776733707800850937e+00 8.076868530598790841e+00 5.105195575599186242e-02
3.031354521939353397e+00 8.899503029783270236e+00 -9.272656360306097412e-02
6.453976196836155310e+00 4.344307598616329535e+00 -4.432478528556564878e-01
6.036638697691516064e+00 7.370835238695956804e+00 4.555497041542611036e-02
9.156676647253650714e+00 2.716580947528393075e+00 -8.981202576590985309e-01
2.413031204716850286e+00 6.317254617063743360e+00 1.448671141007817909e-02
6.051167737339352648e+00 2.476519478767510218e+00 -6.823184478911328288e-01
4.107985648276700097e+00 3.494272278807557974e+00 -3.567815844766641931e-01
7.285756058993139384e+00 3.668709516057782505e+00 -5.900292893612264500e-01
3.436169249806777959e+00 3.153880419574182525e+00 -3.121106703549156869e-01
4.481287491599253436e-01 6.197086833183583998e+00 -8.778578725854897513e-01
5.228418315545973805e+00 1.228095699255355777e+00 -8.705309084983897661e-01
8.455375872765312550e+00 1.416465462549313159e+00 -8.955964646975831389e-01
3.171552642559203883e-01 6.665161200173115752e+00 -9.516586354597542652e-01
4.570336227995269951e+00 3.942778166772498150e+00 -3.269745650372590795e-01
5.684902649089031534e+00 9.878663678990374564e+00 -6.852775636337570253e-01
5.698613200509986543e-01 8.037171950510479945e+00 -9.429950629186238942e-01
3.866224377335591100e+00 3.158486979967906283e+00 -4.080693398182035914e-01
6.529488837976971993e+00 4.857829290604539274e+00 -3.830025473049030182e-01
8.990563289161588756e+00 5.274349473662781840e+00 -6.936189232312488517e-01
4.752977653216333032e+00 3.396111641127496750e+00 -4.484385852745469414e-01
6.949716428296918380e+00 8.319683607789368551e+00 5.181280146857303315e-02
7.981675775108200810e+00 3.484914829095770550e+00 -6.625302074297274579e-01
3.263646835467494789e+00 6.984111497654721390e+00 3.960745838426404930e-02
4.430939064783744108e+00 4.470657250115668724e+00 -1.585411295243490670e-01
2.984929105081973066e+00 3.367489695719627196e+00 -1.392174460561745875e-01
4.749165112015437451e+00 9.844861972229969282e+00 -7.413451570388253087e-01
3.392245780129958810e+00 3.462823598301112971e-01 -9.899754489113922196e-01
5.546496791250846492e+00 7.426714381476404725e+00 4.599079697264985001e-02
6.951432906813251655e+00 3.596137238361315713e+00 -5.771508015027445593e-01
9.815422495838168615e+00 7.461316957951122042e+00 -9.902640788660604931e-01
4.197949187512961977e+00 5.003062903567143671e+00 1.971852690103048644e-02
3.775816179927527827e+00 8.828095036865496681e+00 1.037974798926910580e-02
1.337173086593609339e+00 9.384244755779011626e+00 -1.006226763394651336e+00
3.045088278240566382e+00 4.882480997968750458e+00 4.368209905247377733e-02
7.407181011380521873e+00 4.187235517909723370e+00 -5.477872540645718491e-01
2.691805461577119640e+00 3.700123821846004191e+00 4.819812480971741309e-03
8.696760680102341823e+00 6.596751622534496873e-02 -9.993165937584151948e-01
5.020275881841160803e+00 3.726501678772451864e+00 -4.175642801564087847e-01
8.545564465603849413e+00 8.262530391281741160e+00 -1.827993461397672825e-01
4.511666523663535600e+00 5.268459552581497007e+00 2.279020242453322354e-02
7.967129509417220090e-01 7.389943949436386994e+00 -7.384096272949616235e-01
8.033367704035306645e+00 4.512043833732700682e-01 -9.829685724303082184e-01
8.822250111338863832e+00 6.522542267644034553e+00 -5.585039390160390083e-01
6.241601680539877961e+00 4.166861089902627491e+00 -4.498637183799170103e-01
8.346430611539604527e+00 5.670775913172984017e-01 -9.842601610288064240e-01
8.824375422148799331e+00 2.120393055100294077e+00 -8.270964205052064866e-01
9.036356676159970291e+00 5.937357342830528850e+00 -7.111292082884230759e-01
2.239192526453107845e+00 6.433609894030345444e-01 -9.033987743150035943e-01
1.438438383223985539e+00 4.629419012863171368e+00 -1.920618580109003659e-01
1.704326518008565161e+00 4.826589310960192059e+00 -7.892575749515362560e-02
4.822009102018784965e+00 6.118237604987916356e+00 4.062205329010026844e-02
9.899146448854740044e+00 1.700545239772548012e+00 -1.007744375266999448e+00
7.326479054372482480e+00 2.973032255266398055e-02 -9.998590446252451081e-01
7.037510534386517413e+00 9.449711316921341364e+00 3.185752686158072056e-02
7.895440836995616607e+00 8.268233757479411139e+00 1.309769632703763897e-02
3.912272084273851203e-01 3.557353990487264639e+00 -8.034117491248418119e-01
3.940771303189351205e+00 1.989623668075206187e+00 -6.706423241049115358e-01
1.460322302519755588e+00 1.940112670285097263e+00 -4.285833435104544620e-01
9.402160117332394762e+00 6.482466732485239191e+00 -8.037658791189470353e-01
4.981250035766582762e+00 6.424803265647787143e+00 3.906418722094118223e-02
7.365771753887050188e+00 3.193372376737768192e+00 -6.448670260456987879e-01
8.454248021190215567e+00 6.789295973808420648e+00 -4.302001104609758930e-01
7.825045179671814566e+00 3.794552585624148655e+00 -6.185768914497100646e-01
1.337060787803279194e+00 3.287182292750997714e+00 -1.554015549898566384e-01
5.804756193139049003e+00 3.798555506369524437e+00 -4.685362503832986025e-01
8.741541888467137866e+00 6.789315530462787684e+00 -5.188430346118590997e-01
3.073101371471322896e+00 4.453618328896070011e+00 4.273100767463899885e-02
2.189103110440316691e+00 2.837085643487757824e+00 -1.682721428799851537e-01
7.507786876710209611e+00 2.326803806350956627e+00 -7.737430219106339324e-01
1.360637595528406685e+00 7.924155665612526711e+00 -5.602323802525255303e-01
9.302828279151755808e+00 9.291480579888684588e+00 -3.432871016688818777e-01
9.848025183639930180e-02 2.626349439914300365e+00 -9.453637464008610714e-01
1.318737037866500650e+00 7.443120853718458996e+00 -4.316908650655140178e-01
6.826088431818356561e+00 5.245255295120995420e+00 -3.657352826364161924e-01
2.564971649412505883e+00 4.014743825784006681e+00 4.251414027059308154e-02
3.206371419939817891e+00 2.973879987541564240e+00 -3.186947647015712093e-01
8.190606893773969333e+00 7.513004327578766350e+00 -2.375911122869540648e-01
3.614378145288109856e+00 2.796420111082105198e+00 -4.523107196393030272e-01
7.570032972371287805e+00 1.115641074574041269e+00 -9.030231085818578585e-01
3.114328755630457746e-01 2.094688650510361683e+00 -7.211656847000371684e-01
3.476970458601992553e-02 3.203270348306738402e+00 -9.346901584350706393e-01
2.478521411674522223e+00 1.717127499180520989e+00 -6.506788854965783742e-01
9.156045709203901595e+00 5.482917311092929680e+00 -7.462094083951430479e-01
4.051004306240393760e+00 8.829328921775858596e-01 -8.754970849482206496e-01
2.406598085040209667e-01 1.669424412441825822e+00 -7.185902945766651229e-01
1.011547911740749761e+00 9.027608778491757135e+00 -9.575246602529632334e-01
2.617755528359624773e+00 5.129927009502941004e+00 3.897628017237764197e-02
4.918167538100094660e+00 9.616073179848156016e+00 -5.115443448575849317e-01
5.873085663026961001e+00 8.742375388253112334e+00 5.388414305545219385e-02
9.786739007029698456e+00 3.298226751470464402e-01 -9.749490939654401611e-01
5.345887521838156964e+00 8.954617411828325046e+00 6.229694352545900315e-02
6.292627103723623883e+00 8.556638286503449820e+00 4.999836692118853065e-02
7.922440574767206201e+00 9.509052797845340521e+00 3.553714339264946176e-02
8.904052998166418931e+00 2.112167260442367134e+00 -8.443308448235063990e-01
4.077807187803358602e+00 6.144915257613829063e+00 3.563229877601026274e-02
5.314726882799224228e+00 4.050669299547415392e+00 -3.946576523911811130e-01
3.214806884948924637e+00 4.057386576394626410e+00 9.111302608913796064e-03
1.774906421236742249e+00 6.376241419672920019e-01 -8.631101052780307814e-01
1.591822203411956904e+00 9.718082634970691913e+00 -1.008833721241770842e+00
6.143081127852475731e+00 2.013063892401715460e+00 -7.457224122469243710e-01
9.741770093919808193e-01 2.743521991016149464e+00 -3.623580659855294428e-01
9.649609775092267583e+00 1.712579375534014348e-01 -9.715011545521262670e-01
1.458698092672319646e+00 2.856465811827854751e+00 -1.368895188540650842e-01
7.423356314175560300e+00 7.471367135214708632e+00 -6.554804827758242691e-02
2.650707057949548417e+00 8.204163095474631406e-01 -8.878542750991802457e-01
4.966644319577889100e+00 1.327553958647354371e+00 -8.486165032064233449e-01
2.272964492377632428e+00 5.791608876241726378e+00 2.757262842690710869e-02
4.345300711787430714e+00 5.643752037904754104e+00 3.668757411130840751e-02
5.403720934900305473e+00 5.952109535190820644e+00 1.670158981706570955e-02
7.655434579784462734e+00 1.675660605138956871e+00 -8.338727596599724290e-01
7.358014775762190318e+00 2.297720207863090280e+00 -7.763989288332282523e-01
4.767096499228110851e+00 1.753575565413114878e+00 -7.589998192131082178e-01
8.152184564356076635e+00 7.823891645253924665e+00 -1.567230877231738928e-01
8.822360821776641160e+00 1.454326202886443209e+00 -9.249764354680525269e-01
1.093284619506749378e+00 4.587973013412962153e+00 -3.908749498931074484e-01
1.866379207086197978e+00 8.153193553599345833e+00 -2.726782512896641641e-01
1.729567543881251668e+00 1.126229985669903177e+00 -7.351993198070116975e-01
7.211191776729360292e+00 7.779446910480698030e+00 3.288600091650817347e-02
3.060106370813551191e+00 7.579141816051333969e+00 3.717056036131483054e-02
3.468307331903165647e+00 5.155507193137418120e+00 4.096081234071569099e-02
9.379455316604516923e+00 9.742396808556939902e+00 -3.807009275768054035e-01
2.349283580468574328e+00 8.043361309211929822e+00 -8.161302563202355032e-03
1.949729414864590282e+00 9.376675029343645162e-01 -8.083435157572851359e-01
2.834721161712729476e+00 7.833477614938068712e+00 3.281133493348198371e-02
5.329505129131123509e-01 6.262669881034121033e+00 -8.134890453382226383e-01
9.082838434246788495e+00 1.421547013522008740e+00 -9.562221590872896915e-01
9.135960190247375934e+00 5.466639630682164075e+00 -7.381699450375304172e-01
9.319079390752735392e+00 3.619814044003154763e+00 -9.051858506444941943e-01
9.749126368116499464e+00 4.696705417871426924e+00 -8.967528832732793997e-01
4.367094448233325821e+00 5.719585076003147250e+00 3.658144112723782371e-02
5.504617861508265264e+00 4.368983122522305251e+00 -3.607251022511461791e-01
8.631797572243765870e+00 9.080788422069742127e-01 -9.698447142507153895e-01
8.645534440986223146e+00 3.797882216030276314e+00 -7.301156091884974941e-01
6.853780169199366057e+00 7.519638769447899662e+00 3.000954599878724594e-02
1.295974362611711950e+00 8.983464184235256056e+00 -8.770307818624325513e-01
7.373701235756227490e+00 1.786788427966322867e+00 -8.335641126495272335e-01
2.415939210146657301e-01 1.825718743820420542e+00 -7.212964494049671771e-01
3.497762545768885012e+00 4.766726859164004182e+00 4.245125808142624635e-02
3.227227386165270051e+00 7.588047751031840704e+00 4.026307206873669386e-02
7.739327978224997295e+00 1.404539024347134735e+00 -8.648806464254467086e-01
3.694476943387230428e+00 2.052159217790809453e+00 -6.423665645975884519e-01
9.604579268014095561e+00 4.900668566831846817e+00 -8.635306455415002747e-01
6.899298193154220771e-01 3.609897463109381199e+00 -6.088276473064313521e-01
2.532125387709736053e+00 7.389164856601486697e+00 2.128326830063542729e-02
6.410366050736891808e+00 2.825127366215051783e+00 -6.492755546416220103e-01
3.354266267435050963e+00 3.302243349039904352e+00 -2.454287787752229555e-01
3.372454535337003900e+00 6.909964348771148401e+00 3.978638504483633653e-02
3.947732541189199029e+00 7.491328321805376333e+00 4.118618535320983653e-02
8.216417990053374254e+00 9.345206698946585178e+00 6.043700721612843552e-02
4.587500858941846893e+00 7.282402614587016210e+00 4.063149657989439945e-02
2.764857325890588413e+00 8.746552984158745048e+00 -3.311300667731065239e-02
1.580094019084995471e+00 2.136553517181982720e+00 -3.699970062766437806e-01
4.727918243225597728e+00 3.637907723649997038e+00 -4.034868021245290315e-01
7.848669452730379081e-01 3.297486778466742319e+00 -5.051731499372160705e-01
9.217993376182727516e+00 7.293081049840782093e+00 -6.678349934108358532e-01
7.388999281101784611e+00 5.144019377995708631e+00 -4.382035879219037255e-01
3.982877364621780991e+00 4.745518998868207383e+00 2.363725143907835502e-02
3.879089589484411515e+00 8.910644942576594119e+00 -3.102535972908437856e-03
5.218755894763200232e+00 6.390819955611223513e+00 4.008180168411801247e-02
5.826726188962885189e+00 6.670956488751546232e+00 3.043031978469312726e-02
8.990771577041570595e+00 7.983241883522222970e+00 -4.548811989276291268e-01
1.269633058522940061e+00 3.929592927153755078e+00 -2.514937768908787064e-01
7.240033285668957319e+00 6.296168928081642413e+00 -2.623087586890198164e-01
3.118966716640328318e+00 4.958603143743405717e+00 4.335122563212490121e-02
2.514557630875601912e+00 5.036260039441548209e+00 3.804806004781635664e-02
2.953915643888707976e+00 2.329540613548778172e+00 -5.104330047598013564e-01
1.161436749378484290e+00 5.739632334769292576e+00 -4.860148509458239729e-01
8.970990210956040656e+00 1.062907574114304143e+00 -9.773334818895234033e-01
9.583522886806823848e+00 6.905418045502634605e+00 -8.572494379464781211e-01
6.585163538191356913e+00 4.579643588840616175e+00 -4.235532234908168103e-01
8.686904218347825335e+00 4.428410876222578452e+00 -6.976721841581587924e-01
7.905547085424855958e+00 7.453816011563962896e+00 -1.764904989381176348e-01
3.423136738117516398e+00 5.376690791348052834e+00 4.006675444883667225e-02
2.244127262134734124e+00 2.780623969940867912e+00 -2.009412105143573157e-01
3.880357564317387098e+00 3.715664002412189415e+00 -2.405167044154299383e-01
2.341817566036462406e+00 3.747316902498296187e+00 4.018661871868056679e-02
3.703462983944461051e+00 3.872097823847831854e+00 -1.454813104487553410e-01
7.767288775341437912e+00 2.708088137275876495e+00 -7.383046662586110198e-01
8.440523691382729510e+00 7.206521882768229581e+00 -3.701066399902064319e-01
4.227132986187721819e+00 2.836939347258294664e+00 -5.193115646103447780e-01
5.292014348043295513e+00 4.400789601199289081e+00 -3.349184672014979824e-01
6.669522075159428631e-01 1.256172609812165053e+00 -6.822994981789685109e-01
5.585065502897298417e-01 8.757390598809156046e+00 -1.003418255530900360e+00
7.003406015256449457e+00 1.353374737037224218e+00 -8.924967030344149732e-01
2.282739143309139518e+00 3.277097184594799817e+00 -2.466808746268656094e-02
6.351906053787411466e+00 3.582494946249901613e+00 -5.404423608801747214e-01
8.856164258171499881e+00 4.355464653916317985e+00 -7.356848597165752679e-01
2.047483283004751797e+00 3.297693648111386100e+00 1.404794843910606161e-02
8.192936451384676744e+00 2.063618244671608704e+00 -7.931215271736626882e-01
3.252937635601486743e+00 5.745059997376381844e+00 3.723096331471165144e-02
6.894843788901119375e+00 6.184583097268464336e+00 -2.317367567770416414e-01
3.556001113822675475e+00 8.041727559662996683e+00 4.290688290083455314e-02
2.296212027377297904e+00 6.686497861490297012e+00 1.711892221121402713e-02
1.940397310828380073e+00 6.301923774675398882e+00 -5.571547191478209982e-02
9.663096092406902926e+00 9.256029138890685459e+00 -6.013168395841348435e-01
6.136595742015242827e+00 7.542348261143472676e+00 4.312290501299909096e-02
9.073076000370821959e+00 6.071816592718821681e+00 -7.100473021646387384e-01
8.127092520047073165e+00 9.895207396501565000e+00 -1.913751793519173905e-01
5.716690250424809605e+00 7.161767596967254512e+00 4.355152896579173039e-02
1.628680274378950577e+00 6.234708593631137497e+00 -1.985308129080287642e-01
3.102547168357887131e+00 3.976467507648368205e+00 9.068387408204259259e-03
6.573263514305733857e+00 9.898345028214704300e+00 -3.361561594829056698e-01
3.664670668756085270e+00 9.838363338005313707e+00 -8.866540808448244437e-01
7.005029355468956886e+00 8.357864737463228666e-01 -9.688082427864485036e-01
7.446342344962330273e+00 9.020356358156250920e+00 5.392583078578197520e-02
7.529602559566030529e+00 9.627351661327278265e+00 -4.319094790562233444e-02
7.450457283315146562e+00 7.976691075116554508e+00 2.234029570856777003e-02
3.765152447277207770e+00 8.245655953316834541e+00 3.956149037018752423e-02
8.228148684396739299e+00 5.526971964528382131e+00 -5.227859592744236172e-01
6.471255259982886976e+00 2.402206522698778102e+00 -7.111998815263399498e-01
7.186097449790261216e+00 7.282296583429594072e+00 -6.049391652933344687e-02
1.393181167889758099e+00 6.586398203573731180e+00 -3.304458204479328032e-01
2.863147548605953219e+00 1.166163798722290590e+00 -8.151489589017275605e-01
2.294751884767725958e+00 6.899965437233380960e+00 1.944521168357793428e-02
6.184439598219571899e+00 1.862348450124519328e+00 -7.742284478155800898e-01
9.550231532548336677e-01 4.258555983509815235e+00 -4.735443229667222198e-01
9.550192634504147904e+00 5.050457904988006064e+00 -8.500221857560978922e-01
4.707482644786448844e+00 8.546905453052323409e+00 3.320851674238567419e-02
6.617545293519610183e+00 3.841069107088100676e+00 -5.245506628572853547e-01
6.328136991818239521e-01 9.655394108235121564e+00 -1.019761312503868256e+00
2.706347005573788600e+00 5.708020268299777378e+00 3.831339824150159501e-02
2.170246418210914907e+00 6.653255247961414653e+00 3.694356546229293770e-03
5.938871019362432335e+00 1.008898388788620037e+00 -9.334425230407172869e-01
2.764698102564273618e+00 4.296454697976846759e+00 4.308750708708597443e-02
5.766259111606691912e-01 9.369766893513109096e+00 -1.010535672936804685e+00
6.111948730077304326e+00 4.775666570128245247e+00 -3.526867137703351140e-01
4.255821622511740898e+00 5.841153794456420689e-01 -9.286202019413333231e-01
9.531609527739973942e+00 6.943135265331164874e+00 -8.358482443396596517e-01
9.139543466531794280e+00 8.493331967114931658e+00 -4.441339359626812477e-01
5.736014857417233159e+00 7.373129518656344139e+00 4.504397363128043175e-02
1.737704430964010616e+00 5.852823009523214992e+00 -1.271586176167787130e-01
7.596332561756959478e+00 9.204659810342880277e+00 6.022923706739073679e-02
4.246482541266229482e+00 4.653755145414628203e+00 -5.330461325672075645e-02
4.561597544766883949e+00 4.423587288042726051e+00 -2.072144077860711420e-01
5.130586991805133890e-01 2.500388416087306886e+00 -6.635302219170151616e-01
7.305080878170620018e+00 1.672119577355385189e+00 -8.498576014006102852e-01
7.200389587289127924e+00 7.446818911665413765e+00 -2.695142841458886274e-02
2.775602127968454624e+00 7.162004316974200258e+00 3.722904619021694117e-02
8.261607067263250670e+00 9.540057086766189354e-01 -9.436353397987650160e-01
9.755577332377772137e+00 8.176573973086327385e+00 -8.426488206368196732e-01
4.275263626012731355e-01 2.571456466602772384e+00 -7.302224956800276168e-01
1.378224975957408560e+00 3.574512685203380613e+00 -1.597887447840449227e-01
9.372216461499416340e+00 1.220351532148399754e+00 -9.897581751460873267e-01
6.392111851041541115e+00 5.221953462601577556e+00 -3.197946794438022433e-01
1.684307460149200575e-01 3.317159092882678184e+00 -8.891997970836151843e-01
9.284299581030468484e-01 3.586067443102990637e+00 -4.398509705137074732e-01
7.378747885402133555e+00 3.689102258601756557e+00 -5.941487584722187076e-01
6.777097537402115845e-01 4.103801063285315465e+00 -6.601487799162661929e-01
8.717328767213171403e+00 9.341520360615659158e+00 3.649223087827535572e-02
8.208913709331504549e+00 6.389958206946654506e+00 -4.214273461896897999e-01
3.162159264507314882e-01 4.263148300745694397e-01 -9.225301882754837202e-01
8.885509321985813003e+00 5.949520611549967697e+00 -6.560058334287495185e-01
1.315458765444350808e+00 5.997683603173769029e+00 -3.887244728951344541e-01
7.279807311523458502e+00 2.531788683226650072e+00 -7.412115017558564833e-01
9.118622863680094781e+00 1.683091326033170354e+00 -9.387481962222223864e-01
3.903629319832131461e+00 5.977491271772052528e+00 3.651135586301101910e-02
9.786975235409199669e+00 9.167138893967170521e-01 -9.957381425920432960e-01
4.162973270864569919e+00 5.838596862988904013e-01 -9.277376925624248871e-01
3.006303908289609694e+00 9.752235561660148377e+00 -7.473031720411843493e-01
3.115463374408300012e+00 3.660249564788453092e-01 -9.992938619479594387e-01
3.158909584302156404e+00 9.856361537352304580e+00 -8.129124902137453423e-01
6.594777154703552746e+00 7.737442374808098933e+00 4.893882679995642526e-02
6.799630920269629009e+00 7.621325322273621694e+00 4.149572765430087351e-02
4.369737112374223464e+00 7.002895157939335924e+00 3.935896482395806473e-02
2.827815184253376746e+00 1.418952597868800902e+00 -7.556984384560134771e-01
9.112232395731520995e+00 2.927660382830837626e+00 -8.951910207352757887e-01
9.098624347355542596e+00 8.779029769984280307e+00 -3.406389256628485906e-01
9.837725758625945005e+00 9.827328125705404815e+00 -3.629312403956368449e-01
7.133192961090611739e+00 1.561320814533152523e+00 -8.695730573836478738e-01
3.149471695810817096e+00 1.853064356711813243e+00 -6.620571989530021906e-01
9.301860713747716503e+00 8.754563453073586743e+00 -4.959619035652546026e-01
4.621426268110795377e+00 7.624599935927175665e+00 4.038729340928037814e-02
1.616598053197458640e+00 7.250507034071954848e+00 -2.437550337643186182e-01
4.060183587519160753e+00 6.869507581286224074e+00 3.946291288914061113e-02
1.659564761281623335e+00 5.042484349587547321e+00 -1.118414116243817702e-01
1.387366688515103696e+00 3.224101183898364198e+00 -1.251799842125316253e-01
6.125818171886054930e-01 5.280604174335979728e+00 -7.789866747899569788e-01
3.827471670167549966e+00 6.657593009346367552e-01 -9.221618666641753226e-01
5.189922317100670313e+00 8.663851526541527237e-01 -9.225987541547435722e-01
2.745285880391648448e+00 5.248652200990333583e+00 4.029445568475864548e-02
7.962272365772972371e+00 9.726564510278806752e-01 -9.293373323351482584e-01
1.219786435413432013e+00 7.447639303889881823e+00 -4.919676663745371492e-01
9.738329762531870770e+00 6.533995957724938464e-01 -9.904221226415214074e-01
6.429550283899633456e+00 2.372985215339905363e+00 -7.124020400815680443e-01
5.101552099718129618e+00 3.115432017080152605e+00 -5.222511222904560046e-01
4.995545564303220054e+00 9.603497500705021395e+00 -4.875457545534509496e-01
8.435309486069826335e+00 5.838029364268630061e+00 -5.394689556389001828e-01
7.255753318543638919e+00 5.442863341241106490e+00 -3.882475033901431338e-01
9.690073328291914478e+00 1.856940441892080962e+00 -9.985544969221362699e-01
4.811958617500750712e+00 7.989134326422144383e+00 4.108220386377858802e-02
7.600478774111482316e+00 4.475348857426538096e+00 -5.351105207379300843e-01
7.734560464458674289e+00 8.400886703506992959e+00 4.740362903164058173e-02
6.545502462912809349e+00 2.836651090251112173e+00 -6.552147572942751408e-01
6.923749351479741243e+00 8.433682297176835263e+00 5.064838478527011745e-02
2.643009664247195190e+00 5.112954626187852902e+00 3.940640888064272929e-02
1.369974384624299268e-01 5.701987358784474047e+00 -9.811494602759314176e-01
4.809561595506872678e-02 2.670687149176002029e-01 -9.537148492879072847e-01
6.276816646549153056e+00 7.776312975547802431e+00 4.423886866427118036e-02
8.461377640860233029e+00 2.571243091517390056e+00 -7.692595293160215952e-01
1.128729607262373813e+00 4.739674830657542692e+00 -3.723873412727183307e-01
5.665434331661787226e+00 7.611071071654448517e+00 4.698848248669817984e-02
5.303209948738338397e+00 6.598352088106143931e+00 4.109313383771473482e-02
7.967096524472061070e+00 2.489543720987297704e+00 -7.588844688443507902e-01
5.976349238680187526e-01 1.407871796386400698e+00 -6.606025778969608631e-01
5.232249731114056779e+00 8.203779251686112772e+00 4.927220607180937684e-02
1.172214618081473425e+00 4.647787505022816568e+00 -3.435718459993992724e-01
1.468997565848254805e+00 9.545529611949406856e+00 -1.013161486268058686e+00
2.638664685040286617e+00 3.460379396788583195e-01 -9.958320986791235896e-01
4.417129274445145803e+00 7.777223667647315430e+00 3.915906552168291199e-02
8.266777049869432403e+00 5.255363896824024605e-01 -9.842342093490001886e-01
2.465708301269731617e+00 9.497727199383634300e+00 -6.826234057184259463e-01
4.785135645405247384e-01 5.151216271018808968e+00 -8.405177154476692891e-01
2.637400545302726051e+00 3.660861879697856480e+00 5.606272829753677911e-03
7.489977410558569026e+00 2.314643542089973860e-02 -9.988030598791792780e-01
1.329674797405403286e+00 2.240661454146198217e+00 -3.157862977642995617e-01
6.964829156233039775e+00 5.060134831365706631e+00 -4.023037437442376074e-01
9.618746013020286867e+00 3.364077280201721587e-01 -9.828727207950695988e-01
3.297483746563838913e+00 9.551249608590616225e-01 -8.984920362632813351e-01
4.113958917571463481e+00 9.715406398819489198e+00 -8.724064303000793608e-01
9.619006750099115877e+00 3.947679402719350250e+00 -9.265521192562948816e-01
5.558194513139578241e+00 3.318051704071269814e+00 -5.199047631401452207e-01
6.856545658254654008e+00 4.647382296154330739e+00 -4.394822091768737504e-01
2.040187685556462682e-01 4.933858022387210163e+00 -9.989374198962366336e-01
2.725749617939993819e+00 7.347704541737601680e+00 2.476207486401538205e-02
8.625745784942305150e+00 7.512393420248052678e+00 -3.779615658645135157e-01
8.610797891912344681e+00 7.890213877135581200e+00 -2.987854397673662676e-01
8.576904498674039701e+00 7.992330963820736933e+00 -2.625990625964850222e-01
2.008877402812047908e-01 7.774965443735654347e+00 -9.942148331817470819e-01
9.108742568551306817e+00 5.010957338662458405e+00 -7.332894416126917170e-01
2.594258163799519235e+00 4.966784948423947910e+00 3.917949389493724510e-02
1.090439626467508694e+00 6.056037320539111590e+00 -5.341770274346444580e-01
5.376447121931619222e+00 6.976801348490877963e+00 4.506111213173813468e-02
6.475146547066664482e+00 1.275346870899680463e+00 -9.193366547269463673e-01
2.114651813252022006e+00 4.292946445246039744e-01 -9.295440860464960764e-01
2.533420546727993106e+00 3.082916487855061227e+00 -1.387763503623107297e-01
8.283830619898017389e+00 9.488976636114884400e+00 6.655953354592025750e-02
9.077513580265270221e+00 1.316399814775960575e+00 -9.638499583968828111e-01
7.114379043297525129e-01 3.417620579637182798e-01 -9.308497314687993462e-01
5.771245571507622962e+00 7.929740597351329079e+00 4.838980734168263353e-02
9.873264347611307556e+00 3.206049915181721222e+00 -1.019114916765515133e+00
1.304052616580920088e+00 1.824273838207196352e+00 -4.548974803355547714e-01
4.019531287889257953e+00 2.594139623731889777e-01 -9.656878167748157438e-01
4.820381931496480199e+00 4.379993527644870377e-01 -9.613309954975903793e-01
4.582845084951792991e+00 3.835539854789805414e+00 -3.492503794988004451e-01
8.656495649055534258e+00 9.633525864540965600e+00 6.931081026340146778e-02
3.108769887614450944e+00 2.737563056566274522e+00 -3.809622820764011486e-01
7.144420537017952988e+00 2.983772977160572104e+00 -6.659402126993940740e-01
4.075027309777706108e+00 1.075902040425938955e+00 -8.548945006963368787e-01
5.392543299306324478e+00 3.265819466975013352e+00 -5.158071222742013351e-01
2.559163155413588076e+00 9.683653567446004473e+00 -7.732362942915061987e-01
3.134383379436681771e+00 5.316298508583174431e+00 4.109270003579101882e-02
4.373835583334953370e+00 2.666743770085993059e+00 -5.655519580575374405e-01
3.555065187382680403e+00 3.211203947009870774e+00 -3.233603529310991043e-01
6.275057993911062226e+00 9.005236595491714624e+00 6.069621608475173069e-02
4.270513096029155520e+00 7.722516052490350447e+00 4.050544764173347190e-02
2.166195312035255949e+00 4.737090786481764071e-01 -9.273713245278010220e-01
1.635898626014923529e+00 7.970048631474246470e+00 -3.770036468306097177e-01
6.902420991171542841e-01 4.734525198850600525e+00 -6.654431720742408629e-01
6.787607785382776981e+00 8.562715678012473575e+00 4.897887344689899614e-02
6.427598839839862244e+00 7.026956621247371970e+00 1.906999553880406317e-02
7.182161923871049680e+00 5.699246078314896380e+00 -3.465898421889617165e-01
6.541567532773234106e+00 5.822888227188545152e+00 -2.407356045300550473e-01
3.736317135050177818e+00 3.785873564286569515e+00 -1.816677427347377360e-01
6.565684365345848761e+00 6.528136733845820494e+00 -9.843377455173407675e-02
8.588186142589121275e+00 9.892214725153381849e+00 -2.206557774825210760e-01
9.872016517714831352e+00 8.110746628679303072e+00 -8.936506475854322229e-01
5.657661713821608096e+00 6.966637099194328275e-01 -9.702799721731378835e-01
8.281570671218263513e+00 3.402842158484136181e+00 -7.092838473512533826e-01
5.786003271933314984e+00 9.683087740776576524e+00 -4.269272076971422081e-01
6.226951029210980870e+00 3.673044879101578619e+00 -5.178495732213881375e-01
1.999017685966923530e+00 1.152184810595429376e-01 -9.560013182906916818e-01
3.456025906379178725e+00 8.418775964198397688e+00 3.808784723219993396e-02
9.660187708611637447e+00 6.598350966277751972e+00 -8.979880456512407960e-01
6.084618507244830887e+00 6.201684624797096035e+00 -6.959791418211191960e-02
3.287612747069685870e+00 2.400436086317641049e+00 -5.188342602667890269e-01
8.462311355755733899e+00 1.328084302813682394e+00 -9.084454534536368087e-01
4.345597770120765091e+00 5.910753980755351300e+00 3.693952568276426263e-02
3.276154480770347543e+00 2.805476929789584961e+00 -3.882453882851426563e-01
8.410443491206939015e+00 3.413199551610757720e-01 -9.971203708270222066e-01
3.313175748007960442e-01 3.758273322865458788e+00 -8.741608691796654007e-01
5.308392068910642081e+00 1.261093950471015468e+00 -8.673590346207744606e-01
4.720708079086137765e+00 3.685814401097890602e+00 -3.941932213236238880e-01
1.940167017231186231e+00 9.819463749196053470e+00 -9.996024645522758600e-01
8.196354636971586061e+00 6.466865331863541400e+00 -4.090801517787703290e-01
9.050786366740844358e+00 2.344809230570929603e+00 -8.599135913618096705e-01
6.763734639411599581e+00 5.329531096733574280e+00 -3.483759199748206470e-01
6.462613407738132310e+00 3.623758144927958114e+00 -5.426700151586620890e-01
6.645628201178443106e+00 1.630281635050145062e-01 -1.002479814521525014e+00
7.068350633831976815e+00 3.063522941414469791e+00 -6.499158577480301791e-01
5.655885420559753740e+00 9.635493377447048147e+00 -4.249677066289669902e-01
9.159969257988882063e+00 5.164639478921404070e+00 -7.325941603989608586e-01
4.459506586437281150e+00 4.175932173875576581e+00 -2.578982695517670898e-01
1.260121326429521682e+00 3.088969357758026835e+00 -1.880240397803687458e-01
9.744051360651651450e+00 1.898412146000962641e+00 -9.994427307531144056e-01
8.763434221251683809e+00 8.223221081173427649e+00 -2.923706198481849095e-01
7.712933857054165010e+00 2.743058936165096995e+00 -7.326711388622770826e-01
6.979246534705998428e+00 3.510397343974547724e+00 -5.876956891256088777e-01
5.815252823092983192e+00 9.538175908653887536e-01 -9.340678858508559834e-01
5.200919497631223187e+00 6.514632921058992387e+00 4.054084538084357092e-02
9.061155177526966753e+00 8.866955488758421211e+00 -2.873731012489446623e-01
4.744803127822271094e+00 4.491382778001726805e+00 -2.299023644985846992e-01
7.383214271782878590e+00 3.633300280216348987e+00 -5.977669041381803439e-01
6.861076818354280071e+00 1.529138916030557960e+00 -8.816698860787004488e-01
1.185424029505788152e-01 3.558584447306051501e+00 -9.552792075837786001e-01
9.355206118277376248e+00 9.781083273011446977e+00 -3.996885511728818230e-01
5.826888994021893531e+00 1.522149985104225056e+00 -8.219188454233872232e-01
3.407848901044403522e+00 9.011589669179903339e+00 -6.635029603555553379e-02
5.705460425115091994e+00 6.027951931237308436e+00 -3.515679890552192433e-02
4.531276210123631465e+00 9.447727833464059088e+00 -3.768089046149993848e-01
7.352954218505208139e+00 5.838691687341003522e+00 -3.493381978375120767e-01
5.664933819207317534e+00 7.505630672724644015e+00 4.627934863968619084e-02
3.123087671615111915e+00 7.614529639153328588e+00 3.830465473099486928e-02
8.144308093210579358e+00 2.897417143740316003e+00 -7.421035493268004490e-01
9.530370008570402618e+00 7.722609798103479584e+00 -7.757348107582853203e-01
4.584515708589551153e+00 2.781054240881408290e+00 -5.557082821700727315e-01
1.077938222734366569e+00 7.837176448847364085e+00 -7.100792942890370441e-01
6.755230538788524974e+00 8.417680951392728872e+00 4.924511455649160929e-02
4.004992890262207617e+00 3.550910572081756450e-02 -9.776972838129724952e-01
5.268485483090834087e+00 2.847931420566893301e+00 -5.785614068037405744e-01
5.516750212840723755e+00 6.098967627475762932e+00 1.235418018264544671e-02
5.591231132983552676e+00 7.159645548576385465e+00 4.464760689866409393e-02
4.771512232489636851e+00 7.531735833431069338e+00 4.214782717799048228e-02
1.391598788531656083e+00 2.615364114175908750e+00 -2.291322659539738460e-01
3.926090923552291390e+00 7.515046699855931767e-02 -9.781769693829406309e-01
5.118415212034817863e+00 8.617031139654974581e+00 4.337091571639706267e-02
6.393037933198898237e+00 2.706079176351821047e+00 -6.656554426829762727e-01
7.124413140277082057e+00 5.438162966218667016e+00 -3.739803782321651227e-01
8.628799867243662547e+00 1.660516203043644667e+00 -8.763975089810289720e-01
5.797884205886983722e+00 4.737400711845315193e+00 -3.268644320154781013e-01
2.659284265735835540e+00 7.871009314404441293e-01 -8.981093059537912371e-01
2.012409010973612578e+00 8.954881949539661434e+00 -5.189845902870884320e-01
1.284517361446947614e+00 5.226957480397397049e+00 -3.232118608828393747e-01
4.559101127984355628e+00 4.891357065697656381e+00 -5.851725535549068269e-02
1.543518580242614568e+00 3.550184358981521293e-01 -9.061460396156291175e-01
4.937407735837701317e+00 8.538080471509159608e+00 3.764405691643224472e-02
6.029410607202073891e+00 8.678884597821721059e+00 5.142446241438181076e-02
3.931834387824962640e+00 1.670735903776254805e+00 -7.268237525796994447e-01
8.186369346392350366e+00 5.494386020204104604e+00 -5.176461009657991053e-01
6.939921696514089078e+00 3.904511582449593732e+00 -5.431666068261389313e-01
7.925876325966925151e+00 7.149467589637880316e+00 -2.456977446529821085e-01
6.788438387759415882e+00 6.494650148399232492e+00 -1.461235676356282820e-01
1.232951271063657428e+00 9.637098331904750736e+00 -1.029166145852705494e+00
8.545211040214526932e+00 5.299025471655345321e+00 -6.020363968605704219e-01
9.622931786520968700e+00 7.425677667884771793e+00 -8.820110613883419548e-01
3.323808345940414966e-01 7.361703523715395825e+00 -9.567852078581280395e-01
5.318594186973580884e-01 2.979156890043381356e+00 -6.563989985335112465e-01
2.399369416679273392e+00 7.898795414772630252e-01 -8.853918853370732478e-01
1.896117821280032034e+00 1.967785243520339122e+00 -4.939457067290722314e-01
4.424372098825631205e+00 8.270073051378119822e-03 -9.764320929176885100e-01
2.990473305861415021e+00 7.590467964947466228e+00 3.506941645557315468e-02
8.513431627355513953e+00 6.440819016713064116e+00 -4.884391715671541068e-01
6.136768954163704937e-01 5.778282765729482406e+00 -8.180704363494060161e-01
1.011891414846108228e+00 6.095843495983469751e+00 -5.792581662999563008e-01
3.115131601177850484e+00 7.400373948499253451e+00 4.129024551524507203e-02
4.176875620180186544e-01 1.911339476633432399e+00 -6.556492217276761458e-01
6.126831826509643086e+00 1.899664501235432512e+00 -7.657892437251079265e-01
3.413558499171382099e+00 9.144395354141860111e+00 -1.763891572545259745e-01
4.190963126059505051e+00 1.628277245366618109e+00 -7.494979116981110856e-01
6.809919730391747805e+00 4.479796485741218248e+00 -4.555372155785615274e-01
1.971656397413402262e+00 9.562594288557354716e+00 -8.931503962205936675e-01
7.139756032293991694e+00 6.041981048376174890e+00 -2.905288934527632261e-01
8.987619604800084261e+00 9.388418773201413714e+00 -1.158595085375238032e-01
6.744740646841588472e+00 2.959693805283629686e-01 -1.000435319782476684e+00
2.795249917628697123e+00 1.262754513142429147e+00 -7.904795945496783105e-01
3.215203632328124339e+00 8.244646258533078864e+00 4.040198412329498723e-02
1.196483943087399693e+00 7.720323072331757963e+00 -5.840116500961749502e-01
7.339067739709892457e+00 9.174857459983693175e+00 5.226368969460329361e-02
1.287818105931828105e+00 2.556870395308076915e+00 -2.663848208856838262e-01
2.409738290555741624e+00 7.712094983844071550e+00 2.000997536043325198e-02
7.134837103158043092e+00 4.612904675628922924e+00 -4.698569377482713083e-01
4.145062658481395879e+00 1.682980130715825640e+00 -7.367418712076179155e-01
7.114861797573148738e-01 1.226238542524487718e+00 -6.844134872979701356e-01
6.730819277775950127e+00 9.378633177628991291e+00 4.777117461710078672e-02
9.270496172470240381e+00 4.997585301919823308e+00 -7.729238602995611718e-01
6.877612319972293164e+00 7.223116438642111170e+00 -1.484478190804972009e-02
4.541581203693977109e+00 5.458423189362804351e+00 3.157597211228502232e-02
2.410748934377751951e+00 1.550218515541790798e-01 -9.818580225248849658e-01
2.769352740347686304e+00 4.328730400083287577e+00 4.267520998435347934e-02
4.078145773639799465e+00 5.825376835980478951e+00 3.597760054619270065e-02
8.110076860993798986e-01 2.620812558068963405e+00 -4.649564433375674710e-01
2.148008568826288156e-01 8.691644725591244125e+00 -1.008246561590758539e+00
2.341228769460514059e+00 9.531722940899996388e+00 -7.465489653561192540e-01
9.491941503928313040e+00 8.348897079010553668e+00 -6.942775490896079260e-01
9.439077163452582742e-01 8.920475368323552701e+00 -9.548506403905845374e-01
4.959960795617160301e+00 8.861744610203288186e-01 -9.112521949996512660e-01
4.872569799331574636e+00 2.578326065733879791e+00 -6.117920679684050178e-01
2.263475895481666722e+00 8.802998333424470800e+00 -2.733156986398881383e-01
6.246555715893174765e-02 6.102503344841224475e+00 -1.042394695911091240e+00
5.636350254745600807e+00 3.477145407795685372e+00 -5.026018103246290281e-01
7.210667369671796001e-01 7.130776342103011700e+00 -7.546775501543607767e-01
5.310296325616680413e+00 4.357331664612964950e+00 -3.446327763395480304e-01
8.149272055537579718e+00 6.509977803209522129e+00 -3.933790582846514727e-01
9.510683570195832104e+00 3.660116345672218774e+00 -9.491318663787398080e-01
7.588804222157794044e+00 5.768866470439314220e+00 -3.908485744161092068e-01
6.598891188353483095e+00 1.943880492094718138e+00 -7.896900156178525698e-01
2.308041087137276737e+00 9.663046512717864189e+00 -8.342480461890015020e-01
5.546226087864458698e+00 3.693457354100895706e+00 -4.649011137408112226e-01
7.820597199765584762e+00 2.161687581523132451e+00 -7.839338275266135581e-01
5.205297178008043701e+00 7.325516016307285661e+00 4.543233674024493851e-02
8.037011261719053223e+00 8.754429771539609106e+00 4.832239928990561539e-02
3.999868683400562563e-01 7.975220840303015812e+00 -9.691423494383775150e-01
7.251502544863646982e+00 6.187358813879909825e+00 -2.827508990159990354e-01
7.196896148765064005e+00 1.814141460549551610e+00 -8.403845183330621582e-01
3.787633966000945041e+00 8.446958584457425090e+00 3.812147231131968184e-02
5.472667595038561927e+00 9.592061153389080275e+00 -4.019272237643138901e-01
6.278115066587366400e+00 2.074126401352214266e+00 -7.360374467771889639e-01
7.334406424771153787e+00 1.948952808829873540e+00 -8.162560339661371067e-01
6.700624404576159598e+00 2.601122726876697211e+00 -6.977212137569719363e-01
4.158612107877229569e+00 2.862617221919195321e-01 -9.610942619784161867e-01
5.906943888870320514e+00 1.840578356085961487e-01 -1.008066427113844421e+00
5.263682905868729556e+00 5.848859060309724356e+00 9.577591992037781665e-03
1.159906098889453618e+00 2.177165693773825517e+00 -3.439771705771228483e-01
5.563335926237166440e+00 5.976513470314466225e+00 -1.367998826688188174e-02
4.410608770385336941e-01 6.513482156045225402e+00 -8.727224376232509684e-01
7.254416882698394353e+00 4.969951724587719610e+00 -4.428504348665895929e-01
1.393216841906955494e+00 7.273047100181745606e+00 -3.696684922555912856e-01
9.828570082368308647e+00 8.016066596670622602e+00 -8.827899996796110260e-01
7.353436708386574594e+00 8.853969493596537177e+00 5.277069316717458713e-02
2.936802224458036736e+00 9.195847556329566075e+00 -3.200951245446823634e-01
2.005617233087436002e+00 1.468409117867223168e+00 -6.698224473053262518e-01
9.391011953253164180e+00 2.310315171356438047e+00 -9.374131726515343432e-01
6.378547686909801229e-01 3.575345269895220834e+00 -6.406725774023556141e-01
7.798721240264307575e+00 8.440062956941167371e+00 4.625905050376843963e-02
6.471251062869018078e+00 3.243101058722186014e+00 -5.950579145473533504e-01
4.025815436228628919e+00 4.838486914200530897e+00 2.565932448615493300e-02
7.417135361005965377e-01 4.554249313889389583e+00 -6.244287139169459877e-01
2.062988336849810533e+00 2.116306189206694111e+00 -4.661692559769785582e-01
2.785243907466846025e+00 9.230638499869685987e+00 -3.850516085566029201e-01
6.386894364127013723e+00 3.585871023899034338e+00 -5.425640786217436062e-01
8.816559613389932437e+00 5.101063236824949776e+00 -6.668636384242458970e-01
7.197840153039516409e+00 5.191189421572666163e+00 -4.116261443345849980e-01
3.103574338335949090e+00 6.943855213934260640e+00 4.088927440737100127e-02
8.197904383097567305e+00 9.650768299426353281e+00 1.919713769379183255e-02
2.927234600174669410e+00 5.451033541165001495e+00 3.990399685569379074e-02
7.240654361937200356e+00 1.914143277113323549e+00 -8.242053180589006267e-01
4.596014383883962218e+00 5.266315757260148445e+00 1.289910630478185993e-02
2.913504351334705422e+00 3.530958975516361065e+00 -7.325886507108192447e-02
1.636705472732101763e+00 7.576861957201925790e-01 -8.251533752516813092e-01
2.039638408902952893e+00 8.554460973589241846e+00 -2.903727372194726541e-01
5.589941198307707637e+00 7.907999245676211153e+00 4.911059661855654568e-02
6.300676423876295118e+00 9.854311660443707765e+00 -3.672620641294517263e-01
9.497386308207547145e+00 7.495747223494725331e-01 -9.980365939894899618e-01
5.606404034853548879e+00 6.074183484831219282e-01 -9.823757426855991293e-01
4.280115066563925375e+00 5.045895701780970022e+00 1.600608841022710394e-02
7.843651688110722553e+00 6.455018326237021320e+00 -3.410701431408145190e-01
4.984965836443951304e+00 9.666242743085620148e+00 -5.547874033295487894e-01
7.438812070745734140e+00 8.212149129016124149e+00 4.942177508139855568e-02
6.391623827168533722e+00 3.249043612440421391e+00 -5.892051422054220833e-01
6.422565148121327283e+00 1.006814934790539962e+00 -9.763826033128231163e-01
9.754788954880030616e+00 7.890210787256481062e+00 -8.654024593916411767e-01
3.785077428051960791e+00 9.111131362213020779e+00 -1.286546070194067859e-01
9.850504399360421104e+00 5.517652872309923850e+00 -1.004193048882487949e+00
3.915534651868034732e+00 4.037627933913466194e+00 -1.509369701540106412e-01
4.018137123841420966e+00 2.171960486647237065e+00 -6.410628001243359186e-01
2.279311143834517495e+00 8.470520546754569224e+00 -1.041360934616140099e-01
5.442925259001576421e+00 8.403503146181215300e+00 5.203058063740062522e-02
3.733805101357491996e+00 2.667275921650729131e+00 -5.064215107883480727e-01
4.258562660327251947e+00 1.878997860398652353e-01 -9.677805458677588568e-01
1.003740994618672167e+00 6.861336134724543179e+00 -5.549833874570664349e-01
6.354646141345972943e+00 2.884335356622824253e+00 -6.374737729727776303e-01
8.316124907395245458e+00 7.638758382513834988e+00 -2.479869352427394591e-01
2.648746171698528329e-01 6.056769759863077418e+00 -1.000643581067214072e+00
8.621708894572131854e+00 7.868679957513120549e+00 -3.077002217544194673e-01
7.785355599114433645e+00 1.906564382715060235e-01 -9.934044356458120451e-01
4.093834418864370051e+00 2.284877767206035859e+00 -6.238822808081714300e-01
4.423816836267881136e+00 2.609904391237027443e+00 -5.803691044108354458e-01
4.467786045296475272e+00 9.386039626102045119e+00 -3.139674341059182083e-01
4.494438147045492826e+00 4.522679168090981250e+00 -1.572268411082822226e-01
1.761502712170920359e-01 1.948526698963433390e-01 -9.817952561866545302e-01
3.420258498715083473e+00 9.429974691692569522e+00 -4.686671269645861226e-01
2.726347823636187773e+00 7.000066078343103460e-01 -9.284757175128424134e-01
9.179932007954505480e+00 6.310583509996721130e-01 -1.002029759235257611e+00
6.112166376902196774e+00 9.764928334572346991e-01 -9.555733894913718274e-01
3.154248260038791329e+00 9.623696889055949555e+00 -6.483022097793045280e-01
5.779295740868675146e+00 2.081194280207165903e+00 -7.362496116243399946e-01
9.811352154423506278e+00 4.748012027101900401e+00 -9.085287696104261679e-01
5.316939768298235336e+00 8.093750917009572277e+00 4.959631500057004594e-02
1.535998228034818114e+00 4.122456246790449974e+00 -1.172193500438369895e-01
4.218432408261008959e+00 1.209021524258048208e+00 -8.327665764399794224e-01
6.475106124799211216e+00 7.586195612379014186e+00 4.815075711124694458e-02
9.439023310120296273e+00 2.658820954902889611e+00 -9.547723560376004670e-01
6.582895088957728902e+00 5.790128539570771338e-01 -1.000141470443657310e+00
7.798988882663713262e+00 2.348819533745635457e+00 -7.695389855261620671e-01
4.990317357991258085e+00 4.658393675429053360e+00 -2.269131046957335585e-01
7.174193445248028489e+00 2.691930626088654410e+00 -7.119668873317976932e-01
2.784411415777859222e+00 3.641096382003979226e+00 -2.073453702478689209e-02
1.237526701436985732e+00 4.800418020891670245e+00 -3.109641278144001930e-01
4.843698175970030384e+00 2.758266344379582957e+00 -5.749286619616849059e-01
2.764396862769314289e+00 2.474301734355731419e+00 -4.291724498590667736e-01
5.337141439519965225e+00 4.712777940316443370e+00 -2.759162682714895176e-01
8.533298755576687711e+00 4.916121543990540133e+00 -6.279552105480100677e-01
3.323665335750993322e+00 1.148662969105797016e+00 -8.436955385073972025e-01
3.214684869971163206e+00 6.453428662911365521e+00 3.875605768990730837e-02
7.339569486607233628e+00 6.736622774836345862e+00 -2.010525941136385164e-01
3.262040323091262017e+00 3.409340246647874384e+00 -1.881193984450422185e-01
5.235652549283703827e+00 5.000315754960086956e+00 -1.860243808344228533e-01
6.142152915758555487e+00 3.095246459284220486e-01 -1.006127228452643685e+00
3.593180563822300222e+00 8.463252867540585811e+00 3.585591727496328929e-02
2.040539745398645355e+00 2.675724825901610315e-01 -9.446288213825211333e-01
7.912543405397094887e+00 4.243925573855715783e+00 -5.931910549610791561e-01
1.433786994509012036e+00 3.279741549523642163e+00 -1.067102274559683650e-01
4.327632581274189150e+00 1.750170862205170597e+00 -7.342976563516390165e-01
8.508120990646814263e+00 5.929063839714264539e+00 -5.482313487068894986e-01
2.610737543501554292e+00 6.996644340235724790e+00 3.872924430046698063e-02
6.452732033268506751e-01 5.009616106195992735e+00 -7.207690303200138260e-01
3.042789533100327848e+00 2.681346238343884192e+00 -3.898765668475343560e-01
3.533575895837023584e+00 4.539939216556673429e+00 3.213641062261540782e-02
9.020193555558778442e+00 4.858860912799337406e+00 -7.267626587978992525e-01
3.765065363733541393e+00 6.089687733151064819e+00 3.847845485311784941e-02
8.362764097746888670e-01 5.224330571833078807e+00 -6.272350857026882665e-01
4.207835900927149098e+00 1.354466682190112348e+00 -8.041895258546842840e-01
7.400225430478966970e+00 7.193911794610673205e+00 -1.266850136909098978e-01
1.766389374080755248e+00 3.883405411783666383e-01 -9.102081480693144933e-01
9.259628045448486944e+00 8.854973559484651702e+00 -4.360120061126826485e-01
8.738452000253211338e+00 8.789631597495688453e+00 -1.105144238208036755e-01
3.873152008839325422e+00 7.805309728391311985e+00 4.249334003525051529e-02
5.481889049752682874e-01 4.462522462982977167e+00 -7.517328622740766519e-01
1.285897373284688339e+00 8.869983236066799392e+00 -8.443860523264101747e-01
1.250479991421911130e+00 4.602053181559369932e+00 -2.955637903483374629e-01
7.530688285200713317e+00 8.589917502283412887e+00 5.617269227360838224e-02
7.546812129064770502e+00 3.468429536008224012e+00 -6.185193695249451284e-01
8.706286234018612902e+00 6.787367294388237049e+00 -5.070474770960116118e-01
2.624085707555805946e+00 6.066907110397718128e+00 3.928133755879947842e-02
9.321676942237386854e+00 9.689364796796144930e+00 -3.555668900793360621e-01
6.605136057362078539e+00 4.483606595328544664e+00 -4.376377351133675653e-01
5.832291018865646492e+00 7.283893809754109938e+00 4.439392915493112213e-02
6.856329708684365976e+00 6.507225916405507959e+00 -1.550550524517417816e-01
6.551610562079388522e+00 7.736186904992516489e+00 4.849393252680500588e-02
2.562805520339599408e+00 6.787477165673058366e+00 3.671784647111175914e-02
6.326570356317441579e+00 3.436005202476292819e+00 -5.594564157345383038e-01
7.785885737451036626e+00 2.729924911114416819e+00 -7.369141994095691484e-01
1.073801465439755853e+00 3.072569671577660699e+00 -2.971775844806687772e-01
7.947020290443718160e+00 2.688216061668541101e+00 -7.455746960631930431e-01
2.663694178616844432e+00 9.846201309898578558e+00 -8.396074719697617095e-01
4.754661270078253565e+00 9.539861792824531506e+00 -4.431950031073126350e-01
7.165089960829163829e+00 9.647139772028232585e+00 -6.989544868695210522e-02
2.082576692286484565e+00 2.575122851787261080e+00 -2.619977628302669892e-01
4.223993810414229166e+00 5.879401524132350509e+00 3.604323568379363962e-02
6.249281723029999291e+00 4.203979663888376628e+00 -4.453929694655753835e-01
8.454656477426159000e+00 2.220011353461656345e+00 -7.777677618195925069e-01
6.145717767838995149e-01 2.016784802900342122e+00 -5.591148884366887728e-01
6.261762334592733958e-02 4.536033419936644329e+00 -1.006085137215644743e+00
1.161033894315812720e+00 4.601046957265384485e+00 -3.491269931677445371e-01
7.811791000262891416e+00 3.109897025859497788e+00 -6.973487173131280858e-01
8.095184247861890725e+00 7.938090043177281618e-01 -9.547696422256889415e-01
3.128893561081826036e+00 5.737192224017189979e+00 3.761851402727289795e-02
4.226825769269983435e-01 8.947662650871551548e+00 -1.004347921250636322e+00
1.402750615309768190e+00 4.492705927373686237e+00 -2.046186418173805421e-01
2.219929536817240923e+00 5.579592373041825759e+00 2.766393663836019812e-02
4.027078305601561325e+00 7.461191122174502810e-02 -9.761661668800218905e-01
4.759547397323877327e+00 3.441045767484086859e+00 -4.411137324944078841e-01
3.196736421732445876e+00 5.101881682426768982e+00 4.240548592347659351e-02
9.588543314799053974e+00 2.067122123538672973e+00 -9.779253022454523769e-01
5.338967559661442763e+00 2.383325737721084359e+00 -6.717969345605316889e-01
6.628934963893814647e+00 7.701689591210379326e+00 4.862012434356977053e-02
4.795864738251689019e+00 3.258870991868767053e+00 -4.765565269940446047e-01
4.748949301378549315e+00 5.261372034675668274e+00 -8.374578866532811361e-03
7.298686019264553515e+00 6.264834923575243408e+00 -2.772468393372089501e-01
3.002813421015755768e+00 1.308570267085430450e+00 -7.911417067830863736e-01
5.134339787466664085e+00 6.010143394485688795e+00 3.467140256446521462e-02
4.306957430045429192e+00 7.034753593893138479e+00 3.958660280060577463e-02
7.021417564735461525e+00 7.617970042222086846e+00 2.636509967847922020e-02
9.173409040741864473e+00 6.783600928769848437e+00 -6.997273314889469464e-01
7.949554066267165098e+00 5.401333497564944075e+00 -4.844828934616142169e-01
7.558083114281302528e+00 2.610939300861196966e+00 -7.431005347031820474e-01
9.509536951882415323e+00 7.987277688409366583e+00 -7.335456835694326161e-01
2.930862973571502383e+00 8.656267902690732541e+00 6.546206647479513308e-03
7.915662566815451662e+00 6.213834122893593381e+00 -3.846957387744113221e-01
6.194802748927805247e+00 2.086654616717952049e+00 -7.344288725017419361e-01
7.935410787521721687e+00 1.504437796178667242e+00 -8.565212588680471972e-01
3.032414346927600590e+00 1.543597970015086362e+00 -7.357946744408712103e-01
8.990573696130386594e+00 4.495992302992405598e+00 -7.508603082985085830e-01
4.480778210474294809e+00 4.484916692122156157e-01 -9.489356896761599325e-01
8.251764463883365153e+00 5.654450219072870709e+00 -5.162005648628010812e-01
3.730802734735814585e+00 3.564380215232971771e+00 -2.545726813274464817e-01
3.992602527508584132e+00 1.210109400676657065e+00 -8.276325996309923383e-01
8.878444152158479596e+00 6.506451828545272598e+00 -5.721327516831697935e-01
6.423091823787451027e+00 5.799280972690606939e-01 -1.002206567478960864e+00
1.396506942463267897e+00 4.059114279272922232e+00 -1.869067370148016494e-01
4.586220169469050312e+00 4.631303848986685900e-01 -9.503562671584520061e-01
6.332298295470918603e+00 3.414359491750289521e+00 -5.629010443146507114e-01
5.417022624967079203e+00 6.991735391743912231e+00 4.516200359729261038e-02
7.930981007469741328e+00 8.049454228717374704e+00 -4.422411039134593880e-02
6.100307920918819349e+00 9.364528289438878161e+00 4.567250878956685689e-02
5.150930855612935844e+00 4.441416365769665475e+00 -3.108881462716808208e-01
8.544838591338086431e+00 7.599689369082959223e-01 -9.780659107958998844e-01
1.081244637939197784e+00 1.128042277991744724e+00 -6.925009763357374837e-01
7.762390888644900677e+00 8.040110900217900536e+00 -1.275283210071176399e-02
6.284249593689728464e+00 4.571956923493034175e+00 -3.976397872924888333e-01
9.556240499529918608e+00 4.082135201134660996e+00 -8.995461849236763285e-01
5.414479353345632795e+00 8.996848413224123320e+00 6.873853991045053569e-02
2.773288197969665969e+00 8.461500819759864456e+00 4.513154125076024314e-02
5.140989343608230122e+00 1.765200237208630396e+00 -7.859075826942141241e-01
6.169415335825130242e+00 8.249527555371797050e+00 4.763589589647687639e-02
6.703111483646667423e+00 8.253375106967837382e+00 5.047699030796981567e-02
1.909450488965703796e+00 7.158353448720793821e+00 -8.956189540548598060e-02
7.825280094823567900e+00 6.355487345159520629e+00 -3.511818389731075074e-01
7.470677540599651723e-01 5.495559923045406414e+00 -7.536628017779385402e-01
8.665995248332933443e+00 7.003393503817403776e+00 -4.730776535020126961e-01
9.443403859664554645e+00 3.121726194937556986e+00 -9.930877571917264834e-01
5.220994727674237446e+00 7.435035540368398088e+00 4.593755185594039503e-02
1.718160379396697302e+00 4.217833821492502189e+00 -4.280393404165572235e-02
1.039494593583834670e+00 3.703581289974242630e+00 -3.777321159315691901e-01
4.312634942316404540e+00 5.323588581291429200e+00 3.710966820679129086e-02
2.833851744180535093e+00 7.445235261796555370e+00 2.769759035554830717e-02
2.275723582810046608e+00 2.336185574056962810e+00 -4.034183493692022893e-01
4.674493266505827194e+00 9.403175253009484535e+00 -2.931387371868583447e-01
3.290054920733588517e+00 5.005493724957683632e+00 4.333340773894400755e-02
7.397411989338394278e+00 2.838497453420893990e+00 -7.029745667836957423e-01
9.381624003084631624e+00 1.215511701923354781e+00 -9.903525058817538307e-01
2.192535344134239228e+00 7.428161779557676425e+00 -8.319307897215466596e-03
5.377146158808379095e-01 9.038711489690163248e+00 -1.002567901128954997e+00
9.801194456358761187e+00 7.033968092876014211e+00 -9.392956718125029525e-01
7.336166368020663242e+00 4.716967934375634108e+00 -4.795653489583688867e-01
9.143932050297173930e+00 5.790912083989169901e+00 -7.604763982439195491e-01
8.803957215516003743e+00 2.844650571609902978e-01 -1.002733286147747815e+00
4.550036799062374016e+00 4.387517604383863734e+00 -2.158139689233076197e-01
8.372198587715400098e-02 8.015755629718640307e+00 -1.017894225705363365e+00
4.963365030654244059e+00 4.805245138901241830e+00 -1.767012877848230801e-01
4.649693185307262056e+00 7.987021551088719917e+00 3.951680731791151757e-02
5.293317215906685469e+00 1.496035853652172509e+00 -8.445521689588681991e-01
5.355586695253559126e-01 7.053772505894169598e+00 -8.577915360733086025e-01
6.159608769521903504e+00 2.581623646399854977e+00 -6.722407693401415418e-01
7.495724567256852211e+00 6.694643780208109796e+00 -2.394894589087042114e-01
6.818675474032848349e+00 9.679233497364053918e+00 -1.348319094617614344e-01
5.555248438428388447e+00 1.565717375634216424e+00 -8.240171832914334749e-01
5.278073245752339382e+00 6.926821135213630853e+00 4.454162156764596148e-02
1.600865880730639734e+00 5.523947411117521078e+00 -1.698870781509560501e-01
7.446143011116935995e+00 4.915473217880581558e+00 -4.701244124284453818e-01
3.544011382463168047e+00 9.356151279693529332e+00 -3.892283138794375708e-01
8.822007596919402062e+00 2.154272248214005536e+00 -8.208371491551954557e-01
9.438814959418856176e+00 5.678320218083912074e-01 -9.966232261035617990e-01
9.566207233774720597e-01 4.124473494106999816e+00 -4.669921733931423624e-01
5.737738063022144175e-01 7.240893261240207046e+00 -8.467152302316347523e-01
4.984833831336786147e+00 3.248689615849951196e+00 -4.919432347629695279e-01
8.685514784335751415e+00 6.424645168923138527e+00 -5.356958860136785683e-01
5.144622973666341359e+00 6.734641514232933446e+00 4.249658716025805916e-02
7.837468124284492355e+00 6.941305733800203770e-01 -9.596210393985913356e-01
7.184850521238435483e+00 6.634295853990972880e+00 -1.891046042195834165e-01
8.769221420751266649e+00 2.214125373684020737e+00 -7.998326236076641615e-01
7.191408879577623203e+00 8.120325241641237923e+00 5.060445932759338739e-02
8.549248369020390204e-01 9.269319852258172787e+00 -1.004504591160736648e+00
8.319381572217139365e-01 1.929272307495380590e+00 -4.629629742400713788e-01
2.892641733203242249e-01 7.887967377870126029e+00 -9.826851210324742958e-01
5.677305914667787334e+00 8.459254668929487408e+00 5.218943917672369537e-02
4.345823747004962989e+00 6.873157960712794612e+00 3.914190049334731469e-02
8.126635671450857856e+00 7.736701281747389025e+00 -1.701103235668765534e-01
8.452501451548046774e+00 2.656837797467010542e+00 -7.701830567219167811e-01
1.694658792906646116e+00 8.846631747139719337e+00 -6.415984275669917025e-01
5.565119900973370726e+00 4.611005026624411585e+00 -3.248276430105647705e-01
8.410583031004968291e+00 8.623050130648683975e+00 -3.179336110922903469e-02
7.384186656942351767e+00 3.284833264142782983e-01 -9.918173964929353215e-01
5.383319117156812439e+00 1.091853637449618164e+00 -8.884113291757280706e-01
9.525840659115296649e-01 5.232267348718575128e+00 -5.470720004041860207e-01
1.912866646448253105e+00 3.533969277360205385e+00 2.109764768860955542e-02
6.921254864848938482e+00 5.897856746580624865e+00 -2.849464155217753536e-01
6.129866052676739230e+00 9.856792410958814532e-01 -9.556238498803162340e-01
1.813181831136555067e+00 5.475305489404808768e+00 -6.723043380719140316e-02
9.663434608697466288e+00 3.578437693398144770e+00 -9.961105066839597288e-01
1.602166510028339097e+00 6.143312620924016088e+00 -2.123990272943423463e-01
2.576773259779961300e+00 6.938256818454275887e+00 3.830982729929033326e-02
1.462635239676498999e+00 4.537834809464006192e+00 -1.748373179771505193e-01
9.080669692078448207e+00 5.635884407008227015e+00 -7.340773404743228259e-01
9.365865324442225415e+00 1.815879538692633632e+00 -9.675364104717145697e-01
8.574968370432396014e+00 5.452271078289536277e+00 -5.996212356044322567e-01
3.958930363123402074e+00 4.884684785628812698e+00 3.372265044840672132e-02
7.238410465015156170e+00 6.771143767716866435e+00 -1.740448476085378893e-01
4.767689861178332045e+00 6.456337769470245291e+00 4.000398288698736593e-02
2.616924223063355814e+00 9.314171334386822210e+00 -5.002993467617045109e-01
4.832838076195358212e+00 7.415112852410377542e+00 4.285406872473584983e-02
8.297000319849130445e-01 6.762349075158125444e+00 -6.422100536437849172e-01
1.500365941135030079e+00 5.412138065999076098e+00 -2.108638221222545184e-01
1.785048903857601177e-01 7.147531671647091578e+00 -1.022508871706063527e+00
4.823116566825012441e+00 3.444979522165347308e-01 -9.691900769900856361e-01
6.233528945391346276e+00 7.386556841579133170e+00 4.675177465502922125e-02
5.867879613478615752e+00 2.828913884469423490e+00 -6.157050870981699564e-01
9.219836545830059293e+00 2.912977323375605110e+00 -9.246267110216092044e-01
8.476246070636042518e+00 1.202612264505963147e+00 -9.260501723847469613e-01
1.730188610389895798e+00 4.568446548598663171e+00 -5.515168165323736105e-02
3.061683608330250106e+00 1.630620063554161447e+00 -7.151956623937527624e-01
4.042672384463943835e+00 3.636301859908075418e+00 -3.022016760950685388e-01
6.625977844564901353e+00 4.931343451411203671e-01 -9.995373042285804477e-01
5.159652240206117568e+00 1.795264705405483996e+00 -7.814157035417998998e-01
7.205932031583936137e+00 7.003411425378643251e+00 -1.233965106331575967e-01
9.334197409206520746e+00 9.813416541727045583e+00 -4.202993209416288067e-01
6.395332259155014576e+00 1.299041865931069628e+00 -9.085782079281381485e-01
5.474655113419870212e+00 6.407880581919663143e+00 3.601717715382291018e-02
4.525102457194686956e+00 4.710524858589566932e+00 -1.029558150604570343e-01
3.420816660779357199e-01 5.954665981534271957e+00 -9.479736653057786455e-01
2.053454425693108654e+00 4.399837363394955680e+00 2.572000597548473877e-02
4.345246603971622434e+00 4.172910758851796409e+00 -2.367819971887916708e-01
7.446314633678197126e+00 6.441540237253376766e+00 -2.729723523654670192e-01
6.992501534052249390e+00 8.347484237159328302e+00 5.169043461157452057e-02
3.227496217783034194e+00 5.161683479854903389e+00 4.201914434351206040e-02
7.445128681900930800e+00 9.869100545233949973e+00 -1.893132170377795631e-01
2.985816741180281064e-01 1.125466573064970444e+00 -7.494998144154578767e-01
5.287445075423545582e+00 8.914046384824530378e+00 5.646761953008394563e-02
5.355684832328452494e+00 7.661216197393833305e+00 4.735448052741286773e-02
8.740001537805552445e+00 3.883554028422280258e+00 -7.432226263485179896e-01
8.960891422286719532e+00 1.125257172945637318e+00 -9.710191006045908457e-01
1.092312070821614078e+00 4.880796845663915029e+00 -4.007956291153780271e-01
3.556176250039384978e+00 8.153590332163563659e+00 4.269774519178248795e-02
4.822969327142505591e+00 8.698835082902888871e+00 3.201269212746549186e-02
8.024560564755011782e+00 6.357894369487721242e+00 -3.865330728097714497e-01
5.860674735275369862e+00 6.829198741763100600e+00 3.890142718662548127e-02
6.363743866844969732e-01 8.889916091278271537e+00 -9.959500652273296506e-01
2.550496523410747951e+00 7.521418883909126718e-01 -9.041979270003968061e-01
5.754031069529330189e+00 5.442354441564042133e+00 -1.797397454337765765e-01
8.366397961211179179e+00 4.118249516620625883e+00 -6.646111352617121160e-01
2.443348611203481013e+00 1.146433757744788506e+00 -7.991898472784177976e-01
1.240551937385139247e+00 8.829064969814000019e-01 -7.697524213853745856e-01
4.790119538829104684e+00 1.653049325312404561e+00 -7.792634212477420608e-01
3.093988924996018852e+00 1.662430156732654929e+00 -7.084181903662261082e-01
5.051175200480630068e+00 1.004009348012210312e+00 -8.971341096217942956e-01
4.929345289861823076e+00 8.283737854894965835e-01 -9.183720538420341306e-01
6.657329966147315092e-01 1.329855291297449282e+00 -6.662571670039993954e-01
4.411628849156010723e+00 6.492223252978626569e+00 3.861260552663070555e-02
1.883456090549194828e-01 4.120440321188863386e+00 -9.727647587268717366e-01
6.823406191912234853e+00 1.572908112209316034e+00 -8.758412430365362100e-01
6.352323245909867744e+00 3.532565583952400612e+00 -5.476666082094665544e-01
4.172786469381873253e+00 5.549891742711890785e+00 3.799941539169227056e-02
6.567270367174557144e+00 4.187745770347633290e+00 -4.738447527850142560e-01
4.856500366956415071e+00 9.656503764262174272e+00 -5.590421063139410229e-01
1.583717670108328868e+00 1.402288737274074881e+00 -6.353437074971970411e-01
7.351006118239524767e+00 7.962109559137140469e-01 -9.535122112349347923e-01
7.666304195410542199e+00 3.822906850345693108e+00 -6.041624826138300985e-01
2.982189595697149809e+00 2.559586731392864856e+00 -4.260934537102527564e-01
9.350408456609109464e+00 4.932789306377835525e-01 -9.972663030579274057e-01
3.078055952043099897e+00 2.131744240214953567e+00 -5.827154085385926052e-01
2.452894840554522560e+00 2.545181153055857237e+00 -3.423385036507800017e-01
5.701234503781962282e-01 3.578280279051861079e+00 -6.878708116452001420e-01
7.728434718403576209e-02 3.385897971957271935e+00 -9.394510916970313374e-01
8.398926850882224571e+00 3.778142843273739171e+00 -6.895899682903723349e-01
6.071568585193297451e+00 6.509192631623196057e+00 -1.370582136153442043e-02
9.430048854587779417e+00 5.912948320075660291e+00 -8.800820655702635831e-01
7.039710773966577406e+00 2.105060805402460655e+00 -7.935942207862504150e-01
9.240675176956205661e+00 1.663430430908782842e+00 -9.592088048424511904e-01
3.965489249675266947e+00 2.773556548306421732e+00 -5.085498829564252254e-01
2.321949354153554079e+00 8.716459150399874289e+00 -1.847479264942579746e-01
9.223700434824147365e+00 6.720205808269760217e-01 -1.001671409895630971e+00
6.096943094552119469e+00 9.249121500890222336e+00 7.382556748351420950e-02
1.753533427299126091e+00 6.607237283591508081e+00 -1.379221770345582243e-01
9.324964914413762074e+00 7.335623901983241435e-01 -1.000429351561721525e+00
7.452039523044779123e+00 1.216007954926282331e+00 -8.893992736544775735e-01
7.066307256840710593e+00 7.501643738194763600e+00 5.332214709247828921e-03
1.150492382295146720e+00 9.065673623213465149e+00 -9.392954590661168890e-01
6.198218953977866263e+00 5.527002214533878188e+00 -2.363681694108599185e-01
9.364919688835270373e-01 8.281841349895705306e+00 -8.841500414631116023e-01
6.124943598918037857e+00 3.503725161612779804e+00 -5.346078765971697955e-01
6.616316798219376238e+00 1.144287832896411228e+00 -9.529791621854561967e-01
2.800483766088715853e+00 6.959397655351267087e-01 -9.348192204594487631e-01
9.385829774754915533e+00 9.272494616569778358e+00 -4.047608194324443520e-01
6.464803871116762579e+00 5.537853305827064254e+00 -2.782696057155480407e-01
7.644234902953772171e+00 7.418377557500904551e+00 -1.250301522403712839e-01
6.302128055694645070e+00 9.092878083727901739e+00 7.091548400241221017e-02
8.602577318606501322e+00 2.801846172578887462e+00 -7.892326820180012303e-01
9.412750832596378459e+00 2.676107945304837532e+00 -9.511932365238315867e-01
4.241249807382608594e+00 1.132434237552958356e+00 -8.469695706025754944e-01
9.033340654280197057e+00 1.095178798449765400e+00 -9.783247542620822079e-01
3.926549065278472472e+00 8.082006540118085169e+00 4.222320369196008727e-02
2.118225766544034272e+00 2.163023793062439637e+00 -4.547021299489237833e-01
6.469288190392928684e+00 7.353569843753766655e+00 4.527492199607396905e-02
9.512689636759775524e+00 7.345574694094650248e+00 -8.209662961376827939e-01
6.763858128389024671e+00 1.175730315111231938e+00 -9.493283361482408589e-01
1.168902455773077165e+00 2.078000746085812978e+00 -3.598725530524276017e-01
7.577172260084815036e+00 5.063959853126445143e-01 -9.772671415161001685e-01
2.798110141614172708e+00 6.389290319609311375e+00 3.501189517781311267e-02
3.450054496153124456e-02 5.782402525189955789e-01 -8.787728238188707852e-01
3.132859056413794363e+00 5.221322234785906957e+00 4.157235293459393688e-02
5.577291386545086382e+00 1.327025384281933285e+00 -8.576981119492346206e-01
1.373469595586358727e+00 5.907829623848947165e+00 -3.471323066172926630e-01
6.557417482520624952e-02 9.713658302878071638e+00 -9.987386234374256988e-01
4.452090207340158479e+00 8.829876804593760342e-01 -8.913659934894608838e-01
9.207161157674937257e+00 4.277276529682361605e+00 -8.121660265285957081e-01
7.816767996247103945e+00 9.003551417064917795e-01 -9.353885400959356389e-01
6.770305556016141146e+00 9.595481342146992887e+00 -7.980694057467929703e-02
6.045395769752897941e+00 8.242029949964468472e+00 4.864858427341878233e-02
8.692231577920940921e+00 7.117739477837909945e+00 -4.680803775231168751e-01
2.607530212954364046e+00 3.729906738789631859e+00 1.951245139023827235e-02
6.769402362733538681e+00 1.439242166208038354e+00 -8.948737221317343282e-01
7.090574229833357833e+00 4.456896460926679238e-01 -9.906863759065009933e-01
1.338903376453202565e+00 9.501276130260741581e+00 -1.020885985081794178e+00
8.442146344581930251e+00 1.769939703940333064e+00 -8.426847067524212420e-01
8.842875200269810776e+00 2.735374421443604653e+00 -8.279835862931762547e-01
5.694677083252356331e-01 8.893984298955817991e+00 -9.995076294736513489e-01
2.433151620241972513e+00 5.301558439953494961e+00 3.421376886765603587e-02
7.889222485724111777e+00 8.447595669015436570e+00 3.997631050724637092e-02
4.839298191568612850e-01 9.321631879100250373e+00 -1.007479503527474840e+00
8.050415974269196084e-01 5.306658404441754406e+00 -6.687261928884762341e-01
1.023508889342381600e+00 5.103734859566065651e+00 -4.702014032777244168e-01
3.927095964740163758e+00 7.646232950921991289e+00 4.153004912763424983e-02
1.604961088804353730e+00 2.450414286412213372e+00 -2.624967317255344490e-01
8.742563978189313856e-01 7.631132897192898668e+00 -7.424898861152331442e-01
6.765808862163159354e+00 5.565031395275998882e+00 -3.167764611530641261e-01
5.751557379656867752e+00 3.543919848385114424e+00 -5.013726169771071106e-01
5.550763094439409295e-01 5.380717192958260675e+00 -8.235569605949395466e-01
9.071274248787100092e+00 3.082248603532029119e+00 -8.816041976991026985e-01
1.975589733822841199e+00 6.767698214941253454e+00 -4.919854952164559592e-02
6.052052942166593619e-01 7.953752369919411258e+00 -9.208740961813313142e-01
6.991802117860957289e+00 7.457939608501838791e+00 7.539329799580718472e-03
8.187647723794825083e+00 6.940425852560641040e+00 -3.422308847384709640e-01
4.168172469907197808e+00 2.382402158686327986e+00 -6.096440948983408159e-01
8.738052804147457664e+00 7.423772345127050087e+00 -4.353085479758662113e-01
1.059311425705857478e-02 5.316246357212098594e+00 -1.024590749877597240e+00
1.894675189087181577e+00 1.747689063716526325e+00 -5.698802326348100245e-01
5.803966540570550059e+00 2.819509897275669807e+00 -6.131182283920419973e-01
1.205681705015509003e-01 1.898974013060551469e+00 -7.691730027129954905e-01
3.218218847473641731e+00 6.962494057253224788e+00 3.977203656247585428e-02
9.249920027583295123e+00 9.207370451541896372e+00 -3.260449990871088222e-01
4.702957620924934190e+00 7.861606268759977034e+00 3.975815467293353223e-02
7.607982255078755252e+00 2.205530102856974928e+00 -7.838470511078630132e-01
7.710502067947979654e+00 9.513056994120711707e+00 2.067906301722355344e-02
9.309001413127916180e+00 7.259987190813466995e+00 -7.180555211700823115e-01
9.701124102286016182e+00 9.798140408332786322e+00 -3.092481105774980144e-01
1.109124233232297474e+00 6.991973581446185193e+00 -5.080485968257502094e-01
1.316225353711114376e+00 4.224007523049612800e+00 -2.420212284246314738e-01
2.416735389171079440e+00 7.144395158037513127e+00 2.473889472537438294e-02
5.851960971194567485e+00 3.903092091623400428e+00 -4.569198804563621152e-01
9.182886686208664884e+00 7.112103205415066576e+00 -6.741575851395817942e-01
7.344867469079803257e-01 8.512479925594416130e+00 -9.892439512517039457e-01
5.879411867628764554e+00 2.668455910743785964e+00 -6.429583867058934477e-01
5.706903904180428810e+00 5.929968602961435131e+00 -5.452747217683784342e-02
8.531288025142810483e+00 8.997828600715275016e+00 2.658325502650826788e-02
7.035503272362912064e+00 6.569749070732172846e+00 -1.736866469339783947e-01
4.495619600923602022e+00 1.701603423167465490e+00 -7.509673789470308058e-01
7.735647456260434929e+00 3.981227972380878555e+00 -5.968258695918571277e-01
1.011735689666760640e+00 7.603643798067927229e+00 -6.576838299270342247e-01
4.569633099000375509e+00 3.384281406836382899e+00 -4.339222906798587687e-01
1.900119820241857438e+00 7.958535387218155677e+00 -1.952660157177130706e-01
5.035942711438599895e-02 6.472047164306314215e+00 -1.040884919338168402e+00
2.321277243219213915e+00 5.260286959543129193e+00 3.047382662580577772e-02
2.408737184670756815e+00 2.484372580186624546e+00 -3.613071281372612908e-01
5.638267610308393074e+00 9.116089369404502207e+00 7.372055233489316350e-02
5.598507169151588414e+00 7.523780074966406772e+00 4.657048112573436427e-02
2.415830207289642484e+00 5.107145454375141114e+00 3.490929873479942103e-02
7.904339809501176539e+00 5.476622374333912191e+00 -4.701541123280497114e-01
1.141130216051498669e+00 1.450103118302958904e+00 -5.904250634397874009e-01
7.341870149474150509e+00 3.900485577055829545e+00 -5.767696009821768888e-01
6.697542149489993157e+00 2.132892972779070639e+00 -7.656049434804065301e-01
5.918072825123716463e+00 4.060732190201777669e+00 -4.394527607717106932e-01
2.720306221220068377e+00 1.747107145897559333e+00 -6.639587217479663295e-01
5.223831143844988922e+00 6.214577090873022236e+00 3.945019471093980101e-02
8.747613563394340375e+00 4.186538354577425403e-01 -1.001891457473177871e+00
8.821133354212049582e+00 7.648196281790428763e+00 -4.297458899045307756e-01
4.890532912230113993e+00 9.431998480272648422e+00 -2.923067682429059122e-01
7.782085161357697345e+00 8.470336636418267062e+00 4.940127908895830533e-02
1.858263326624183920e+00 1.900772093687993047e+00 -5.118866992232842250e-01
2.012240665495189873e+00 5.584262440794375948e+00 -4.687117202173851638e-03
1.415325847361261546e+00 8.476754706822925201e+00 -6.682588796372894713e-01
8.369421184812058101e+00 5.704173896188013515e+00 -5.366602516451987048e-01
9.184040665965493844e+00 1.966135083745782941e+00 -9.196519801033404828e-01
6.461029488459494097e+00 8.069906776835599871e+00 4.756965067673779579e-02
2.067121477812412955e+00 7.195859823995335525e+00 -3.433301217649153969e-02
6.839137002817895272e+00 1.724586721787608967e+00 -8.571071293638075073e-01
6.939723805672405099e+00 6.281643625416523102e-01 -9.870322921793615034e-01
7.119334038858929681e+00 6.535409336383057877e+00 -1.961262452389265221e-01
1.808903036598652481e+00 9.212134910856065062e+00 -7.799045959016841500e-01
9.033277381780161264e+00 5.240641373901406830e+00 -7.027978988387296733e-01
3.007078150339405065e-01 7.100540110577645336e+00 -9.897510493679266830e-01
4.063075754154198194e+00 7.549309915250435488e+00 4.124731639677037265e-02
1.147473130091114957e+00 2.312859767314664250e+00 -3.342842372293635123e-01
8.567937718737290709e+00 1.707031777560929608e+00 -8.632475509751039722e-01
6.454274612523662746e+00 5.711198819687494321e+00 -2.451531008495242414e-01
2.358259366667036172e+00 5.289789904846153412e+00 3.214411665378236194e-02
1.479935293587580247e+00 8.609749475349479653e+00 -6.686398161849231858e-01
6.650860253074238893e-01 9.411606515937481987e+00 -1.013854360212329553e+00
3.632041203424815290e+00 6.932318100157442764e+00 3.868367449809495540e-02
4.463869188732882520e+00 1.082329531081882706e-01 -9.730601632156177239e-01
8.949146864671362778e+00 2.415638975768765295e+00 -8.342136737734286989e-01
9.427490801074620563e+00 2.665822017858225479e+00 -9.531768477565440989e-01
9.120010349206344458e+00 4.225019037607229966e-01 -1.000872983424053952e+00
8.730408771045111038e+00 6.312472760993371068e+00 -5.598808542226433316e-01
3.369310975639240535e+00 7.436963432333308255e+00 4.147207622869686361e-02
5.890986200071592904e+00 2.709645773844909122e+00 -6.367771576802772060e-01
3.668584736552570558e+00 9.005302335543163395e+00 -5.008142544981519784e-02
7.077868842541166217e+00 9.260813293819667891e+00 5.842328973002353099e-02
4.180347418480780064e+00 1.280573280916426082e-01 -9.717693315180033764e-01
9.446188964497736151e+00 7.545538297356774393e+00 -7.508724459562702291e-01
7.283328292873702203e+00 1.568236859410458428e-01 -9.990955882222498641e-01
1.522649473748905136e+00 5.635975864021146364e+00 -2.286475943403658562e-01
7.150111165003316671e+00 1.189770767569381826e+00 -8.997263021882871969e-01
1.300235803242800969e+00 2.694022962946629463e+00 -2.323303984202951256e-01
8.171727743586796322e+00 6.091995407453475231e+00 -4.508657056309889333e-01
7.796306882441658814e+00 2.810097678726829251e+00 -7.299833157043082998e-01
8.406513583715399918e+00 3.154889881056996970e+00 -7.504733053305960855e-01
6.469954016692129883e+00 5.630069310637253466e+00 -2.625145106459068067e-01
5.995554767102087013e+00 4.795976521606985621e+00 -3.379839193529001751e-01
7.429436407346313942e+00 3.551313099975403453e+00 -6.052900063660262564e-01
6.680361784309742923e+00 2.399742292381341624e+00 -7.248089715288973389e-01
7.817354382240861987e+00 6.233237821110356514e+00 -3.660103623177675125e-01
4.007461408011363524e+00 9.156851194120093851e+00 -1.532733804617489870e-01
9.681083909344847527e+00 6.882587167242109061e+00 -8.936884751863010123e-01
3.777107973278959197e+00 5.374854850029293196e+00 3.794153833441038515e-02
6.353842843454998501e+00 4.084597121603088077e+00 -4.702348638300690720e-01
5.538335186444962588e+00 1.621719668615345666e+00 -8.158403093188347777e-01
3.765165164669265208e-02 1.665789669617436242e-01 -9.681164317826802534e-01
6.483273671121173726e-03 1.123048932583155857e+00 -7.921348698147565592e-01
4.876207871332000288e+00 7.600730276071811176e+00 4.302696921210547032e-02
1.918049883788859322e+00 4.205523518479816758e+00 8.925432868942095865e-03
6.048664786204710708e+00 9.369327292424056708e+00 4.698202919311822434e-02
3.956665707632234241e+00 7.535571341160185455e+00 4.124456167966794595e-02
6.573493365218347151e+00 6.453644678696526249e+00 -1.189117988978827256e-01
2.001207301421100926e+00 3.695419268787609179e-01 -9.287597262595357339e-01
1.979891077352935236e+00 3.547809252094981325e+00 2.779294981334645698e-02
6.797083649935025562e+00 9.885676848881949086e-01 -9.711111490272752444e-01
8.915253771737697619e+00 2.461267165335384366e+00 -8.275954728302326036e-01
9.253172597611557748e+00 5.949681294906610241e+00 -7.989018619382866060e-01
7.004810648303744003e+00 6.838741130762175935e+00 -1.125424372918883975e-01
5.953626160258539635e+00 9.407842948522413096e+00 -4.222618713278336600e-03
3.398646240937498453e-01 2.412718591937696999e+00 -7.732168081156749473e-01
5.714458192932961644e+00 1.496959907939167111e+00 -8.291708474422440078e-01
4.526232720845501767e+00 7.194295898400036471e+00 3.968498615193416512e-02
7.617745015558061716e+00 6.361844906171962855e+00 -3.163464431082518846e-01
3.515196121158869591e+00 5.318457094083859360e+00 4.029041685662182459e-02
7.861320620848655238e+00 5.032300627338721632e+00 -5.095309937185591442e-01
2.293392850120255844e+00 4.794447419727602688e-01 -9.392936800117690499e-01
1.808124443101846834e+00 3.411165333572039639e-03 -9.553884198933054739e-01
2.124477680976823102e+00 1.792185942259194809e+00 -5.894038281110263178e-01
1.785188205783768911e+00 2.464876059619597548e+00 -2.692167021239675329e-01
2.026269478771907551e+00 3.995512057033519859e+00 2.657111417900015482e-02
6.675517642809503549e+00 2.366491879127343712e+00 -7.291105923833200997e-01
7.809658942595841147e+00 2.960065284861494561e+00 -7.170965872485979276e-01
8.821827031909009520e+00 1.562226971433813283e+00 -9.118070674688508737e-01
4.705565324610954114e+00 6.617512934458513740e+00 3.977538818312842395e-02
2.473500742446744116e+00 7.423146581861076676e+00 1.977616239730872749e-02
7.156773191787540789e+00 3.706215749174985419e+00 -5.797877087299042609e-01
8.487159951703999283e+00 1.673363532611389592e+00 -8.607263314424011824e-01
1.731618286320651734e+00 8.852799752873737660e+00 -6.239296266230354160e-01
9.604306010510166303e+00 7.045279141552442947e-01 -9.952801013281754594e-01
3.355404473028213097e+00 5.482037924965411868e+00 3.963358261513327818e-02
4.486397561750197660e+00 3.189765407990210910e+00 -4.655071087473161562e-01
4.548572331741325137e+00 1.994860910663822651e+00 -7.053691097579959379e-01
7.378599725030269063e+00 9.116676188872716580e+00 4.889164514025265418e-02
2.889921712457570901e+00 1.171753512687114362e+00 -8.156852651037420632e-01
6.241848902501208940e+00 6.186309117748928915e-02 -1.005782242232781121e+00
6.961788540420831062e+00 8.891548210212514292e+00 5.318319845081453945e-02
2.425839094455300771e+00 1.274791806582056708e+00 -7.638676482364084031e-01
3.396786614525574510e+00 1.191786147674052776e+00 -8.328710839630002472e-01
5.309948038703921291e+00 8.348050600883368588e+00 5.112912653663936879e-02
1.799291850557174222e+00 5.328176838635034329e+00 -6.811290802843039671e-02
5.856443384305781708e-01 4.319872889560127049e+00 -7.258680727788551224e-01
2.490691000927537591e+00 4.119179585144872036e+00 4.420197648183465944e-02
4.829018734040544381e+00 6.302197893490752989e+00 4.053926526093354354e-02
8.161626439227545049e+00 5.439681190816877177e+00 -5.178283909161300880e-01
6.722178280049456944e+00 3.976099861309143613e+00 -5.152983466494476250e-01
3.621337275292041635e+00 1.069459197885871848e+00 -8.576873106975635430e-01
3.007283077813578953e-01 7.337023115023871611e+00 -9.692240873585760141e-01
9.192055455238289596e+00 8.400418587379643753e+00 -4.972026761548641316e-01
9.325870367463524602e+00 4.101301625086335889e+00 -8.512558664530932573e-01
2.899543427852135480e+00 4.683520581203652888e+00 4.411694485315642567e-02
6.282819024248012418e+00 8.708600830260300185e+00 5.113634115121556967e-02
7.131461127149008039e-01 4.165239358494428501e+00 -6.371367932317686389e-01
3.135833577820770657e+00 6.555358746222386124e+00 3.793705166595318090e-02
1.652214048260985668e-01 6.390385674693058959e+00 -1.005883518650203534e+00
3.194739723628534644e+00 3.595084943743128036e+00 -1.126283699220618217e-01
5.398022236018290343e+00 5.557808536695172386e+00 -8.156667454743882217e-02
4.287885337609168568e-01 3.440914187961766846e+00 -7.612987145502794206e-01
6.021068986349373819e-01 6.724579817174785035e-01 -8.285794778823052376e-01
7.744823375727342807e+00 2.025770971071565452e+00 -7.953583040658831482e-01
8.035525496551443325e+00 7.200599097190447662e-01 -9.606868038917102393e-01
8.341987007553926858e+00 7.009551839395820494e+00 -3.715403231539386453e-01
3.875461883666388996e+00 7.129925505284504972e+00 4.017460251716631348e-02
5.958459001346240846e+00 3.346627317559732973e+00 -5.447561580319506547e-01
5.609989653180869063e+00 9.425300830014975872e+00 -1.417129336771789649e-01
4.383480368872721300e+00 9.136672106701123397e+00 -5.974513669217285106e-02
7.085428565177935845e+00 2.421423082998542586e+00 -7.470742315960468005e-01
4.370550677538243001e+00 4.260865617337543654e+00 -2.132579366004119237e-01
4.380112403981091695e+00 9.574129364469769143e+00 -5.786071380834657552e-01
1.168215590964509776e+00 1.344782492421368936e+00 -6.234654478428662827e-01
5.380769414584532839e+00 1.592907317247147070e+00 -8.248855330015469889e-01
6.383562483756851869e+00 4.787774413999440704e+00 -3.778118246732291574e-01
8.637294340910608992e-02 4.476768787369866387e-01 -9.128354046652551457e-01
4.149164197592827147e-02 3.903566841552517985e+00 -1.033642748471797379e+00
9.083183592143445395e+00 6.088785370468971676e-03 -9.868633359460166066e-01
5.730368462180116751e+00 3.538804969046028148e+00 -5.005711526793557020e-01
6.609312666392884950e+00 5.651380029251557247e+00 -2.810510127689034299e-01
1.156383852656723832e+00 7.772194262642340146e-01 -7.981446990940468389e-01
5.599092842330644082e+00 1.086355407493627689e+00 -8.927208605545541298e-01
7.090776769805254176e+00 9.840512351943864644e+00 -1.950372143168092043e-01
3.254494065743868791e+00 2.295627903926565683e+00 -5.466383923441648918e-01
7.470546034920472422e+00 1.026721943764949962e+00 -9.179558319520557674e-01
4.691496858567004047e+00 3.697219569965374486e+00 -3.888757108195353140e-01
8.467984017416844367e+00 3.950894503351653153e+00 -6.908128461793010544e-01
8.613538860627204530e-01 8.691876773574934489e+00 -9.577394154128213710e-01
2.814694647660608062e+00 2.917474484421107128e+00 -2.580893664327295056e-01
6.792581055404428803e+00 4.244272903422855236e+00 -4.850580292554618200e-01
5.313618334998082560e+00 4.926080859307830018e+00 -2.215140466040259604e-01
7.773672499036297090e+00 1.999464780609297776e+00 -7.970677739821301344e-01
6.528482158143646075e+00 3.465804650826018740e+00 -5.696872391860698936e-01
5.974579935573474110e+00 6.647305971365036648e+00 1.636468133924107171e-02
9.817376961707182659e+00 4.836414712837006746e+00 -9.106895870749593946e-01
3.530202972729484134e+00 7.567581549144644093e+00 4.105962080366554190e-02
2.626021072712825699e+00 3.441197164925090757e+00 -4.405957881279043420e-02
7.112992291109770271e+00 7.264506340932146422e+00 -4.959261092716804598e-02
1.407529331630829272e+00 2.650329170338219242e+00 -2.160700834577218288e-01
7.930795975554397970e+00 2.186280092439196299e+00 -7.810298719822169611e-01
2.551282607826303561e+00 3.366063118057613934e+00 -5.177565890481128363e-02
2.048268860008195968e+00 1.968650678831089573e+00 -5.223141440402598867e-01
3.005293309752982811e+00 5.028185854128570220e+00 4.128900329420437387e-02
3.332789221752441300e-01 1.148591000840419873e+00 -7.419900016412916965e-01
7.079642979336756348e+00 2.995850850263428011e+00 -6.606720400666190596e-01
8.631581040957453377e-01 8.450094674570289399e+00 -9.369101716387771006e-01
1.019511026233756557e+00 2.524368189728732892e-01 -9.289964458208772591e-01
1.734004629943091402e-01 2.190115640810051112e-01 -9.766011314426690237e-01
4.497764870161399919e+00 6.965619354110071271e+00 3.910192781471177881e-02
2.440067354574015024e+00 3.788116530885245581e+00 3.782027568897294856e-02
5.587945855510977111e+00 2.863050645305483144e+00 -5.925416890998040920e-01
3.653425574154177125e-01 9.422923207315274385e-02 -1.003288662801268494e+00
3.225528906343531066e+00 3.273214784751591555e+00 -2.241441819176057670e-01
8.115877719737692786e+00 6.038118058741481775e+00 -4.462005196271447982e-01
5.058607324859327292e+00 9.399759755891141211e+00 -2.241214337250039268e-01
8.443755600602669276e+00 7.201144929595127309e+00 -3.719972070609610104e-01
2.189160411863862343e+00 2.289986213143668237e-01 -9.598111165780884857e-01
9.536065762070258245e+00 4.608618028166649339e+00 -8.564473415489166630e-01
8.692043448645755177e+00 1.419405855515136983e+00 -9.160638995291907616e-01
4.794799870290118449e+00 5.935810121448957588e+00 3.809295920083988207e-02
1.602890674080000410e+00 3.510530230415985109e+00 -5.260883876376221124e-02
1.562376016968221260e+00 6.980759863945638521e+00 -2.569428460518121682e-01
2.168057478942966299e+00 7.632330516841562940e+00 -2.103736225904340174e-02
4.664266376653334767e+00 1.386082734103978753e+00 -8.205218301161134598e-01
3.365339327943230874e+00 2.476074567326693732e+00 -5.055750546512109977e-01
8.582890406592925459e+00 7.055902720499229730e+00 -4.382635960052497781e-01
8.919049759477150063e-01 5.432107471411439015e+00 -6.482959296211427969e-01
8.122814249334961545e+00 6.987932980033430219e+00 -3.196069519487678701e-01
5.507223195507983782e+00 1.130995115753302693e+00 -8.810400644432999639e-01
6.358266583706807751e+00 4.460009345448599088e-02 -1.004763015441615392e+00
1.746770535340788966e+00 7.396772578045454516e+00 -1.878583791164727401e-01
7.732259712978100552e+00 2.986623785461426817e+00 -7.071115233396042532e-01
8.570841281103529496e+00 1.752727706010546838e+00 -8.566055562878860385e-01
2.682560176900186111e+00 4.037100745908514199e+00 4.139484989395247894e-02
1.609840511407054642e-01 4.897279233196397463e+00 -1.008788178288740234e+00
2.836440578985348182e+00 4.744430541783894562e+00 4.349240529659015309e-02
8.639924458744983049e-01 6.173975222503813143e+00 -6.451815634448303527e-01
7.767704787798910715e+00 2.853388454564882881e+00 -7.242674593866660349e-01
2.930043453116286223e+00 9.275201480333459259e+00 -3.866638617765940644e-01
5.586113200449022820e+00 5.917387008043084151e+00 -3.004758145003849634e-02
6.975550624332731431e+00 7.662868264177514988e+00 3.449019470149128352e-02
9.838332929532626281e+00 7.734759294080211234e+00 -9.256821584248293711e-01
5.064559832154347241e+00 4.488823546273600584e+00 -2.885077574681216284e-01
9.320068191815545688e+00 6.402569616160139532e+00 -7.706248605145570307e-01
6.140688241109073076e+00 6.404172894415740558e+00 -4.263673571203474566e-02
6.424237150800714780e+00 4.290695250129822114e+00 -4.480032907196700442e-01
2.927283945878782934e+00 1.571211394199113487e+00 -7.246019491519526401e-01
6.251114484868131038e-01 6.462444599180998672e+00 -7.568790004214953626e-01
3.205025159473336327e+00 3.063145530374184577e+00 -2.887286667575890142e-01
9.333285102713196224e+00 2.269360327600573157e+00 -9.269275252845969870e-01
2.247644706296402006e+00 9.373465760423033144e-01 -8.371611100050959653e-01
1.178489474457742991e+00 9.080131897882951719e+00 -9.373895289868119374e-01
5.782938374856248842e+00 2.295192417969166510e+00 -7.006717705900578075e-01
4.888694797836519612e+00 6.367543785451533545e+00 4.005807894460344798e-02
3.280117161464552122e+00 9.530303247615519169e+00 -5.667109994701678977e-01
9.039781522030461147e+00 7.946050738978315264e-01 -1.000774546079674199e+00
5.185477641483903000e+00 9.375101836781812636e+00 -1.719499033006310906e-01
2.560239318141174891e+00 4.606708621901438594e-01 -9.735596147512342036e-01
3.504250404812233821e+00 6.263976771961789147e+00 4.074819086939607260e-02
6.583356155472763760e+00 3.030358883159095296e+00 -6.299649949705666829e-01
3.552063306738241444e+00 5.891219414204046601e+00 3.878109351764402746e-02
8.372592319333948652e+00 6.712933230395785600e-01 -9.773555007948948603e-01
7.351070133002103546e+00 5.051722187244233275e+00 -4.443015976027513414e-01
1.009185208009792722e+00 3.625088958379256709e+00 -3.895606118842325216e-01
1.100679882912960483e+00 5.104053305943136998e+00 -4.186619313477875082e-01
6.630140921878137306e+00 5.987311471021909526e+00 -2.301112592763001619e-01
9.353283242454844881e+00 6.747933349561977323e+00 -7.833692924874419150e-01
8.248801231283641400e+00 6.882195328775005727e+00 -3.652644077501753239e-01
2.847676336496620664e+00 3.432073080599428838e+00 -9.016084758546183409e-02
2.956368195984673264e+00 8.542159905491077510e+00 3.365082181687251150e-02
6.048247886339090940e+00 5.898439375712351662e+00 -1.301036956992376314e-01
6.807990019195997888e+00 7.335067777023974500e+00 1.296461593776920829e-02
7.861888484083630502e+00 3.633237618782525935e+00 -6.322188856796109313e-01
3.884313044552322403e+00 9.843681944875958933e+00 -9.670774566585458309e-01
8.878433648463335714e+00 1.679251805436339229e+00 -9.040181478202498067e-01
3.615159548955467761e-01 3.922365981190741646e+00 -8.731295087015835676e-01
4.002288344211830662e+00 1.742868180741622197e+00 -7.172374602296414103e-01
3.663460354349791448e+00 6.179273286201442339e+00 3.985337121253262893e-02
3.900139121880687565e+00 4.688501346597693242e+00 1.884173465328320418e-02
2.154124138119995369e+00 3.894778080370562279e+00 3.723813575260814801e-02
5.469206273454486400e+00 3.861828242540867873e-01 -1.002168335751907113e+00
3.046667651655079467e+00 5.935469646588013681e+00 3.876392445728171765e-02
3.965263131474933811e+00 5.222626674835364469e+00 3.941338559863671875e-02
3.452933721657815980e+00 5.209260182187726684e+00 4.096369628801710405e-02
5.305805232916819492e+00 6.170982250354816401e+00 3.639877487802278822e-02
4.706404444031176304e+00 7.526883842988939755e+00 4.164248315864904626e-02
1.024585232290241565e+00 6.077161516401103469e+00 -5.722088019155222582e-01
3.471318676034746531e+00 9.785733347059894172e+00 -8.017038590587144409e-01
1.708562164086300017e+00 3.222352712947592845e+00 -1.024509611724067071e-02
2.984095949701783379e+00 1.848345794862428004e+00 -6.549312707019820934e-01
6.995348185845920774e+00 3.863303713912212611e+00 -5.528714310944768950e-01
8.630111447795403290e-01 8.506463867432575654e+00 -9.451115426083154247e-01
4.117567670842110950e+00 5.334991991568970526e+00 3.902925312699823124e-02
2.704891847299584651e+00 6.819689378468421381e+00 4.204664407690295036e-02
7.599536338164976534e+00 4.235302768450953437e+00 -5.603232912957307743e-01
7.893292191219501319e+00 2.918554118186047930e+00 -7.264523840153326306e-01
4.688209631538886590e+00 1.176043814423653799e+00 -8.565673032848986068e-01
3.694671847787944774e+00 2.277242736396820177e+00 -5.927990342706817017e-01
2.000859807662133782e+00 5.626444940540783257e+00 -1.117539901170605532e-02
2.757079582698639175e+00 1.708581809991770228e+00 -6.771925199327033518e-01
4.586861760304449809e-01 3.190986544550804993e+00 -7.152011618268181437e-01
2.170395386837999097e-02 9.770528718867588225e+00 -9.972144957787897335e-01
7.997604123429167267e+00 7.331343328075984545e+00 -2.249890087551348339e-01
1.321283244044202609e+00 2.808013752165948063e+00 -1.972550926710701091e-01
4.158504897051393812e+00 1.207317389763860049e+00 -8.318350896840296382e-01
8.092796116239160398e+00 8.950670049600386591e+00 5.294445169828287945e-02
8.529310773428045778e+00 8.075100709736490856e+00 -2.237849124116642885e-01
3.246800042124377672e+00 5.401937516451079446e+00 4.029253318095582515e-02
3.543483007255327610e+00 9.807981039839257065e+00 -8.332010452295914860e-01
7.823691499398130134e+00 4.429742418034380513e+00 -5.656693220602160288e-01
3.960675141271732258e+00 9.785933464047705810e-01 -8.609575671888312076e-01
4.868829599973286015e+00 8.511259531727551675e+00 3.608059430431942438e-02
5.089971995440799368e+00 1.500376685235181862e+00 -8.312439400894503505e-01
1.275634028386920971e+00 5.890268068222711761e+00 -4.115541003157954236e-01
4.872995674673461508e+00 5.249909255870714553e+00 -3.535691112831473859e-02
9.503668611462915194e+00 5.184348944055811259e+00 -8.391813538802148642e-01
9.278098766915283235e+00 2.081523547344676039e+00 -9.266877021471936482e-01
3.470111878660666616e+00 1.765439632961235183e+00 -6.960495128386416930e-01
4.250671086016315492e+00 4.422907743930667657e+00 -1.283793997334239378e-01
4.096410323853394431e+00 6.047125398981082256e+00 3.399722517318082282e-02
4.473648560065599966e+00 1.257250830234349637e-01 -9.723468999185373995e-01
5.228562183222577042e-01 5.937347450934959525e+00 -8.527518581869211189e-01
9.636846113989314233e+00 1.794978390233691101e+00 -9.995256143343453914e-01
3.212399133431721676e+00 6.206694845879536793e+00 3.897789453820799110e-02
9.373880221265698864e+00 9.473668306159188646e+00 -3.532316377254032247e-01
4.377108775678927977e+00 5.771567449438423481e+00 3.675320219944788747e-02
4.798166055572100852e+00 1.342952485919260086e+00 -8.362652909473157203e-01
2.401441862400852223e+00 5.187707875849859818e+00 3.305381125845752166e-02
6.643597300104419290e+00 5.762034190622368435e+00 -2.676263014729665102e-01
2.675633986998564584e-01 9.832181128469349218e+00 -1.006228370392130422e+00
2.386464168982852740e+00 8.448033605587696115e+00 -3.542493148203940123e-02
7.723166705606852034e+00 2.133193795737400755e+00 -7.874945001880688800e-01
3.367325098905822767e+00 5.290088240941872577e+00 4.075301409111053985e-02
3.421313751227530453e+00 5.934908109913026308e+00 3.899073567796218498e-02
2.435178199976705482e+00 1.291077048339802857e+00 -7.603975341578821379e-01
2.964877881595313625e+00 9.854496172200658322e+00 -8.120082523501542804e-01
1.108839269123092164e+00 5.046805189636335953e+00 -4.069040783182318322e-01
2.279775108616564516e+00 4.803691204910424339e+00 3.532324238344752843e-02
1.076551707740327352e-02 2.592328428590530698e-01 -9.514476658927362163e-01
2.176953709663011605e+00 8.146117765541534439e+00 -9.069921620452436883e-02
9.040345459326314170e+00 5.627638200994710793e+00 -7.201178680076848471e-01
4.885817993898692535e+00 7.650675889316829181e-01 -9.254145848102671712e-01
1.446608387019799324e-01 4.609146468115510764e+00 -9.783400409110125651e-01
2.854533813453817181e+00 2.716647587903793681e+00 -3.433841548616785033e-01
4.370488553109943552e+00 8.082141013317363232e+00 3.977611006333248156e-02
9.209399942806504313e-01 5.467850712318244710e+00 -6.389215643597268013e-01
8.076799496090892871e-01 5.684808017505221578e+00 -7.348088525703690976e-01
5.689022157296305338e+00 4.682094816037706053e+00 -3.249383366326727973e-01
3.573403441458762320e+00 9.176378315879963665e+00 -1.931401629355240512e-01
1.628097149011516143e+00 7.062346770511203076e-01 -8.371259283064065304e-01
3.899428197835956400e+00 2.502371396124085101e-01 -9.699373454722702848e-01
1.688790379941186082e+00 2.279487463063098129e+00 -3.311508617047436154e-01
8.262945361213314133e-01 5.419272767988034811e-01 -8.667788341799422813e-01
9.244633177142549840e+00 2.299339066545889043e+00 -9.071889115995744879e-01
3.944743906723732874e+00 7.446211737655133334e+00 4.112292569083519922e-02
6.675209083551450817e+00 9.141628351298788147e+00 6.817361561749391008e-02
9.894163485221943333e+00 6.304836109360927310e+00 -9.912694984703882550e-01
9.842474070783239881e+00 6.811623279243313789e+00 -9.473723111221918902e-01
4.689222134517676110e+00 3.576053283149887463e+00 -4.105748772470416696e-01
5.630724805349051287e+00 5.713600893741432429e+00 -8.797907594108478335e-02
3.776474687990667434e+00 4.968796779262851793e+00 4.148295980319227638e-02
3.713104454835681745e-01 1.190720826053658365e+00 -7.313129951769763437e-01
9.709069008245716503e+00 7.082242965668896773e+00 -9.079808818546949434e-01
1.594236397770385505e+00 3.966632281016401418e+00 -8.227612029889153078e-02
7.327390882017930984e+00 6.431683029961859921e-01 -9.703643963203324452e-01
5.851832145987495792e+00 9.269566079230337152e+00 3.705973578441712490e-02
1.811491032389061173e+00 7.409546935437013815e+00 -1.559473466580936218e-01
9.818070444526373564e+00 8.364689630584352997e+00 -8.713034865583706434e-01
9.823562608336644075e+00 8.727142183013826937e+00 -8.955209522272411515e-01
1.659466950383319928e+00 4.194251818583070168e+00 -6.465552134757412972e-02
9.331605941968888374e+00 2.123589355755148844e+00 -9.338468510912637521e-01
6.434307740929642527e+00 5.705838257845204708e+00 -2.426554538894194479e-01
6.995927299278714706e+00 3.841037358463187168e+00 -5.553416911265431910e-01
4.762154719424225746e+00 6.290930551134913173e+00 4.042513335798769702e-02
2.203902371797810567e+00 7.017650065931928971e+00 6.115873548377948055e-03
4.545141371865509150e+00 7.581366838167645783e-01 -9.125694100191142910e-01
1.032068288355781682e+00 3.854681366485674943e+00 -3.971857976535257961e-01
1.581791923867695626e+00 3.152166534617847571e+00 -4.485526712731680021e-02
7.461469786857704456e+00 2.586364248188222970e+00 -7.425348874775575814e-01
5.635803862575971657e+00 5.669992702692666420e+00 -1.001460148237325321e-01
2.544214793705855016e+00 5.236940182546164557e+00 3.678432422556365822e-02
8.847955014311557065e+00 3.904677254318451585e+00 -7.628484443887388888e-01
9.081094783160194694e+00 7.900468764041032266e+00 -5.127159508580143576e-01
6.108043218714281686e+00 5.912574385229844687e+00 -1.389393737226751746e-01
3.216217633326259318e+00 2.246804405477449418e+00 -5.577963280788655887e-01
1.744476035255122737e+00 6.789489595072429884e-01 -8.516765888265700468e-01
4.074376183491092540e+00 7.500433724111669420e+00 4.119264367912078839e-02
8.138501367471407733e+00 3.419399915048318417e-01 -9.904898371882253638e-01
3.947554201205632829e+00 7.446795464128696196e+00 4.112403006099007996e-02
7.236616305780110281e+00 3.762655979770399561e+00 -5.811021847932752449e-01
8.076133412564660219e+00 6.355193596879853857e+00 -3.971620306552489099e-01
2.650530469188052685e+00 3.362550335422557879e+00 -7.495423863631245354e-02
4.611944945660335193e+00 1.573275726162121968e+00 -7.825778781603840439e-01
3.431109403402571978e+00 1.323619380244953403e+00 -8.002670103921212252e-01
1.649105990508505704e+00 4.059306945024482305e-01 -9.012813398026418010e-01
8.991202735346668362e+00 8.319662863021948240e+00 -3.915912977698177144e-01
7.873179214706231832e+00 3.069005605072941290e+00 -7.093159028571439650e-01
8.555123622620035562e+00 9.862997942809581531e+00 -1.593223388452773559e-01
3.595572551238972459e+00 4.773257496646460929e+00 4.074343294010196459e-02
7.360435055359289436e+00 6.244414372574933481e-01 -9.710981254769321946e-01
3.098866433612486038e-01 8.036917567518253591e+00 -9.897918924157447229e-01
7.065790697003344611e+00 2.787670323848737031e+00 -6.913897794820268450e-01
4.886797210880018838e+00 7.268243190606223258e+00 4.297510627654999027e-02
6.006287632134889698e+00 9.477669536613403167e+00 -6.493059358870945097e-02
6.660282812228522253e+00 1.960759961418636621e+00 -7.930787899440389088e-01
2.573594807414934404e+00 7.719893438402317010e+00 2.966453858170003954e-02
7.492133649973604648e-01 5.110141031941437539e+00 -6.635952869489880612e-01
1.948011786166538917e+00 8.416861474569827806e+00 -3.004721750295282767e-01
8.892897068435564378e+00 1.062123017896072108e+00 -9.723546791927553112e-01
9.261907424619977292e+00 3.283015460422871623e+00 -9.259346445146032778e-01
1.768964651599417515e+00 8.082286686336335180e+00 -3.172917472552883034e-01
8.459480539250298747e+00 7.433045395465581073e+00 -3.356268338897308023e-01
2.165100671803590782e+00 7.213076350707980033e+00 -1.128657199929605781e-02
5.779082793050977607e+00 7.496807079238035243e+00 4.581160734258493683e-02
1.689111056683713974e+00 9.885002551113009517e+00 -1.006290476200984552e+00
5.866448553925122766e+00 9.245591624923248375e+00 4.675559892063319012e-02
6.392562807456852347e+00 2.606100466833961848e-02 -1.004373205919823597e+00
7.789461785221429402e+00 4.067068406963989524e+00 -5.947018509831279998e-01
6.233283246243831677e+00 6.725128322617255350e+00 2.134900120409621849e-04
6.376976205016147980e-02 4.866172624027941040e+00 -1.031912482977690892e+00
4.467405113108180004e+00 3.664197399992481063e+00 -3.677960389011554199e-01
6.015930390163656272e-01 8.648505547670623628e+00 -1.005390779894932196e+00
4.123639736688926583e+00 3.844968635601200280e+00 -2.604222984217590131e-01
6.873075845795232119e+00 7.152077768086047449e+00 -2.642240831207431917e-02
1.331132167226226404e+00 3.343133400833043112e+00 -1.631876233131936971e-01
2.604039996341651175e+00 6.906304476009149873e+00 3.944740558422843435e-02
2.461745707447381637e+00 1.289355601604288637e+00 -7.630012030442570037e-01
9.306742252572249186e+00 1.051395968719676555e+00 -9.930467626186593177e-01
7.087989322325981334e+00 8.331257642416524334e+00 5.202918540372936107e-02
4.175810770672027772e+00 7.958196271200062455e+00 4.071458211154865836e-02
1.189768053879328713e+00 2.645584310408451323e+00 -2.795181055073614473e-01
9.734523380446903573e+00 8.689307673827917355e+00 -8.368281597097413371e-01
3.516025197883682729e+00 7.929529571640199670e+00 4.270398022111798753e-02
1.217221451263961196e+00 3.453020051755269382e+00 -2.384568773629593963e-01
5.391997830198973496e+00 1.649632132429088127e+00 -8.145846417747626411e-01
1.821460405746472055e+00 9.882991761090758942e+00 -1.012241388266962971e+00
1.093342015087813257e+00 5.988683855550519297e+00 -5.319191921497683495e-01
1.448414860347459809e+00 4.025686590042363733e+00 -1.567809380968121502e-01
5.061681550110477268e+00 4.939091450930726879e+00 -1.608068709187793210e-01
2.160590914536181018e+00 5.581319154157344392e-02 -9.689286315325082999e-01
1.685664203941617256e-01 8.449446789271268798e+00 -1.015288379479070358e+00
1.007066454272420725e-01 9.075734756918073742e+00 -1.003695724799539724e+00
4.485551012478173227e+00 3.665333926228803385e+00 -3.699628181232523794e-01
4.093170389792544217e-01 2.904307895625540148e+00 -7.382071748754670537e-01
2.877894350312404370e+00 8.787196913429426104e+00 -4.878361467230507564e-02
2.659911074222217398e+00 8.955106614717486480e+00 -1.989627289003472743e-01
7.118604479143955999e+00 2.793973805549454514e+00 -6.934333725575795304e-01
9.469001357971979616e+00 5.367862223289091794e+00 -8.458034414773585308e-01
6.149626165506790976e+00 2.234528420425475392e+00 -7.162010224850934303e-01
6.047301872355787644e+00 7.765023891723720872e+00 4.519208927009321641e-02
1.955819157218232407e+00 8.710809657677046403e+00 -4.167781867847504262e-01
3.241528067121020040e+00 4.163336552262413726e+00 2.448714047445532671e-02
5.285661404552771891e+00 3.373160249536963473e+00 -4.921593230158938237e-01
7.849522966073448238e+00 2.893312836735287608e+00 -7.258061489229994390e-01
7.914387983755999834e+00 7.950422208889069697e-01 -9.498189745368939008e-01
7.284012254671509368e+00 2.971407139031827516e+00 -6.757396847044097044e-01
4.428614437440230311e+00 7.772786265384583615e-01 -9.057241031694054367e-01
9.534260226513845637e+00 8.938134056935403970e-01 -9.982286383294227683e-01
4.603238551358752595e+00 2.200151271806877418e+00 -6.713179813221985537e-01
7.126784852978470752e+00 4.000846580694465082e+00 -5.485369605978540619e-01
2.189114961443480833e+00 5.025991558370647816e+00 2.440774850176907762e-02
2.835377853130438108e+00 6.399644322804819430e-01 -9.537937491595478434e-01
1.201500186752024524e+00 1.201411864897139026e+00 -6.693215220521633313e-01
2.609364318318786236e+00 7.943896802594756501e-01 -8.948222206351088559e-01
8.821064289043070161e+00 2.473346459049899249e+00 -8.069711235451562104e-01
4.833082544581260187e+00 7.660635986954456023e+00 4.238212115040695949e-02
1.126679875381387808e+00 4.102350181025778753e+00 -3.527393646591692189e-01
8.799485217137187121e+00 1.267411462383335907e+00 -9.439754088004684851e-01
7.060631999460989405e+00 9.171217743496367092e+00 6.049840644487503027e-02
4.350439723011101378e+00 9.437958952046820116e+00 -4.115093109107061942e-01
6.030516515793630461e+00 5.764880814596932801e+00 -1.552806618888746826e-01
3.128201979419935608e+00 1.110875933865607540e-01 -1.000459171735134767e+00
9.475071639461162931e+00 6.071796435936342995e+00 -8.860196551948205101e-01
4.704945743351930609e+00 6.463794246800076415e+00 3.984516610862565145e-02
8.059279086508000844e+00 4.733033482305943451e+00 -5.680759890303161974e-01
6.729058662137743951e+00 2.749001612454607724e+00 -6.780754809094481361e-01
4.075029875075750208e-01 7.019908522484901603e+00 -9.277713810661754046e-01
9.606140930905509023e-01 9.435387222712547484e+00 -1.018245179089041441e+00
7.750696033513024830e+00 5.962790656343350371e+00 -3.909543803953363650e-01
3.294984481260734843e-01 7.258858127816405492e+00 -9.636915698352113147e-01
3.349172154898629294e+00 6.963782886138192296e+00 3.978149289856069970e-02
9.063291490894730629e+00 1.740580682827844727e+00 -9.240142496745059608e-01
3.668336411886601311e+00 4.483877051905079014e+00 1.536197994449217674e-02
4.063143807826953835e-01 2.799729265134616174e+00 -7.433338147594499290e-01
2.913918946597696014e+00 5.195013036782074600e+00 4.085952736029696553e-02
2.442436233018071778e+00 1.872106556529163912e+00 -6.024571549850774588e-01
4.641326817326213217e+00 4.122633648267673756e+00 -3.028913354935522939e-01
1.536581546795995346e-01 3.721020837511134438e+00 -9.735053502401536107e-01
8.296444889148784085e+00 4.520019392194186025e+00 -6.232019581289002241e-01
7.187875049161855934e+00 1.576064589454986009e-01 -9.991613424727394666e-01
7.774912027512876023e+00 6.240921485747683128e+00 -3.581985775079395973e-01
8.292644468835734806e-01 4.043609112875659051e+00 -5.509125555303522326e-01
7.466564933552384709e+00 5.992229735218230324e+00 -3.441044553715721932e-01
5.227410719441598630e+00 7.286865865416434218e+00 4.533926230821938574e-02
9.277896247396005824e-01 3.738033493471410451e-01 -9.082553491605938056e-01
4.331520664096630391e+00 7.728009132557245309e+00 4.007478947596743168e-02
3.470991262652435516e+00 1.314000027177264718e+00 -8.028919427991669799e-01
1.518935138610689517e+00 6.844647680236390919e+00 -2.709084826657095491e-01
4.029659400198089436e+00 7.369082184481267062e-01 -9.017120077453258942e-01
2.233731578231737291e+00 6.109863568812912149e+00 1.563593653397976624e-02
6.344994592753077534e+00 3.527678251040959889e+00 -5.478188971445270283e-01
6.660593042499363126e-01 4.911363255023267760e-01 -8.882293747846330412e-01
6.428933434099286970e+00 9.475194110110070511e+00 3.250993708127891679e-02
2.685965143765283170e+00 6.235061515531442389e+00 3.428003966322012985e-02
8.559337032596584294e+00 6.284249204705532499e+00 -5.190325441324892264e-01
7.446717228226074070e+00 8.387289716324545452e+00 5.467333975466959206e-02
5.866682192899097537e+00 6.661609997735875588e+00 2.693259935032177310e-02
8.564509732453206681e+00 1.788785667621545450e+00 -8.504408851888602960e-01
9.190701984598200980e+00 4.289343140117448883e+00 -8.078506453078878602e-01
5.868963357094681754e+00 8.750769788063056609e+00 5.468960024690772137e-02
7.541378603037991013e+00 2.968362029132203705e+00 -6.935195791916605179e-01
2.313028947275652225e+00 8.034250166620951816e+00 -1.726991896350105193e-02
9.807740073429652150e-02 5.286800658162876587e+00 -1.001926924873431268e+00
3.702138503076805254e+00 2.358680339672655002e+00 -5.751653406890731013e-01
9.229595501916580957e+00 6.198474200208436535e+00 -7.568661411195525268e-01
6.740368445371273332e+00 2.295905947279551551e+00 -7.439215372047929264e-01
4.776036985649131594e+00 8.108289288538312434e+00 4.008147295789665776e-02
2.350734875349445918e+00 1.532372428297272826e+00 -6.893078134755652453e-01
7.302366192420691959e+00 2.300544199706195059e+00 -7.743454946492116520e-01
6.381809623008337373e-02 4.243033025010563009e+00 -1.011552482816406862e+00
2.005037828598477123e+00 8.080539279927174690e+00 -1.651089623898873704e-01
9.623514714150873672e+00 5.538489069591134850e+00 -9.499950911501976458e-01
2.837526885628295137e+00 3.135998497834378451e+00 -1.851664816308251638e-01
4.910259683022684563e+00 9.461028112019447267e-01 -9.005800763435356515e-01
5.987168903975140566e+00 9.113743466126900117e-01 -9.553923331364950755e-01
1.635052805325209135e+00 9.532478964548484868e+00 -9.803200901888411423e-01
2.389422737000273411e+00 6.788777925078930409e+00 2.705090859354575272e-02
8.023725376702650181e+00 1.881396261284546512e+00 -8.119947463239455265e-01
4.896100417765765767e-01 2.111780302444375701e-01 -9.887607386221008987e-01
5.809171607695599704e+00 1.698198125716201767e+00 -7.969193165320258565e-01
1.697771695426495198e+00 2.072537810331047670e+00 -4.174288980916895930e-01
9.630311579930552757e-01 9.240115639749298282e+00 -9.964329115946273241e-01
1.448152996706115747e+00 6.790027976194723536e+00 -3.054837787183251052e-01
9.168554394791778250e+00 3.594064531504828075e+00 -8.675707445607914181e-01
6.436591023877248574e+00 2.958794424561457248e+00 -6.316034441979675451e-01
9.883397301580702177e+00 6.553750452741038401e-01 -9.857887496139341454e-01
5.821823112509353360e-01 7.231196523972220902e+00 -8.417124699648801389e-01
5.381186937947162185e+00 3.956760950302411484e+00 -4.141390836537877096e-01
1.838696298030553511e-01 9.163546387039440688e+00 -1.003727665935045366e+00
5.546242032524278720e+00 3.866625625437809077e+00 -4.400146852271089593e-01
4.128141381401423615e+00 5.804606492000995432e-01 -9.281414800394103271e-01
3.996376116034266790e+00 6.176985058969335363e+00 3.654246239497283000e-02
7.002016599329985880e+00 2.188328079613620858e+00 -7.781914762461905610e-01
7.874399556699429148e+00 3.281703930960237603e+00 -6.773501375408395031e-01
5.309678771826456867e+00 3.224698608498884234e+00 -5.164841385510900995e-01
8.977724439034725279e+00 4.600335487564909620e+00 -7.396789211925411944e-01
1.391173113859180299e+00 8.836233877830775185e+00 -7.898829928123107802e-01
8.933209495816856194e-01 1.025045724068072373e+00 -7.258436001735328880e-01
7.382092404558710186e+00 5.408896223788325130e+00 -4.070377394457880271e-01
5.454469563978524782e+00 2.822404851064237441e+00 -5.922108257696732103e-01
9.469394900244182622e+00 8.501752068782829852e+00 -6.661848508122018009e-01
2.117443928034239420e+00 5.021077988997939556e+00 1.711509012533518614e-02
6.790608629652066242e+00 5.550320949190115094e+00 -3.217871710862443280e-01
4.762278607668061881e+00 9.036095799432176889e+00 -6.771222145287580929e-04
6.729025421190446998e+00 1.299711522795770069e+00 -9.226590710415567553e-01
4.679010898197280000e+00 9.710395508269334286e+00 -6.414338489025064316e-01
3.836222550411872767e+00 9.329292819847292861e+00 -3.583404290880495280e-01
1.658044021958097192e+00 9.010850776394635275e+00 -7.426054719822481331e-01
4.631492278525843886e+00 2.762257900803974930e+00 -5.622838852146325728e-01
4.258497975673297020e+00 6.526366182957870521e+00 3.841600592030669503e-02
7.852813478384116586e+00 4.811900714506561982e+00 -5.314437234025065626e-01
7.641057318105870522e+00 3.843309171202806240e+00 -6.006214971714294304e-01
3.427527543722750369e+00 3.641485868287047012e+00 -1.521064103730735972e-01
8.927427805004576555e+00 8.594794274077447227e+00 -2.822987970341750419e-01
5.316522410530471809e+00 3.918307878506963160e+00 -4.145392550339621618e-01
8.417832572986297279e+00 7.784935093279148788e+00 -2.494040274552967451e-01
4.394591756570242480e-01 9.795280192100328520e+00 -1.013368728584637557e+00
4.505582394549386471e+00 4.808089087771083570e+00 -6.916128675347055221e-02
6.176415602350397549e+00 2.664176971988428289e+00 -6.603399032515855360e-01
5.796662416316464395e+00 4.412690943408774658e+00 -3.783187844381896703e-01
8.766642357248350947e+00 6.633187659402740799e+00 -5.367316650186060301e-01
2.362837688121258051e+00 1.037052377647908807e+00 -8.217972744585395617e-01
6.136244558206028543e+00 2.191945066848198120e+00 -7.209619329574264990e-01
7.266899884369871998e+00 5.956673425381287856e+00 -3.210256273925504722e-01
4.491181820610550268e+00 8.193323257016569272e+00 3.882865302816673747e-02
7.007123247485427697e+00 5.592894090648398153e-01 -9.877652986188305562e-01
5.876618247266786277e+00 1.722195598772308989e+00 -7.928116065627117681e-01
2.386206683070418499e+00 3.595808984740551217e+00 3.008090008369768142e-02
5.371380970714728420e+00 3.692602749896975123e+00 -4.518538071316027249e-01
5.098669143724018582e+00 7.092002983497312840e+00 4.408737249379912626e-02
6.918529033171382459e+00 5.703751306176397584e+00 -3.141184200515445557e-01
6.461593560965975591e+00 7.271226212820216972e+00 4.309299404657251920e-02
3.917282243056880553e+00 5.902421167179214834e+00 3.635887711016616564e-02
8.341700979560183526e+00 9.454439161054068563e+00 6.698715166436863822e-02
5.136448867796866935e+00 7.472065073100916166e+00 4.559321876624267134e-02
4.757970792932631809e+00 7.901138550608874489e+00 4.058595990463320646e-02
6.680579954043971647e+00 8.786836537813272230e+00 4.936877257305294364e-02
9.307648911540805869e+00 1.136922936397381928e-01 -9.841666162337054935e-01
6.379031043255150912e+00 5.023625940110627575e+00 -3.454650699636423461e-01
7.251670567052793892e+00 9.641774219051338690e+00 -6.152574345316226545e-02
2.360064515794717099e+00 5.286467952029565431e+00 3.213522107233579561e-02
8.533811327865437946e+00 9.304142890152053980e-01 -9.614805238364370066e-01
6.724144603474665693e+00 7.087303834203853903e+00 -1.217435756710427697e-02
1.153536480145199494e+00 1.361099376168223296e+00 -6.185425802814885632e-01
4.436932274041882174e+00 4.071137108200254318e+00 -2.789838510342148581e-01
1.456034831266804552e+00 9.045191488636893595e+00 -8.463125873005552524e-01
2.926279835306552002e+00 7.938790027496346546e+00 3.315178446448907579e-02
7.634379011648996238e-01 2.929045862135193801e+00 -4.889572439107863211e-01
9.083424016279929347e+00 4.373557229845425276e+00 -7.794119369966618915e-01
9.232197059459450017e+00 1.635335536677075874e+00 -9.598446064744117212e-01
7.984247755643288258e+00 4.067035241117736177e+00 -6.156329148191852507e-01
5.512482037218839004e+00 8.483329999495564877e+00 5.221191623918719493e-02
6.213257845272418756e+00 2.932990803312768069e+00 -6.218184470162795296e-01
9.233355883486136229e-01 7.520838805524022952e+00 -6.891652309072950899e-01
5.376915775176831502e+00 9.167100307655916325e+00 4.100201080415044608e-02
1.469358542542729129e+00 3.181228227865123159e+00 -8.526787929860413229e-02
2.318898609799642241e+00 8.286946103988091394e+00 -4.936543020847672381e-02
4.358427384408440908e+00 3.364673437010363699e+00 -4.190039903453883774e-01
6.281823020753871667e+00 8.845849156879964648e-01 -9.877086851121064104e-01
6.415448112063722341e+00 3.744522108141107974e+00 -5.221260626105825864e-01
1.341670568287500927e-02 8.918023938887639446e+00 -1.003184981179903845e+00
2.064489583148207519e+00 5.528095596622534941e-02 -9.634885649601747648e-01
9.840017457929674194e+00 8.940198445695960672e+00 -8.152117797219806672e-01
4.055248294016271515e+00 9.139449238687268107e+00 -1.313068432425188448e-01
5.229927664247122188e+00 1.955261722339239672e+00 -7.558062485269494424e-01
4.671214827891045474e+00 7.405478628940555197e+00 4.160126890133319932e-02
1.142191703329109576e+00 4.694967209680339870e+00 -3.629928994465796421e-01
4.073131033904857645e+00 9.021859289956632111e+00 -3.639298038018012882e-02
4.231816959694671976e-01 3.103134932367348942e+00 -7.320936798538921764e-01
1.105181644191738227e-01 1.475226227892343811e+00 -7.549835291320752262e-01
4.587920490564798115e+00 4.118238759209793542e+00 -2.947700696549668820e-01
4.716050742800418583e+00 7.707592618157347530e+00 4.055713483732548141e-02
3.984439104418698641e+00 4.435857545298185656e+00 -5.550058319470307922e-02
6.421877521364008246e+00 2.252670076630579388e+00 -7.254750579173006031e-01
6.721439434778476496e+00 1.278010916717492229e+00 -9.274050892766080301e-01
7.376435436190576844e+00 3.406397162960583813e+00 -6.125071489859393870e-01
3.552672518461270634e+00 4.609612260760845848e-01 -9.713960885671457657e-01
8.816572282531099702e+00 7.529384075702248325e+00 -4.470515582623013628e-01
3.458464740864682252e+00 5.138168841932776232e+00 4.100597210850853713e-02
5.833991078253274232e+00 2.389680896347989025e-01 -1.007919624927628988e+00
1.731631427139429302e+00 1.792713982061865607e+00 -5.288735871808656341e-01
5.032096982559997045e-01 7.354122856755739512e+00 -8.858725493482695335e-01
5.784006925485597250e+00 7.265749938727795509e+00 4.383251000112786677e-02
5.168235546612756082e+00 4.033810363307111402e+00 -3.842411300221952875e-01
1.327471610187068496e+00 6.046940134271935996e+00 -3.822834522163729432e-01
6.407629877039016542e+00 2.729912898728861226e+00 -6.629742062575511019e-01
3.362638691643061950e+00 9.248352104610303215e+00 -2.864003700780484163e-01
2.292904688133909019e+00 3.813316504923978667e-01 -9.534151883842145736e-01
1.955016506436884516e+00 7.099148235870867296e+00 -6.552638226028051349e-02
9.704300749009284743e+00 5.329484479353846282e+00 -9.277333209465996600e-01
9.678096603997122571e+00 3.304865121003371264e+00 -1.005807507342496132e+00
9.135653383451451504e+00 3.576207685654072765e+00 -8.611318154570976047e-01
4.202592318707208285e+00 6.853051680536345280e+00 3.932815802825029294e-02
3.998511034578219103e+00 6.090547771307415204e+00 3.569342230036109953e-02
6.940419653252966059e-01 5.798030197318712275e+00 -7.777705995351800183e-01
7.895750345716209928e+00 7.505869205629164931e+00 -1.627935363390080603e-01
1.991780519779990488e+00 3.804810505302690160e+00 2.637399606313950429e-02
2.842935733113048258e+00 9.595036057561884490e+00 -6.563398245344100879e-01
7.796393877023037433e+00 2.029257705011803026e+00 -7.946168072384823811e-01
3.748282657857358480e+00 2.019068398624047411e+00 -6.527298076864305187e-01
1.009656076217012588e+00 7.242199311294665875e+00 -5.942883759817521039e-01
5.561573231007010065e+00 4.064761726499034111e+00 -4.123752820163901767e-01
9.706532422165942364e+00 8.372265737866197099e+00 -8.172965281919646330e-01
5.573577512893846730e+00 2.201258688287858423e+00 -7.142379341213576094e-01
8.629976484115886137e+00 5.961407024389350440e+00 -5.770713063476115012e-01
3.909351629250567672e+00 2.540091346882350276e+00 -5.572132351245238091e-01
1.443731150429859111e+00 1.714701352080444607e+00 -5.119925520437891286e-01
1.258268753502100656e+00 5.461036250769875977e+00 -3.810553002267855760e-01
2.018756397565869332e+00 7.486112151721261654e+00 -6.557222933875683779e-02
6.962448653250197239e+00 2.700279682718343732e+00 -6.985665206518867354e-01
7.026283664618687475e+00 4.640606239974532365e-01 -9.914902277257879870e-01
3.403669027229543786e+00 8.910620273786744150e+00 -2.864596367578320368e-02
9.029411979964246271e+00 7.446246401451879215e+00 -5.520112757957639227e-01
5.018762338804376277e+00 1.643020109257258277e+00 -8.006971393136008697e-01
9.362257698710783060e+00 5.409418277750548398e+00 -8.070777102255082269e-01
5.641636257784081288e+00 8.907998081196231155e+00 7.304568100732367064e-02
9.409062012078156512e-01 4.448577521121311662e+00 -4.877291995143204772e-01
4.661962729248300796e+00 1.031207118298811537e-01 -9.765638883381378976e-01
6.215150284671687508e+00 6.869980238142523454e+00 2.270932488183752263e-02
8.364896409319371173e+00 5.285534705104035780e+00 -5.682118661922026526e-01
1.939123903448603636e+00 9.376099863891482755e+00 -8.107739898438539594e-01
5.641704488193899358e+00 2.828170769575431898e+00 -6.018371591169600077e-01
4.823168006267763430e-01 6.870011637122509285e+00 -8.717387219882661853e-01
4.813469113590338466e+00 2.448372671693309854e+00 -6.343740857788189302e-01
4.524504223791756985e+00 2.341482668143049839e+00 -6.399016762277003334e-01
7.893852755694775070e+00 2.647748621362266963e-01 -9.908636605474535619e-01
4.656305049970108634e+00 2.658801234250474654e-01 -9.684361237806013989e-01
9.447067895556878980e+00 2.387225505492817312e+00 -9.474294600334222105e-01
8.040254433939377776e+00 7.505711819323453327e+00 -1.985938522104256365e-01
7.481348765481511398e-01 7.814502082825466545e+00 -8.473460396559353569e-01
3.389478576438092361e+00 3.691360291440531238e+00 -1.267441075858686261e-01
2.959942836372124297e+00 2.118499668327941343e+00 -5.797891859885311305e-01
7.594073443579840266e+00 4.305187130873358470e+00 -5.524239914994762968e-01
2.702828407031399482e+00 9.098180663832557968e+00 -3.013475682197848116e-01
5.803009602686444168e+00 8.047471743772902641e+00 4.889263387150299955e-02
6.998449872560180474e+00 9.837192420683313898e+00 -2.057574608222565438e-01
4.809356464000211773e+00 9.332326656447955671e+00 -1.905368177753048453e-01
1.510426174671099409e+00 2.973426965501107855e+00 -7.805021425916125466e-02
3.549357885176129379e+00 4.482780120425959858e+00 2.745814818530734058e-02
3.261701269797349756e+00 3.928336620077802710e+00 -2.876251651167915924e-02
5.039563575578029919e+00 5.131945472002938935e-01 -9.644251429058330327e-01
9.703309162075456129e+00 7.466676722043311898e+00 -9.274531200649426266e-01
7.544148697004914972e+00 7.665501916213674605e+00 -5.074176119137785435e-02
3.762571042294342138e+00 8.807171165871811036e-01 -8.853776639289747674e-01
3.239096334890630313e+00 8.649126304916430641e+00 1.112040101782252322e-02
5.715668547277238609e+00 1.327707397214530904e-01 -1.007705934748017951e+00
3.308828499683884150e+00 2.874705305400930389e+00 -3.720571710190982984e-01
2.067856688251479724e+00 9.045948011836948410e+00 -5.457088280971023053e-01
2.161883516127754312e+00 2.261058138022329911e-01 -9.579168478566553180e-01
1.060075719698228447e+00 7.863065068640778144e+00 -7.320235295278592069e-01
8.476267407671699283e-01 6.364026062013744323e+00 -6.375563369994567964e-01
4.555696600467901369e+00 1.363750712623160943e+00 -8.179097126130363549e-01
9.337027736853865889e+00 2.412256438429500438e+00 -9.259983713427024643e-01
4.728691616631285122e+00 1.937108955124680953e+00 -7.253985519970322926e-01
8.629397477977823527e+00 8.670267444083367137e-01 -9.735246106045110093e-01
4.673170096109847016e+00 4.249488240798657834e+00 -2.814902768886704543e-01
3.655551252607844859e+00 6.018386753888361973e+00 3.904695851576223120e-02
2.464570088134694359e+00 9.523220332447305481e+00 -6.999601143828378946e-01
9.631690222871670315e+00 5.893325155538821747e+00 -9.666518939469758154e-01
9.188998401013162010e+00 1.919268612414419151e+00 -9.257567818108741742e-01
6.267957909339560096e+00 9.839894771197799983e+00 -3.644442200936204301e-01
8.576270124978863763e+00 6.086790022328751881e+00 -5.480848123080431789e-01
1.955960627015819631e+00 5.530318398833039772e+00 -1.573924431765316712e-02
1.996968246508725287e+00 3.489611515541729769e+00 2.839862094216361044e-02
7.540873499519440415e+00 3.243309455595189128e+00 -6.493262598552069775e-01
9.131383048708475059e+00 8.303327062437290351e+00 -4.776150768962936777e-01
7.138008244643754274e+00 3.765203691022795951e+00 -5.740665981365136172e-01
3.045563673451430642e+00 8.247784896950484779e+00 3.716362773603787417e-02
7.925380196847188863e+00 9.678665089835849500e+00 -3.721749715091637878e-02
6.300865035648731904e+00 3.977390515413403271e+00 -4.805596097684154966e-01
4.453610284608691128e-01 2.574835560307222604e+00 -7.172712299380599177e-01
9.815807110242795730e+00 7.470364500730764412e+00 -9.873913547738212282e-01
5.283335192881578379e+00 7.562030532799366433e+00 4.669286557372531732e-02
5.820761550884453683e+00 5.425827834522372939e+00 -1.951049716627175634e-01
6.920335615501417292e-01 6.415619778629421122e-01 -8.382671532569865303e-01
4.072977039157257728e+00 4.216459874153290599e+00 -1.441261639334241451e-01
4.874716283183150978e+00 4.523005807172955528e+00 -2.471029879216088965e-01
7.568447225579723714e+00 6.923230541071503374e+00 -2.160712133426059278e-01
2.213958077327811136e+00 2.517637975642953219e+00 -3.102184052585013063e-01
7.074537449137004330e+00 8.046584913538133321e+00 5.035168619090368836e-02
4.898181459201281562e+00 8.477230064550973054e+00 3.763434602722015576e-02
8.031878741878630379e+00 8.141899779604653276e+00 -4.466925012402830908e-02
3.947504053619882214e+00 2.240207938468302462e+00 -6.219601591506407345e-01
3.016195027426334718e+00 1.530443409930705156e+00 -7.383766414705781322e-01
2.657194383658147530e+00 3.254536555990765301e+00 -1.099582854541920618e-01
1.639150293918935963e+00 7.200228785656535457e+00 -2.282685552433667553e-01
3.500046683503683642e+00 1.076329342791424892e+00 -8.606707865012035441e-01
6.245352778523858284e+00 3.530276360563791460e+00 -5.398990628617006404e-01
2.171216535649350909e+00 4.498800349234948204e-01 -9.316431496521424549e-01
5.128250351820021535e+00 1.311066297435568018e+00 -8.583958071650726884e-01
3.986476646571707860e+00 1.916896247977382783e+00 -6.866304352539263078e-01
5.561160399471935634e+00 2.569215769800910376e+00 -6.448175874675923236e-01
5.058864015323345065e+00 6.507717150331758127e+00 3.963627278255099640e-02
4.735306035591412055e+00 3.808648426828082467e+00 -3.741433735534132055e-01
4.847108961135083049e+00 5.472658888029197755e+00 8.103700799819701928e-03
8.356295035976497518e-03 7.935539116796694437e+00 -1.025668826791226174e+00
6.219438485669519068e+00 8.355318336649359523e+00 4.860040877693427852e-02
1.244979708550506103e+00 7.323109774102957381e+00 -4.614989359465884178e-01
9.678211425155680558e+00 2.422655436189567357e+00 -9.839139540901258307e-01
2.627901694628301144e+00 6.972472605107986610e+00 3.966449712010344797e-02
1.229921374891037589e+00 4.094529207424604245e+00 -2.870666502810435006e-01
8.165866424988671213e+00 3.353361689955453695e+00 -7.001196033342208525e-01
3.095056381919101263e+00 7.285019681511356815e+00 4.142441171465138794e-02
2.280734672893898196e+00 3.032643883166198928e-01 -9.609647559451799381e-01
5.889173197568409179e+00 7.101598221753443241e+00 4.420385569957674399e-02
9.502185555220274082e+00 2.043813255755821956e+00 -9.677845460949844325e-01
1.268675896377050361e+00 7.299645274888240998e+00 -4.448563715546516306e-01
6.872344974201279655e+00 7.435617787006356671e+00 1.848731396048552966e-02
4.994215612600288345e+00 1.946380010312997788e+00 -7.412612433107792498e-01
9.108494822888491882e+00 4.762219180001802776e+00 -7.535574514317509021e-01
8.710422720175770905e+00 5.734755296778188516e+00 -6.184517806685267960e-01
4.775215739137854243e+00 2.167365908633868354e+00 -6.866011678132333262e-01
7.662238816870013958e-01 7.313371240276093310e+00 -7.463338277807745058e-01
3.889064182093776800e+00 1.042681011704368110e+00 -8.535632030485444943e-01
5.098903256537811401e+00 4.069613842229978573e+00 -3.720300550928055117e-01
4.342354740678822544e+00 6.534528678813898317e+00 3.859238644020468456e-02
3.840724974020004456e+00 8.036167665352810019e+00 4.255209746594834641e-02
6.422799411930050439e+00 8.577705136118554563e+00 4.950969390137482939e-02
6.596513539676377214e+00 2.966987487606565832e+00 -6.395335642556695399e-01
7.466745704166267705e-01 8.956416986930472390e+00 -9.876944956651683150e-01
5.184751658180896783e+00 7.553635840356681008e+00 4.614543455157704699e-02
4.565430715541186402e+00 1.301575859053996642e-01 -9.734919190926161203e-01
2.840896455891235739e+00 7.051397423642820073e+00 4.171601871997987487e-02
8.602956645078023712e+00 2.306066302678329016e+00 -7.701773061260042130e-01
9.542583263773343205e+00 8.693809562871255281e+00 -6.921595092479487787e-01
1.728048656317421550e+00 4.494070189727016995e+00 -5.174760010470347282e-02
7.223027845290542537e+00 3.349904151724064860e+00 -6.150653224120190554e-01
5.938516511516569452e+00 6.678257571575721308e+00 2.292776290020470675e-02
7.098928606775690042e+00 1.942561468844332451e+00 -8.229049852191854253e-01
9.047436908606476536e-01 7.602091217098400300e+00 -7.186888646705709149e-01
3.731801014297062569e+00 1.276360171207037597e+00 -8.115720764342690963e-01
1.384293274983545707e+00 7.451205297766788860e+00 -3.948754196522075155e-01
2.291067015769973292e+00 8.936407714270270475e+00 -3.478310677889753233e-01
8.802547281653609446e+00 8.202232294303750393e-02 -1.000309357405213539e+00
6.523521198675266142e+00 9.514457476005642178e+00 2.100139754895702371e-02
6.301808464049808656e+00 8.280472509084264132e+00 4.737462234035105801e-02
7.486122095663676923e+00 9.663401276583811692e-03 -9.987027941937016706e-01
8.723823172827241734e+00 8.844688589480011132e+00 -8.530145167217173530e-02
1.813902674539603188e+00 1.381408579064601572e+00 -6.714231708522051534e-01
5.569066297321389136e+00 3.365454447253076076e+00 -5.137944637375142509e-01
3.216404589345433163e+00 8.694774121234717157e+00 8.754792391749699476e-04
2.977456300846730741e+00 7.106461749554181750e+00 4.080673067259343867e-02
3.690385862171963183e+00 8.014655392866638195e+00 4.266344809206712441e-02
3.125440717347520270e+00 4.620627658786003344e+00 4.226272695809107915e-02
4.637031990420696914e-01 7.520792660870550428e+00 -9.090887008046002471e-01
5.859255156201373715e+00 5.484708508717798026e+00 -1.874313210382418937e-01
9.353874372347291910e+00 1.969156383792361353e+00 -9.504672703160077507e-01
3.077222327539768987e+00 5.851941420883323808e+00 3.823373741520086355e-02
1.106804602667796900e+00 8.500159689953841635e+00 -8.410299468412967272e-01
5.991242743498048640e+00 3.931092563065224366e-01 -1.004534929478251293e+00
4.014541499829850757e+00 7.666027265846302008e+00 4.157121312278899694e-02
3.494480105583394725e+00 9.890148922497218331e-01 -8.826469860337822215e-01
9.006054773192563090e+00 8.215762562282476367e+00 -4.217321761110485179e-01
3.160296297911635133e+00 1.121880284298484964e+00 -8.458095504740001935e-01
4.923578175985472427e+00 1.788417963073557049e+00 -7.655260497308391532e-01
7.216830046731920412e+00 5.197128504945637495e+00 -4.130026442479735049e-01
3.534977696447456186e+00 4.755604803555838700e+00 4.152589579107024420e-02
5.707908832744625904e+00 2.699257475375311355e+00 -6.283036832786692560e-01
2.817423430630163761e+00 7.099810856117533042e+00 4.022855664262392494e-02
4.971381729737159638e+00 6.251905031071992580e-01 -9.478177747236998796e-01
4.328332454476615965e+00 5.415169642608721468e+00 3.832971221247705174e-02
9.238321497201727794e+00 4.258563605222503767e+00 -8.200316699178554769e-01
7.110003883883786457e+00 5.535603744656558689e+00 -3.599189994117688585e-01
9.522789824808478798e+00 5.293838747517228605e+00 -8.565805762332491247e-01
4.248801293772762833e+00 6.684017716002288445e+00 3.888740466423001862e-02
9.894679303479275490e+00 8.696785912035899235e-01 -9.923818956666239366e-01
6.872673073870818605e-01 5.500450564282448163e+00 -7.821067509486816505e-01
9.766628286552645477e+00 1.364157012477524189e+00 -1.002619706535833100e+00
7.367624819569007499e+00 6.845410802850325993e+00 -1.879372471550773138e-01
5.505395436815411436e+00 2.028733963053948486e+00 -7.477519559712635377e-01
8.980981887920727047e+00 9.067511032826807593e+00 -1.706227976880596575e-01
9.370565416223458399e+00 2.636118431236338377e+00 -9.404996294566709825e-01
8.287193086494474059e+00 8.333612002436275645e+00 -6.818181658332056472e-02
9.227999847585261151e+00 3.030428360837599921e+00 -9.268417540793808529e-01
1.610444660331379119e+00 2.191237619125369740e+00 -3.536317039469643042e-01
6.187245710819764266e-01 1.577962857536954866e+00 -6.224231500212984436e-01
8.465282059334457543e+00 8.419054185577531157e+00 -1.075794405672038379e-01
7.313382989841966442e+00 9.535740432323949634e+00 -8.720866571773899789e-04
4.630883118319279568e+00 6.790043050756684906e+00 3.920020109539290587e-02
1.212386425724379491e+00 6.272342655554660418e+00 -4.619782384853863277e-01
6.815479253181869979e+00 9.114017121191042570e-01 -9.765210155947314785e-01
9.868797246223657282e+00 5.117678661045773403e+00 -9.386209070122598641e-01
2.268943915039017156e+00 3.448757116412176860e+00 1.648096996080194998e-02
3.557980607484392821e-02 2.587395382909086106e+00 -9.685927474719902008e-01
1.803100296183095752e+00 3.536265090978662595e+00 3.624116402181520868e-03
2.541455590370764739e+00 9.227295775533347566e+00 -4.580468961884085477e-01
9.713525110869753121e+00 2.639419549647173735e+00 -9.909640666767953743e-01
3.670328490238610741e-01 2.374152956582264107e+00 -7.470986373638770495e-01
8.296958385001342862e+00 2.152822905537217224e-01 -9.964801959476415893e-01
5.919131012263427749e+00 5.630590233755236262e+00 -1.639491737743330457e-01
5.732278908750388924e-01 3.969992658717863554e-01 -9.246597757416510355e-01
5.092053043671575630e+00 8.629434179011328254e+00 4.179393936121611475e-02
1.855798440039988284e+00 6.601692434532546727e+00 -8.940568676444282659e-02
6.805067178411309037e+00 2.393921736129345224e+00 -7.340413264789138470e-01
1.476215885838856101e+00 9.285853871897948864e+00 -9.554934253485556361e-01
7.408750095178122386e-02 5.747909217050120034e+00 -9.946415622535580425e-01
2.932042957578305575e+00 1.108433029303391715e+00 -8.319324558837706274e-01
9.108097635034098971e+00 8.356742160364976968e+00 -4.532004545241212767e-01
6.863286317984292673e+00 8.885044987704450392e+00 5.144746564704527625e-02
4.979802241989891520e+00 9.696695519897419402e+00 -5.834617855600425784e-01
3.035676591306810224e+00 1.778431427514447494e+00 -6.760040642211615491e-01
3.448466398299383950e+00 2.875381515537104082e+00 -3.990996171039657980e-01
7.547880674984170923e+00 3.430101187787798711e+00 -6.223247455019292884e-01
8.371220802502199021e+00 8.060506690952532693e+00 -1.676356711266198396e-01
9.720630412878330517e+00 1.380503822062722485e-01 -9.650440941154432295e-01
6.888285974863004313e+00 4.414935736157005408e+00 -4.702096297347360121e-01
6.200393195596079821e+00 1.209769909797530740e+00 -9.133320175938275387e-01
5.397449213719693883e-01 2.301866416124947357e+00 -6.234366106565807364e-01
8.018508608839276519e-01 8.164641388252542598e+00 -9.098892030318141977e-01
4.190727870524195708e+00 8.940225789041625903e-01 -8.802293524194054752e-01
2.013206316879230240e+00 7.905469556497062733e+00 -1.124076721431048753e-01
6.578361531987226840e+00 3.455267471829551074e+00 -5.739568339971896638e-01
6.956917557759797255e+00 4.938237947659620097e+00 -4.155910999552308027e-01
2.711935133053221314e+00 1.942422162729820379e+00 -6.097589055263097357e-01
6.589610944939173764e-01 3.416041974278112736e+00 -6.053496627535563945e-01
5.057818815236610810e+00 7.303056068705463311e+00 4.455276420572840124e-02
2.798792067171476106e-01 5.177201735013813533e+00 -9.416127370106712746e-01
9.020944648541062705e+00 4.095605139887811497e+00 -7.873652583684052075e-01
9.330550248531509494e-01 1.582088393561709827e+00 -5.603354176437433942e-01
2.818980900264643541e+00 2.585892495265136315e+00 -3.903250569064127262e-01
1.962110500403898838e-01 9.081689963938037735e+00 -1.004372297740455000e+00
6.405319508652845606e+00 1.620610054554358470e+00 -8.388652239526600551e-01
7.073061687336635872e-01 7.287734264070317103e+00 -7.768294791637546659e-01
4.921391819917941390e+00 8.976413487134303537e+00 2.811155852613556050e-02
9.634501141212615138e+00 6.515164343507521494e+00 -8.942019040707611666e-01
5.404461459464020123e+00 5.337564398186583681e+00 -1.393445505393504646e-01
3.634006574155725477e+00 3.014619227209444752e+00 -3.962353760454218055e-01
8.166144573039479937e+00 6.407743981595236171e+00 -4.098293176479479438e-01
5.866500086313014783e+00 5.372830982537517563e+00 -2.151452548884986715e-01
5.520445489379397053e+00 1.206626850735683210e+00 -8.726244491989297858e-01
5.780081401568068600e+00 3.624441114143176712e+00 -4.918423702508001316e-01
3.425504038394580064e+00 7.593620529360410210e+00 4.123057713033073668e-02
3.863744774063041731e+00 7.672539938290186434e+00 4.165064774978466389e-02
7.258137439335973440e+00 1.493469551674231899e-01 -9.992224479575884111e-01
6.523554293978646612e+00 6.635386295425881542e+00 -6.297408125658465750e-02
7.873352688125676124e+00 7.598349631238850321e+00 -1.372483304404535920e-01
1.951634666692084463e-01 5.323589537774098268e+00 -9.693139624438211754e-01
7.203354413041676452e+00 8.120820976999635121e+00 5.041162553129741042e-02
4.790522735304254986e+00 7.834493040196683911e-01 -9.188352761929889922e-01
2.885041571385427606e+00 2.371183597153819989e+00 -4.881680528701064503e-01
5.658528695236037187e+00 2.570576886444493336e+00 -6.488294106049850019e-01
2.451296800880609972e+00 7.691596577465253937e-01 -8.940604620583800788e-01
3.564975294707733333e+00 5.783194059485832206e+00 3.841944498476212999e-02
6.047141998787616934e+00 5.626512469026249796e+00 -1.885401329929425884e-01
5.639729823985222268e+00 1.869772837224365603e+00 -7.736770619433364082e-01
2.733161063320757034e+00 3.306589653316458488e+00 -1.090587330153578449e-01
2.213152134141459726e+00 7.771921888921222710e+00 -1.127647192912784035e-02
4.603574390561551155e+00 5.167503933388953641e+00 -2.608201747404059745e-03
4.458523556419105915e+00 4.571875098593650932e+00 -1.315455519639239235e-01
8.988962456917397148e+00 8.812683096036080244e+00 -2.547830636205523636e-01
9.270467878872175049e+00 9.076269157368276552e+00 -3.774046549144907114e-01
6.349172305082926293e+00 9.602822675751907511e+00 -1.236522941734394809e-01
5.872710369787134788e+00 5.097689625844743055e+00 -2.753484591979777907e-01
7.262953284384043862e+00 4.636807235073526989e+00 -4.804957064043007264e-01
6.521630760344199196e+00 6.412063444928118194e+00 -1.201114937977714181e-01
5.571712204412521130e-01 8.514116394500270246e+00 -1.006374671543249555e+00
4.498673671659312312e+00 1.081566564708426270e+00 -8.631475074476832043e-01
6.568422095076321021e+00 9.017131941773689263e+00 6.165477701561639101e-02
2.344763531275426693e+00 2.861758342962526402e+00 -1.856782498132396597e-01
7.861345804054438169e+00 4.054561862011539120e+00 -6.029900830809481471e-01
2.413232860275713598e+00 2.308340117809525527e+00 -4.404861709725511609e-01
5.649893906247570818e+00 6.373328072247760323e-01 -9.792351338997435928e-01
5.974278728762669743e+00 3.185375717084125036e+00 -5.690152578291016727e-01
7.653530561017862333e+00 3.282522626898364493e+00 -6.538583889305722430e-01
5.095870805701360418e+00 7.706111866977328750e-01 -9.337667514272374181e-01
6.721876807656914643e+00 8.573744313806413331e+00 4.852022809532896552e-02
3.249503574251561666e+00 8.622907027528254886e+00 1.611956599933295209e-02
3.673546732331740117e+00 4.885733271972776848e+00 4.203683443243511064e-02
1.827067359700889293e+00 5.886808693525536818e+00 -8.491529405393194452e-02
4.589943286511682707e+00 4.876596082530705090e+00 -6.925869021599595499e-02
7.922778695724292941e-01 8.943639109420306710e+00 -9.818156388314347449e-01
1.650560251089807418e+00 9.436401394936693166e+00 -9.515100227960351376e-01
9.051533622903473741e+00 2.912183699907080481e+00 -8.795687562186778052e-01
4.457877004077513305e+00 4.711704165871338112e+00 -8.601737743277482195e-02
6.694283922626625971e-02 4.890488651403193110e+00 -1.032741491484201468e+00
5.244360378715064996e+00 1.165771407396339887e+00 -8.783322213808706369e-01
6.456847201170939243e+00 1.372762217286459530e+00 -8.962412597650510904e-01
9.525231295268931087e-01 6.471343218830053701e+00 -5.689358329750717758e-01
4.797823786123626810e+00 1.445726573848766128e+00 -8.194608217653784887e-01
7.937755199245833282e+00 5.167903311371696340e+00 -5.060836387017386695e-01
9.714678863950024779e-01 5.691616439016013551e+00 -6.263168874622451199e-01
2.381803735295927815e+00 6.569973060839093826e+00 1.613941661443085707e-02
9.356131337139069970e+00 8.593466716488602941e+00 -5.727529917998228637e-01
3.846660240989279167e+00 1.396567485984371082e+00 -7.864878727475719256e-01
2.543138982593432296e+00 8.663294095537198203e+00 -3.727731649945487113e-02
2.677727698683160629e+00 8.062027352788426526e+00 3.656817031290371389e-02
6.258894260214313832e+00 8.421690443295057449e+00 4.913228903097932587e-02
7.383139796917539854e+00 4.835682683442692031e+00 -4.717611068425398013e-01
2.828087467525103982e+00 7.012748168887881661e+00 4.244348524655316979e-02
4.709261440490728923e+00 2.937347468433591402e+00 -5.321588503753136301e-01
7.660854090811770156e+00 8.933323762384221212e+00 5.845418989529357900e-02
4.539758210549726059e+00 2.936335158504969733e+00 -5.215468498367767936e-01
8.900513684490510613e+00 3.409825374965949063e+00 -8.212712798071610809e-01
2.112940397664925252e-01 9.756900247851376662e+00 -1.003733309102222693e+00
3.972766926134733367e+00 9.882810634113292636e+00 -1.007971275517898224e+00
1.556536731445076649e+00 6.246022504689833887e+00 -2.394739428410179727e-01
1.911528190697222573e+00 7.897308065243593966e-02 -9.541935212633716468e-01
3.969804251422405006e+00 8.029081457005469602e+00 4.226143309227126110e-02
5.899653949793012941e+00 3.278324909047087399e+00 -5.502826807606788773e-01
8.516189728774305578e+00 6.278970658727459409e+00 -5.086788916465873056e-01
6.431707792353207331e+00 7.690300415904912645e-01 -1.001618442801485154e+00
5.843609849124004718e+00 8.506964507909499318e+00 5.115935355414857888e-02
9.389522014202018596e+00 1.365363817515584000e+00 -9.870010304711547278e-01
2.568821974339990710e+00 9.509890528494594264e+00 -6.592218632927051569e-01
1.165866473556288252e+00 8.872019629527793327e+00 -8.874577413113060587e-01
2.722695034132111669e+00 3.573718466780490544e-01 -1.001590190019564730e+00
8.761502624249589033e+00 9.055508937408461634e+00 -3.845585708989696094e-02
3.952332653983688715e+00 5.881388254641954916e+00 3.615591906141135681e-02
5.001077533144464127e+00 9.109981705961279985e+00 3.106634040675104735e-02
7.422406320173395855e+00 6.255675719538634105e+00 -2.991028499636998461e-01
9.060251214069367509e-02 9.248484832927777788e+00 -1.001946840994075494e+00
7.973456447407865078e+00 1.672931754181752995e+00 -8.363709401594926485e-01
5.529004681772955010e+00 5.186382760148055659e+00 -2.121196894008940959e-01
8.770464120241241446e+00 2.995815959127801964e+00 -8.172211059223888352e-01
6.058803193454266989e+00 6.940521608182649294e-01 -9.882723676601770091e-01
6.166823976251890826e+00 9.617578491037631849e+00 -1.780866816462010060e-01
3.339619568051968468e+00 5.190549323666467707e+00 4.154408824190491956e-02
1.503808166947948388e+00 5.190659973246189551e+00 -1.939498148057179350e-01
8.921431846887225348e+00 4.342176615074366808e+00 -7.495101917926726420e-01
3.174031298042068627e+00 2.830943592742265480e+00 -3.604633007317437077e-01
3.076388980793059447e-01 3.274797628793072679e+00 -8.122913428792606361e-01
3.686296443405465695e+00 1.375288010821727802e+00 -7.895722146241399564e-01
8.318299351506773576e+00 4.092525223567581527e+00 -6.588097514291935131e-01
3.776766690431469620e+00 5.651967772323659212e+00 3.747763460014486014e-02
8.836419725581894369e+00 7.677429005027478048e+00 -4.314393052495440473e-01
2.654905603687158777e+00 6.736095659936259139e+00 3.921059032661888821e-02
3.339356861299773716e+00 9.453773776580895571e+00 -4.934733402254551926e-01
9.895383055639900505e+00 6.520379171363857473e+00 -9.721232795235026369e-01
2.254967870270241814e+00 3.531779200690518650e+00 2.960383088285967190e-02
2.257784201584220052e-01 7.608836880744175524e+00 -9.853786352447726493e-01
6.366572671887964496e-01 8.655343948405764820e+00 -1.002493319253985993e+00
3.892747970155047810e+00 4.535655460965550390e+00 -1.146305445001338796e-02
9.817768665202512679e+00 6.113518274663797492e+00 -1.001362419490124722e+00
4.538986570194881054e+00 5.341515793001438972e+00 2.612163020181901274e-02
4.030074054709888998e+00 3.662674464909240868e+00 -2.915252018321519145e-01
6.901885575821143703e+00 9.307214503445729648e+00 5.605817612289432095e-02
7.683719068730344048e+00 2.763750519997451693e+00 -7.290899358765697835e-01
4.022118373503039024e+00 6.958666461956090288e+00 3.967487390618007481e-02
9.777800965823878698e+00 1.168082793533079089e+00 -9.999255975196668089e-01
7.581629133059828440e+00 4.573510416049120231e+00 -5.225721267882746934e-01
1.428340427758132636e+00 9.669296517076224617e+00 -1.020850785880843548e+00
3.959076534742400177e+00 9.894324103847779384e+00 -1.007713345686693573e+00
4.040932133971262274e+00 8.553001497742506842e+00 3.833703736018145847e-02
1.281430551654271666e+00 4.119191949696447530e+00 -2.572092980274138796e-01
6.127647071628549158e-01 9.626368066245456490e+00 -1.018396868346415740e+00
9.564608890834254140e+00 7.261408977010494148e+00 -8.524366257227561361e-01
6.246657969263581300e+00 3.312293091073041040e+00 -5.706002705445081258e-01
5.678090174845787708e+00 4.521328408777065988e+00 -3.508746259070829598e-01
4.014630730048343921e+00 1.566509153446121738e+00 -7.535382866968423077e-01
8.708653047918993861e-01 6.625530609267328508e+00 -5.967444347802386417e-01
9.691954825197418799e+00 8.378606650895152441e+00 -8.095858867927784308e-01
8.945179810751174188e+00 3.194563223210365344e+00 -8.474980619246696989e-01
9.200062314748125303e+00 9.394402424669753060e+00 -2.598137216900540114e-01
9.329008208297182136e+00 4.193403389299668937e+00 -8.439706402787791051e-01
5.804263450808150537e+00 9.914895084781888412e-01 -9.259996890172711437e-01
4.413301058269638588e+00 8.579983629013714364e+00 3.459634876396311398e-02
3.568719571000185109e-01 3.919003628196289224e+00 -8.759908899339947652e-01
9.775063459794498755e+00 7.858209800882396401e+00 -8.786290616609967463e-01
7.974488205281319964e+00 9.188485365763005674e+00 5.739451970732772912e-02
9.130187130423736974e+00 2.567906141850024859e+00 -8.838996597491168838e-01
4.613244849080252230e+00 8.281567838834018147e+00 3.705174851375225842e-02
3.176745628920524922e+00 9.356225311948538348e+00 -4.133161823839949234e-01
9.042308861852248469e+00 3.001983676979593341e+00 -8.766983910801842139e-01
4.165324132090367226e-01 3.262308215748495499e+00 -7.471705653972398053e-01
2.942634436092221417e+00 6.674377113177206056e+00 4.129550048175278931e-02
8.130588208751024837e+00 7.838140193450990445e+00 -1.472486054130309474e-01
7.229951513782092221e+00 6.327024305073939203e+00 -2.551587543111895062e-01
1.896827233925420242e-01 2.637330805100627229e-01 -9.678425816116953406e-01
6.877459874920551997e+00 6.697400573530120305e+00 -1.165102348304896118e-01
7.738521160184092196e+00 8.581469672877886978e+00 5.573812800135088952e-02
9.590368320060552065e+00 9.185263261571995130e+00 -5.763446822917828172e-01
5.060943066442295191e+00 9.555861952740283272e+00 -4.160315646266636858e-01
1.044430984390029682e+00 4.332809204422544802e+00 -4.163823693180512819e-01
3.701618471033746971e+00 6.665709794061035254e+00 3.957566005706159018e-02
8.239240072562127537e+00 3.987837699715391704e+00 -6.538061905224454851e-01
9.554542435541209855e+00 6.645287355882475211e+00 -8.592047083792068163e-01
5.380796769749016661e+00 3.309468245960143662e+00 -5.083877762111144172e-01
7.526847892105159588e+00 7.767634082918617899e+00 -2.637632095422870471e-02
2.824342107156545545e+00 8.353621893431864009e+00 4.682531796350186681e-02
6.727053535210778534e+00 9.873507592287076307e+00 -2.843326314695760471e-01
8.487643861187111227e+00 3.709854240540821468e+00 -7.069138499446294688e-01
8.914118226098347586e-01 3.227058498353778226e+00 -4.254484318404143650e-01
2.359851510340708280e+00 3.450231182566017019e-01 -9.645973538575085549e-01
5.151240027363402696e+00 7.149505136195822175e+00 4.460918105642974751e-02
7.960982874860178526e+00 4.723235228290547205e+00 -5.550972306334104323e-01
1.397568325181154369e+00 8.413807635252146255e+00 -6.632269418485194912e-01
8.472924848846595580e+00 7.543607380041779109e+00 -3.186359421454404428e-01
2.015530564188813933e+00 8.522982607637512587e+00 -2.939152760248648910e-01
8.008378678258449845e-01 8.692089634269743570e+00 -9.736332719826801263e-01
9.193784523541278730e+00 9.522525624490759455e+00 -2.615352794079093268e-01
8.352851222401680431e+00 1.289779738885688865e+00 -9.059494833751186027e-01
9.131266985188331020e+00 5.664391415196036839e+00 -7.534468057014362952e-01
3.929828615802487324e+00 1.074108003723775184e-01 -9.769915896427258106e-01
9.543467494951576313e+00 6.001750966464154402e+00 -9.245006001855731181e-01
9.751320404493846183e+00 5.215137372993505771e+00 -9.220254693034810600e-01
4.329666233345808024e+00 8.710939537111476838e+00 3.354513770533107397e-02
3.408080223821991606e+00 6.044333545900848481e-01 -9.692923909104740332e-01
6.296711275941571984e+00 1.956898897238812385e+00 -7.579430458156600769e-01
1.242027224793590179e+00 3.789425633154509310e+00 -2.569604011565966850e-01
3.335301708140973709e+00 4.780303872111348440e+00 4.415269004348676418e-02
1.096574993982181390e+00 5.844327966108730621e+00 -5.320491860953726615e-01
6.276141696206154197e-02 8.204023225973958167e-02 -9.780282678456494461e-01
3.301314914549260404e+00 9.256086998078373540e+00 -3.024587443067145998e-01
6.965946610376619219e+00 8.572323142260367845e+00 5.033167335131505382e-02
2.159495527289482020e+00 4.136900101260244433e+00 3.485489064038693741e-02
9.865585460827693609e+00 3.358007697918822476e+00 -1.015351412346954252e+00
1.062663469888346368e+00 1.636175643982797911e+00 -5.280519972051433975e-01
9.406653643787606711e+00 1.956006085341259304e+00 -9.603779077487079041e-01
6.998916496409698595e+00 8.026670375584854966e+00 5.046247185146235381e-02
7.501939884838290773e+00 6.560068748157493523e+00 -2.631734409182393541e-01
6.954405307414183390e+00 2.519242664285185729e+00 -7.249329853436643489e-01
3.069906336487740361e+00 1.973531434871381052e+00 -6.263398309884249393e-01
3.771813655859213910e+00 4.380394215454157525e-01 -9.584473300628439940e-01
5.032378479898269141e+00 7.143187843014705329e+00 4.374383572994267055e-02
3.936720347674428577e+00 9.131540678531218092e+00 -1.361014891121814507e-01
3.343347593699415476e+00 5.033708254171061824e+00 4.278959524962244743e-02
4.732081617327006384e+00 3.716014615544314115e+00 -3.900960568747491308e-01
1.033962768643997165e+00 8.689236807317028521e+00 -9.005370414620388342e-01
7.802943978859925522e+00 8.548629015305023060e+00 5.274174885023463766e-02
3.614143731572365237e+00 1.106065611655907777e+00 -8.499342130119247329e-01
4.771714760513241949e+00 7.328948683328074587e+00 4.215126283935211049e-02
2.327713146081785922e+00 9.609949689337504708e+00 -7.981731269718561617e-01
7.395112333682024364e+00 9.671456367206257454e+00 -7.412347173792979693e-02
7.183639326415357296e+00 5.068535066809075396e+00 -4.241662591603567734e-01
6.082593894020006609e+00 4.279995369377791459e-01 -1.003735800601194939e+00
1.444628102370250966e+00 4.907959170931819770e+00 -2.045931861673127017e-01
5.326838361012927514e+00 3.793890459738602505e+00 -4.336239839995079670e-01
5.941247776070942344e+00 2.212459174032163300e+00 -7.159637561845486609e-01
8.711298525327697106e+00 4.672358950744077255e+00 -6.816577153077116868e-01
2.027742694032177884e+00 4.198852039290424720e+00 2.434526501752998229e-02
4.129076925793056851e+00 8.636292545001104770e+00 3.748353599928910818e-02
2.119591576555019063e+00 7.772975779567943277e+00 -3.968891649184191905e-02
5.491343143016726103e+00 2.786231076128458994e+00 -6.009382085164043374e-01
5.727790439088157548e+00 8.742011512065200662e+00 5.865798603148753010e-02
3.570439427237976915e+00 2.971558923334862157e-01 -9.824003667130642992e-01
9.477596471480255858e+00 6.180387010261744862e+00 -8.716242240491804960e-01
3.820675443675348504e+00 9.869725325756760981e+00 -9.568822040132849427e-01
2.086159385969717839e+00 4.321811936344829852e-01 -9.265619638948958681e-01
4.673759187167525475e-01 6.166230667200511384e+00 -8.670450810415966103e-01
4.762623687521072569e+00 6.857669871000013018e+00 4.049585712748449140e-02
7.140314777745899733e+00 2.633308371608549692e+00 -7.187865212297999129e-01
7.252066856147854068e+00 3.845843897537949196e+00 -5.767995019495957276e-01
3.710248749021895609e+00 5.693963569853460527e+00 3.777046555234253589e-02
8.626935697718213447e+00 1.216717477613595833e+00 -9.355931414243786604e-01
7.388582797084231935e+00 2.179299666150207315e+00 -7.898625191590931127e-01
2.697152602754784301e+00 5.104472603738826386e+00 4.000569418669996935e-02
5.861727457753932669e+00 1.711791490431550100e+00 -7.944064303997939724e-01
6.316893498777601756e+00 5.094095794838896296e+00 -3.285220179832608611e-01
4.830431155258500198e+00 9.657626985644535367e+00 -5.631054895076403888e-01
6.424923754919023899e+00 5.796226711765669615e-01 -1.002196733041308851e+00
3.028134663321443210e+00 5.709453531833973194e+00 3.774990659243870894e-02
9.743887109205850550e+00 6.740943025169774394e+00 -9.188110232458330806e-01
6.378694880919485222e+00 9.085738443880986281e+00 7.143290036191896064e-02
8.325760903229181054e+00 2.404903646267897876e+00 -7.654787284464362740e-01
5.768604248746597385e+00 2.575173118331627098e+00 -6.530392292173077262e-01
5.889300359613010905e+00 2.968635200702104182e+00 -5.951695259646985203e-01
9.849168286180278287e+00 7.858168048638794478e-02 -9.519973570729806100e-01
4.871062697482686055e+00 4.777832660305976198e+00 -1.641240054231309919e-01
1.376468930219943099e+00 2.093888312092766490e+00 -3.552039009742009590e-01
5.618562464252687683e+00 3.768760461170781451e+00 -4.594130534523122034e-01
7.796405362024904306e+00 1.690664777301885691e+00 -8.309954501565002261e-01
8.232294690008240323e+00 4.195688795014539174e+00 -6.390498170796135025e-01
4.602926402541428708e+00 6.902107451066146204e+00 3.929841322671645543e-02
8.976818784794335926e+00 2.393272284849764231e-01 -1.000114223020087234e+00
9.893721024726378488e+00 7.861600437747368275e+00 -9.245726499958686340e-01
9.146076408728921692e+00 4.076395516013215925e+00 -8.146356825864382589e-01
1.508687282333507351e+00 9.059948310602436994e-01 -7.769381605156515658e-01
7.374855939099745683e+00 3.435285003915104163e+00 -6.100316638822643744e-01
7.684710045434068881e+00 4.841843916649427371e+00 -5.065671455636819864e-01
3.540235626618084552e+00 6.380451172154390171e+00 4.060522540140576453e-02
7.356511314845929128e+00 6.727636993682053479e+00 -2.060687694446001750e-01
4.258754509800188881e-01 4.021948085902868897e+00 -8.335480138730799737e-01
6.897586080087330096e+00 1.457759324167312798e+00 -8.893829138272331125e-01
3.254789979883272899e+00 2.604917231877257766e+00 -4.502397044980370744e-01
6.159953935676642622e+00 2.257161336343012081e+00 -7.138647120691778980e-01
8.494430446557871051e+00 3.898542434882061869e+00 -6.979592862225065808e-01
6.130195391618498135e+00 1.518827034095995065e+00 -8.359375085246844028e-01
9.134806844313427376e+00 8.417252739295017605e+00 -4.574758008298323020e-01
7.122774999374186677e+00 7.524913463107642642e+00 1.277372876242965916e-03
2.356345690346923316e+00 8.381520837453450667e+00 -4.276244889936631211e-02
5.214587279920137597e+00 2.775058893738691079e+00 -5.898699110071947693e-01
6.683285145918367753e+00 8.020647866616847921e+00 5.029238742302744036e-02
5.083827361542146761e+00 9.135851283572518966e+00 2.298153024795834831e-02
8.979534551542514009e+00 4.663968319094651815e-01 -1.002454958875665492e+00
2.831538564748373510e+00 4.534658491089635923e+00 4.388731205365425936e-02
4.938217353877593752e+00 7.842834542261320152e+00 4.358452771310972196e-02
9.427773177610527355e+00 4.529971313060116245e+00 -8.385688404080848812e-01
2.475802229294910894e+00 6.665399560962779191e+00 2.764464049106551968e-02
8.717768827565311796e+00 7.195510147707230075e+00 -4.662368364446614066e-01
4.346442515479946422e+00 3.072163536672499529e+00 -4.797647070876962516e-01
8.202545886652339746e+00 8.051309240145553270e-01 -9.575307915010341508e-01
4.776287415524564928e+00 8.436821070019586699e+00 3.397735235370902274e-02
9.075945475890282665e+00 8.589501510681630592e+00 -3.786371970119590813e-01
6.843727911769702743e+00 4.923030678141183891e+00 -4.060649140475538488e-01
3.467528603544670851e+00 1.280040093323142614e+00 -8.110938056121339557e-01
8.949808710371103260e+00 1.177180494106244257e+00 -9.654132466121998490e-01
2.782329959179723033e+00 6.571234205714535648e+00 3.748536753401277011e-02
7.254473342629571775e+00 3.606025274385246338e+00 -5.924834584418772199e-01
4.373220831983103629e+00 3.897476748592301199e-01 -9.524811053116535309e-01
3.338052834699983817e-01 3.623813591330114381e+00 -8.510066361902808296e-01
1.201257236192872169e+00 1.382817123722256847e+00 -6.116621764945460171e-01
8.991783461081782391e+00 4.471739543372092562e+00 -7.530766478226900151e-01
4.859684063768509255e+00 2.356401957410440229e+00 -6.547639060682384216e-01
1.006673591488154607e+00 9.628477022050162759e+00 -1.029263498869358084e+00
7.477830441832177044e+00 5.901595823691669018e+00 -3.580351599918722982e-01
2.214106558626390830e-01 6.732387275199978482e+00 -1.002055795173468766e+00
9.183171988992965495e+00 9.492265686931206758e+00 -2.512624476889699920e-01
6.918900997071135706e+00 8.075151669771711838e+00 5.124686140487666464e-02
4.124242700298838216e+00 8.959318946126165528e+00 -5.619239394832886703e-03
9.474778532478868698e+00 6.269781465996953962e+00 -8.572407532191353985e-01
4.047123903117285093e-01 5.786369023213990381e+00 -9.071593435962803653e-01
7.707779836497730130e-01 9.241442991491256365e+00 -1.004577909237182265e+00
4.273820041812409265e+00 2.514118289199656964e+00 -5.901540713088395673e-01
9.298770703350807132e-01 5.956084944971945738e+00 -6.293974956732695247e-01
2.413851480465654120e+00 5.127623983004210295e+00 3.448939040425980096e-02
4.727380026076683173e+00 1.307362512539830823e-01 -9.771016302545415533e-01
3.950127806224356775e+00 3.096522077663272476e+00 -4.345743161319965964e-01
1.686319432738513591e+00 9.393659940668976915e+00 -9.231366500026112476e-01
4.410835334556630905e+00 7.554705852806528732e+00 4.060538996571994019e-02
6.789933222601364449e+00 1.957007892394072579e+00 -8.066420625635535302e-01
9.603978424172057160e+00 7.387090695976522348e+00 -8.730779561247431486e-01
5.327240385940537948e+00 8.116812196275056124e+00 4.983298748250919452e-02
7.820046215445838556e+00 9.881138200929267867e+00 -1.787574049331067672e-01
5.461269775739023835e+00 9.750695711600616988e+00 -6.155407927193325968e-01
7.066311764279752161e+00 6.264982493358199900e-01 -9.816011311476078305e-01
7.849479687699416175e+00 6.991613345754909226e+00 -2.608429324322116827e-01
1.976591048082223967e+00 2.541492456921630172e+00 -2.604595396193922774e-01
6.375273159559523783e+00 8.413778526825039350e+00 4.884124075021634148e-02
4.819988799322582479e-02 7.414515188343724361e+00 -1.030961240812339863e+00
7.443375779773079515e+00 4.307514786740077817e+00 -5.369525135457487997e-01
6.883588497927621841e-01 4.706271475638907020e+00 -6.655718402462325045e-01
6.707613906624956712e+00 6.286781595818263568e+00 -1.824279322511970225e-01
8.038491143188132071e+00 3.571209974837186163e+00 -6.590796380050809589e-01
4.195314811741211791e+00 7.545246911328441497e-01 -9.017316749652316554e-01
2.219509929018209926e-01 6.117107563710342255e+00 -1.013506522634717300e+00
6.720232697310664527e+00 3.333926227936017672e-01 -1.000200002646176367e+00
9.189635429089864971e+00 4.188873282606043524e+00 -8.154463279062474923e-01
5.013961932578244962e+00 5.812047986461887916e+00 2.754742819229871742e-02
9.345840995190274336e-01 7.927401090682153040e+00 -8.142011050005093509e-01
2.212294993190206061e+00 7.809495952263753260e+00 -1.236294091142031704e-02
5.047243934456870029e+00 5.819740707794097467e+00 2.578478109049520128e-02
6.266663742084808142e+00 5.569099491609847963e-01 -1.001852559674102361e+00
2.434866815346474755e+00 9.225191950477974245e+00 -4.970339406302666241e-01
9.182708948919030334e+00 1.636773287413994638e+00 -9.524531737196386683e-01
2.417778481070273155e+00 4.829052155528632539e+00 3.861020656943292551e-02
5.064016299437867019e+00 3.906521706083557532e+00 -3.938377745017525022e-01
2.528607870968233584e+00 9.094671382622490086e+00 -3.577360870842889451e-01
7.927969298564489620e+00 4.659008801606760564e+00 -5.568844838225033289e-01
9.888227681113193057e+00 9.337607265087632058e+00 -7.110924187234588523e-01
6.737069172055777599e+00 8.105642206194527688e+00 5.096227925774399203e-02
1.181029283779640560e+00 2.568851061376442591e+00 -2.953692724716985296e-01
6.922055260920539688e+00 8.369196745322375008e+00 5.121166977986790769e-02
8.539164569285915718e+00 2.184298486043685095e-01 -1.000733753696869455e+00
7.353595682610317930e+00 3.285748385598392218e+00 -6.289311890840891817e-01
6.883197892207600255e+00 1.803429767171430775e+00 -8.468287498782761658e-01
2.115746841182612747e-01 8.124796818895195116e+00 -1.007262455931805079e+00
3.572706472882258399e+00 9.675731928196993348e-01 -8.830852891247180647e-01
2.980008228088454114e+00 9.589953581151014816e+00 -6.336571418960796898e-01
7.440348704668527269e+00 4.968907057209882794e+00 -4.635841138697289754e-01
6.696120277113241315e+00 8.919128937186759032e+00 5.093719367092153227e-02
7.258281358794462790e+00 5.724994063029037683e+00 -3.525004480958706665e-01
6.708553773144956267e+00 1.216251385809681285e+00 -9.406090979784821338e-01
5.771024959653327180e+00 8.810161188799430221e+00 6.285829522489150278e-02
9.685161344349642931e+00 1.735842730521049981e+00 -1.003800137610047161e+00
8.359135123894287034e+00 3.907539976709686336e+00 -6.760693201249337037e-01
9.739141337416592492e+00 9.124080602986733624e+00 -6.961259972370392735e-01
4.442814740523190586e+00 5.700946126543779968e+00 3.676542222797030135e-02
3.377880692398389950e+00 4.546861226511525800e+00 3.878286542062747699e-02
1.527531774831936362e+00 1.074469938343381559e+00 -7.299192312499824808e-01
4.926609896152341683e+00 3.220569232915422297e+00 -4.928909555917246887e-01
5.240310483009633202e+00 8.598605056231283683e+00 4.823781926697834344e-02
2.175123551465390381e+00 8.635855146517361192e+00 -2.362295315847631194e-01
6.713322107844405195e+00 8.685361801485759869e+00 4.902857742337785041e-02
2.422808205679464866e+00 6.429323725560513125e+00 5.024101830494842602e-03
1.564204257208334559e+00 4.615234161457895112e+00 -1.285155546482634747e-01
4.261562844504207526e+00 2.242852864862362683e+00 -6.440150114840861306e-01
9.511603410589286600e-02 9.621842057617246979e+00 -9.993975013496196880e-01
9.298351439084600045e+00 7.696245202473912528e+00 -6.439944454821544539e-01
9.298137762099342396e+00 2.979449576175616343e+00 -9.515894218619636025e-01
5.119305249568149030e+00 3.276438489323443282e+00 -4.961153607227435369e-01
3.641038262866653330e+00 9.424243895816630356e+00 -4.691210571811944563e-01
2.851694820813007514e+00 4.118272242588877141e+00 4.223941855659019140e-02
3.619943330592475750e+00 3.088637178227236824e+00 -3.732559335885223817e-01
8.873213403163179080e+00 2.796540687560036709e+00 -8.364736283658643634e-01
8.886378367741746942e+00 6.038352382209062341e+00 -6.461836375150276091e-01
2.086134866427104217e+00 8.240816780736508917e+00 -1.612237451955991219e-01
6.374645148851521448e+00 6.423031238536668575e+00 -8.732356613083180896e-02
7.649305423033811557e+00 8.669642870811827606e+00 5.741436886441822485e-02
7.771715019752292619e+00 4.263091508935741736e+00 -5.754301561820039934e-01
2.150079284125587797e+00 8.780405642358614315e+00 -3.298667369986290065e-01
6.235942278085817136e+00 6.259422366310151142e-01 -9.995532574211235533e-01
7.895339046190412269e+00 6.252730148257498399e+00 -3.761833588226595193e-01
1.686193949275885728e+00 2.025165087047143597e+00 -4.353456450632617880e-01
1.810727786588025801e+00 4.561494868172629502e+00 -2.708458008139036366e-02
6.325629689314281379e+00 7.579655970123805986e+00 4.671197799123549821e-02
1.715403066732434478e+00 2.781941907116034063e+00 -1.364490779043325830e-01
6.654341675359892960e+00 6.736494143286093639e+00 -6.518702769529327590e-02
2.692148881536168270e-01 5.734204528663192413e+00 -9.493357425886435053e-01
9.717233876649610025e+00 3.673277434870256375e+00 -9.833657665689194971e-01
1.850259088591790446e+00 7.594002833726902324e+00 -1.565178428923617027e-01
5.385450631116479592e+00 5.667342445958336583e+00 -5.140787903015331395e-02
4.790173949891689098e+00 3.891073207153880720e+00 -3.665391935916653132e-01
4.625062443937551393e+00 2.163846115274017823e+00 -6.792404364774615733e-01
1.601871051805239032e+00 9.089831139462358323e+00 -8.093084554638165784e-01
2.116683427413060148e+00 9.449593789933086185e+00 -7.799473912196521752e-01
7.904397736244112238e+00 8.021520205296304162e-01 -9.488157407066794002e-01
6.658298708233486352e+00 8.003488397527430465e+00 5.000678197967300953e-02
9.116061255309158895e+00 1.684582027418150663e+00 -9.382090161056204636e-01
7.997757762122946090e+00 1.730126197363942131e+00 -8.303586607998982849e-01
2.433036389438581804e+00 5.280478206661147311e+00 3.358515573908071872e-02
7.980459157807834991e+00 3.395226336670306821e+00 -6.735477151519604355e-01
2.171995373775498894e+00 6.461704688748671543e+00 -1.491220011555327574e-03
4.679432419472671079e+00 7.940893397049137548e+00 3.965324769329026111e-02
4.998188419088134715e+00 3.577828435906726501e+00 -4.389987473520453598e-01
5.117069217354043076e+00 3.998938460427908792e-01 -9.794551949368688337e-01
4.879005266427354215e+00 3.941188242036576472e+00 -3.687317831586547356e-01
3.669918159807250113e+00 7.565264886738455985e+00 4.128033341379166998e-02
3.790322332309148390e+00 5.678539001513770224e+00 3.731302292363691819e-02
6.775926079069739316e+00 1.199891461897121703e+00 -9.446242592733952170e-01
9.680389612798247612e+00 2.914676687989627535e+00 -1.004500913208004942e+00
9.176201697358617793e+00 9.166505662908233987e+00 -2.829855165700954078e-01
9.777780493304737419e-01 1.840792025877878935e+00 -4.549538219932163230e-01
7.895910797472051712e+00 7.561990385117811186e+00 -1.505482749670191689e-01
1.532184070936648324e+00 9.214873001304274558e-02 -9.417930621610379749e-01
6.944258656325303036e+00 8.469483407473088477e+00 5.051520548298082947e-02
6.397818645388853476e+00 5.333466266594709460e+00 -3.049064110170156550e-01
3.673790410136678730e+00 4.654473907240081587e+00 3.105709069859896587e-02
9.112304334291192465e-01 8.681353605454226852e+00 -9.421806384380344568e-01
1.671939282381214920e+00 1.878378639678164097e+00 -4.884373552291592091e-01
9.895381706223027152e+00 4.011284885886369445e+00 -9.586660407837939157e-01
5.510817295710065622e+00 6.832905074276788504e+00 4.388222640257488649e-02
9.039178342686430057e+00 9.121828192774161792e+00 -1.961484587057318318e-01
2.678386522279126436e-01 9.467912877085872481e+00 -1.000172466712965225e+00
4.562320046108836458e+00 4.597972907012406019e+00 -1.490779644075086452e-01
8.394023662464462632e+00 9.572951344696653209e+00 7.756650857138081001e-02
3.531553195798481926e-01 8.995781610711988563e+00 -1.005060906484201766e+00
7.616899784083783764e+00 4.128516650785599928e+00 -5.728828984979931205e-01
7.236328314344157242e+00 3.964044040050819007e+00 -5.631769392655608941e-01
2.577248525407559443e-01 3.749279504142625896e+00 -9.185473398945327439e-01
2.802203697346928202e+00 2.545729419868055121e+00 -4.044348359181189068e-01
3.664116908626742664e+00 4.674982446658011881e+00 3.319630456588562595e-02
4.005696489765089296e+00 6.124345130882549171e+00 3.592879648622560040e-02
5.823163250108982503e+00 2.226723556126462888e+00 -7.124653293671058263e-01
5.895705619336845338e+00 8.788899124273480412e-01 -9.535679153267724306e-01
5.815731016865609782e+00 2.118121983919077245e+00 -7.300392506899868739e-01
3.436600541358112881e+00 4.716514458944732091e+00 4.235698495428952270e-02
6.982588834079391793e-01 3.031438144419727365e+00 -5.417448711341856793e-01
9.653322031517619015e-03 8.624072592776512280e+00 -1.008571548477604773e+00
5.277979512059593148e+00 1.119755705845143057e+00 -8.846498427073662407e-01
6.342470183689377095e+00 2.509404326157727017e+00 -6.912205600318459542e-01
1.851641749854906260e+00 3.789667811018810895e+00 4.502540214383010664e-03
4.274818159229737624e+00 1.550789803731770000e+00 -7.684149972727054578e-01
3.236846549259804195e+00 4.986427619939821199e+00 4.356099519475664650e-02
1.072744637679799551e+00 9.079738240188781617e+00 -9.568809467762688925e-01
2.289134011830943560e+00 7.731318126383842859e+00 4.465457556108276549e-03
7.823555755013913426e+00 1.670449235489425810e+00 -8.337947152353093472e-01
5.996543875387775557e+00 4.143540557031283100e+00 -4.337397028792913112e-01
8.154246850915571443e+00 1.992942933864230826e+00 -8.008060087843605901e-01
3.991221177375353868e+00 5.879341710253271458e+00 3.596206177669492021e-02
1.531171404949418280e+00 9.771797500815786464e-01 -7.584837715746481912e-01
3.694940846438704796e+00 8.964513965642427751e-01 -8.884951707024271172e-01
6.745657172326917639e+00 8.823115134287892403e+00 4.975178860632323286e-02
3.027069482367483744e+00 7.020889257176863296e+00 4.121441953724103158e-02
3.253457570552675371e+00 7.109656603301456101e+00 3.989071764930063324e-02
1.729924984267417143e+00 9.054284839180372080e-01 -7.951267485270363533e-01
4.908429765950629076e+00 7.806891100588880805e-01 -9.242236388085536269e-01
9.184522899301473586e+00 5.063455975477944904e+00 -7.464251012732270318e-01
9.124292843687866750e+00 2.945781277563470635e+00 -8.984257517850172681e-01
3.952507650596742916e+00 3.311979270798458774e+00 -3.910298525082365195e-01
3.181635279604908551e+00 6.241473995585002932e+00 3.870871228395023067e-02
6.983864184656073171e+00 5.655020390255526053e+00 -3.290646929425133926e-01
9.296413277456334612e+00 3.428937638506294849e+00 -9.217576238553824020e-01
8.639069499450819478e+00 4.880648633868036157e+00 -6.501950739249613420e-01
4.258722195165378643e+00 9.012200764967325251e-01 -8.817529043896087382e-01
7.489541437997227824e+00 3.034178745359074614e-01 -9.919641362260017692e-01
1.651784844705392330e-01 1.958576850730534336e+00 -7.617166984960435094e-01
4.964764459412659980e-01 9.609495385061041617e+00 -1.013150548702131060e+00
6.488898156055506128e+00 3.360153803491056079e-01 -1.002246191174750889e+00
8.587831368170336432e+00 7.775023660318630903e+00 -3.135442479510766600e-01
6.338041450385079933e+00 7.496001683938272819e+00 4.735628502916688909e-02
5.281115828671968160e+00 5.766993180805823904e-01 -9.713167328554286328e-01
1.707876680284497739e-01 4.974531949508804729e+00 -1.005231251974652906e+00
7.016832277591449341e+00 4.308915802782854243e+00 -4.951927957783088807e-01
3.602628379987468765e+00 3.409770961576942927e+00 -2.738216693302324423e-01
9.087812532386179143e+00 8.972201193189379254e+00 -2.738208570046110069e-01
6.361796369355839254e+00 7.234357460280584906e-01 -1.000965713041865657e+00
4.297439617248646648e+00 6.850252862992330272e+00 3.918803372154222586e-02
8.073450957623261814e+00 6.042139306618296679e+00 -4.371994892856362336e-01
9.860706176129717448e+00 1.883727597597890435e+00 -1.004623591487318501e+00
2.565933385408161627e+00 6.531639521374831503e+00 2.508299643068756524e-02
8.710143121394396948e-01 9.815103229212374103e+00 -1.029402054995677052e+00
7.876649124936864865e+00 4.145445618113353881e+00 -5.973200723538091284e-01
8.571386925935714274e+00 2.174359297910047228e+00 -7.864872459541422112e-01
5.026983401909705940e+00 5.114055492342856724e+00 -1.047650796786134819e-01
2.555977512325226630e+00 2.263593858371614864e+00 -4.854936200701005511e-01
3.325449217004302849e+00 2.639755496769903842e-01 -9.954923802197790383e-01
5.327252441292089635e+00 3.074935415224270940e+00 -5.418688807873559554e-01
3.562987804399798009e+00 7.382100685784082295e+00 4.113828134385100199e-02
9.593577343110986533e+00 8.578143943063468058e+00 -7.449386815346528135e-01
8.243611475700809876e+00 4.061583430416212392e-01 -9.901785583606945718e-01
8.301622602648706106e+00 6.678819528086282098e+00 -4.053292173569811307e-01
1.178434141245787936e+00 3.085070116609916813e+00 -2.348803467714204452e-01
6.823321224771746074e+00 7.282459339737863857e+00 3.237014729449372297e-03
3.927361903180330849e-01 6.356978976649359403e+00 -9.024435186551311716e-01
9.455828790703591835e+00 6.186148106734959740e+00 -8.612191303676326459e-01
4.669498273272552069e+00 6.401024546704688234e+00 3.972641223733752724e-02
4.669260087980723561e+00 3.015008413944741505e+00 -5.142773487463052628e-01
8.105363483479266051e+00 9.026257569046753915e+00 5.459352847349185911e-02
6.076803054671102267e+00 3.255372410560429142e+00 -5.663232518779182101e-01
2.328436635461392790e+00 5.515585600897851215e+00 3.501117820752064347e-02
2.397313526361195546e+00 5.289056638370954327e-02 -9.833778483865369680e-01
4.300755887653375353e+00 5.138135734015039091e+00 2.439311839090674283e-02
4.727296359146599958e-01 2.703064993425706053e+00 -6.989540244073544351e-01
8.466865404932795158e+00 7.987796995764062657e+00 -2.204731064628173698e-01
2.520544563798810866e+00 1.326623213102438026e+00 -7.580959856023925525e-01
6.455755764260860730e+00 7.008803660972771077e+00 1.357473861826186123e-02
7.261058549597430911e+00 5.274757712119859221e+00 -4.088556827029348195e-01
6.166415326743647896e+00 2.347452552999856612e-01 -1.006628959895805364e+00
7.762806654133737716e+00 4.771253190375335684e+00 -5.238590724385253639e-01
4.844383164065929392e+00 9.042106660424186870e+00 5.787563447860355481e-03
9.876351307449922956e+00 6.087005102010514257e+00 -1.015883871536824135e+00
6.503336653970955616e+00 8.207669776574686438e+00 4.857003629442901982e-02
1.014450174453936038e+00 6.262187657812703367e-01 -8.396700760309405709e-01
4.127276209519444627e+00 2.557678118978647941e+00 -5.708542950119772641e-01
6.931621320984153733e+00 4.480358410373342259e+00 -4.657445744290797940e-01
8.989630630409980228e+00 6.627071623149499935e+00 -6.092379969423505903e-01
2.090508615436397655e+00 9.722918856278717215e+00 -9.327888621629319976e-01
5.940462933934595569e+00 9.570137943552645687e-01 -9.433990520007200509e-01
3.589791298437727818e-01 2.899936443843325051e+00 -7.697935454288651336e-01
6.462363185112062425e+00 4.974543183067332563e+00 -3.610585155233740906e-01
2.667196244136958772e+00 1.823866383639386468e+00 -6.385340176826388436e-01
2.056172439216424674e+00 8.929686429532209146e+00 -4.779426314353483196e-01
9.362207560757096481e-02 8.738063249643058583e+00 -1.003391924159199311e+00
6.847045211772408102e+00 5.628978287074157372e+00 -3.166817732986528799e-01
2.457945849538749172e+00 5.872037076338673778e+00 3.563467286338628526e-02
1.336823290551819809e+00 7.859510592709945342e+00 -5.517476413860293860e-01
6.809300949762743471e+00 3.223648735681132305e+00 -6.153076976354078242e-01
6.396148629651036366e+00 1.079511209399954819e+00 -9.590682629847124829e-01
2.646563303353468566e+00 9.417474212675621459e+00 -5.702602454005460952e-01
6.082136634599556224e+00 7.743553582676394598e+00 4.490466433752171582e-02
4.157560539404470568e+00 3.688812537026432636e+00 -3.102059026749102166e-01
1.061375314078311094e+00 5.563802110553174529e+00 -5.499155289150143844e-01
7.719346876424350690e+00 5.739969014307897410e+00 -4.134797386350645976e-01
9.816269260151369025e+00 5.328976944323381204e+00 -9.578240207313010179e-01
5.211669179846395217e+00 6.834171856013790070e+00 4.359814499128722431e-02
8.358634881179762388e+00 5.491738752782922894e+00 -5.515184198660463277e-01
9.453717195043937593e+00 9.708321216415738419e+00 -3.701839157637067945e-01
1.536618536837649263e+00 4.756153940692084525e+00 -1.494696960453252288e-01
5.256960622083535206e+00 5.474154810033752261e-01 -9.735986914710361706e-01
4.686030566420796295e-01 1.662312193867877541e+00 -6.505073492949069447e-01
4.162057625829231888e+00 4.917043327708040756e+00 1.513880884773488589e-02
6.214648077634645773e+00 6.261992939038321104e+00 -8.611402740781226584e-02
2.275523950570690346e+00 7.078510902695688500e+00 1.364766003774375847e-02
5.546800328212238895e+00 9.261645252977366738e+00 3.265170835949593453e-02
4.085640383004009557e+00 4.962383538634447255e+00 2.724727022395079246e-02
7.128756135456813858e+00 5.005707190262945971e+00 -4.255017333919377531e-01
2.599839638882386783e+00 8.103417372059373847e+00 3.273705123643244619e-02
8.921319311860413492e+00 9.707259291779736898e+00 -1.800479848548053319e-01
5.141473911765866767e+00 6.787443380405472126e+00 4.295365396300709904e-02
5.699144795410475695e+00 5.527884835804905528e+00 -1.483086339832679901e-01
1.694868650991490366e-01 9.644200115118085392e+00 -1.001415722519093610e+00
9.168423470333291192e+00 1.525660739876027350e+00 -9.584461643447765855e-01
9.803083947256792996e+00 1.421982522531037296e-01 -9.604987322511013836e-01
1.174882927990692050e+00 5.836132603235451910e+00 -4.786539798687847735e-01
3.171759350997103599e+00 9.413511132494472022e+00 -4.660440870377084988e-01
2.964439871572432939e+00 3.497380184721216700e+00 -9.365210619269204173e-02
2.190089844101241745e+00 7.143012517731029964e-01 -8.837642193569885674e-01
9.591769178277056440e+00 2.296786049090597803e+00 -9.722041477449975266e-01
8.171650895652314617e+00 4.458648333570716993e+00 -6.094923358991198858e-01
4.891822753287096148e-01 5.716422982952535037e+00 -8.728626221389532702e-01
5.035741908103000597e+00 6.345169653786179254e+00 3.931083139666524673e-02
6.892049046840330595e-01 8.382678353574796404e+00 -9.737328110837419892e-01
2.121650221291182525e+00 4.050958417698096170e+00 3.291360605368209846e-02
3.840237691608552884e-01 6.689689792002369018e+00 -9.156594272486326958e-01
5.234534171716335393e+00 4.831591908524692780e-01 -9.794293781841312274e-01
2.983329892170741626e+00 6.333583307243327631e+00 3.770501681320270748e-02
4.259141991815824646e+00 5.371394793066063045e+00 3.873679478462754844e-02
6.750709749439372409e+00 3.066009168806838048e+00 -6.339206773141466966e-01
2.476153767241014769e+00 7.024163793772570052e+00 3.235130879588954400e-02
3.426962429623467976e+00 5.361343039207235428e+00 4.015366341232740055e-02
2.880176106398713021e+00 6.959476796636171692e+00 4.303217349358590127e-02
7.751468625943127577e+00 5.016098279523060199e+00 -4.964087335211848639e-01
1.747380045282857619e+00 4.799225917982417045e+00 -5.996788804741459700e-02
2.559705595433542369e-01 3.814645891240517450e+00 -9.283620306674404965e-01
5.938667784181720144e+00 5.857867046331820760e+00 -1.173064426123604509e-01
3.999804716369441682e+00 3.897579564532124063e+00 -2.148500775779993432e-01
3.515055226869081118e+00 7.290596487373773193e+00 4.131411475251889343e-02
8.812978046165428125e+00 5.433998627817359761e+00 -6.539441614253218571e-01
3.509281670785740381e+00 5.840049135946490111e+00 3.860097937358419884e-02
1.728585810810127077e+00 3.774525837271734408e-01 -9.099421473799544913e-01
2.647608496433435210e+00 6.649280293858330637e+00 3.568136566295221357e-02
3.235162421750171990e+00 8.504234403491521377e+00 3.303614639574914413e-02
8.026232077827257783e+00 5.722957062680994689e+00 -4.660643720787061017e-01
2.184988068464980948e+00 7.128301864704830182e-01 -8.835844206547720514e-01
8.570185807757770391e+00 1.852239590923491441e+00 -8.410027087381990452e-01
7.697970946899141076e+00 7.588581632980752723e+00 -9.975824848254200017e-02
5.480686800905463230e+00 1.439248904476267743e+00 -8.449966613869244192e-01
6.182592829600928527e-03 8.119407780215952997e+00 -1.025704819638264986e+00
2.114765998090324395e+00 8.464537874780205584e+00 -2.070833938712097755e-01
4.434201028143931467e+00 9.795904597392723900e+00 -7.958537194296793071e-01
7.677803764758993843e+00 2.179886355533215081e+00 -7.846305736770153860e-01
8.396265900182630304e+00 5.168766823787215081e+00 -5.829491226237466517e-01
1.129265456933737255e+00 3.042605371888182919e+00 -2.635905707147201404e-01
6.585718524516247285e+00 8.186523133409382424e+00 4.951823842730718184e-02
2.563914693368908981e+00 9.202842602117918602e+00 -4.307879273091173022e-01
4.536159369250764684e+00 2.149399772707023981e+00 -6.773658287888471019e-01
8.121248796770946798e-01 8.922933994565353188e+00 -9.779433421982435259e-01
6.685304320669839484e+00 2.881530808797399423e+00 -6.565394629978249519e-01
3.534482675049742006e+00 5.042826385599716410e+00 4.120956846881629332e-02
1.901138792430254076e+00 6.864825408844060561e+00 -8.460733653926233444e-02
3.755705820200510026e+00 2.622949390889169341e-01 -9.749545295708132997e-01
8.564966296909593879e+00 8.849935101133585391e+00 -1.482704730075656840e-02
3.091383254407562120e+00 3.600756119693792612e-01 -9.998642842065348368e-01
7.803238766734286180e+00 4.690678973984918620e+00 -5.373175578570373867e-01
5.647695300936612206e+00 9.918763768372614864e-01 -9.149050730314999269e-01
4.378406736283859679e-01 7.309597924379560574e+00 -9.153782648019150869e-01
9.113560685431112418e+00 7.206825520836766863e+00 -6.302817673467620008e-01
5.566765754930502297e+00 7.960770762820931878e+00 4.950120164121796229e-02
7.116800427558273023e-01 2.212377036899074945e+00 -5.104044873228326118e-01
1.399713876574075089e+00 5.844490560473309060e+00 -3.264850196733304344e-01
2.560464963322488519e+00 9.752860237150207112e+00 -8.117831067828775726e-01
4.052765927948559721e+00 3.446652736067798539e+00 -3.624773355730397384e-01
9.421827173983521320e+00 3.643300738949453610e+00 -9.293895177894849757e-01
8.233778942979009585e+00 5.809712022016709554e+00 -4.972829832243356174e-01
8.335516387386560311e+00 5.565481968932432189e+00 -5.410251818563797110e-01
5.691449326570547917e+00 6.169935714001847593e+00 -6.764897408254810784e-03
4.692633712385019251e+00 8.416626626645710374e+00 3.268329611729203776e-02
7.855623458818718596e+00 7.366804386774807867e+00 -1.837366180165761476e-01
4.446914921685973354e+00 3.802770725372771832e+00 -3.351645176327116005e-01
5.162366751245733854e-01 4.827304096478689743e+00 -7.933945325780404900e-01
6.305565946580555803e+00 3.257259518385063224e+00 -5.822743385613800005e-01
6.472312320381060857e+00 5.495836623613140404e+00 -2.868753356862248083e-01
7.975184137102273141e+00 8.287589369146186158e+00 1.755859833059258968e-03
1.691554149232092463e+00 3.426427569168526865e+00 -1.885337108100015868e-02
8.670447025390643603e+00 6.970464327973580509e+00 -4.782800640160597139e-01
8.576286400997226167e+00 9.436120062858162072e+00 8.079217173371500138e-02
2.376878948811949943e+00 6.070869948912313241e+00 2.941424314908225313e-02
4.956596879645765341e+00 6.042122907329331660e+00 3.900646044205391405e-02
1.273807532819136501e+00 1.951888700478482175e+00 -4.018919436625845165e-01
2.221553702091968230e+00 9.012930293607487542e+00 -4.399174710130711041e-01
9.322414769524995926e-01 1.919362023936576955e+00 -4.303938498399078050e-01
8.726153815246531664e+00 1.903126821874634444e+00 -8.498841902367377799e-01
6.644962466491149300e+00 8.864168749565738636e+00 5.032129854922984258e-02
1.304128264929248715e+00 2.063287050654070587e+00 -3.628541342956257409e-01
9.715679015674790975e+00 2.389605386029368894e+00 -9.888117758727295037e-01
4.772347682633358623e+00 5.400019832778491846e+00 7.022731666783688098e-03
7.574266545800651507e+00 4.248809265311310313e+00 -5.564143817884776855e-01
5.269255999186405859e+00 1.918088619733163691e+00 -7.658890484363767293e-01
7.303627688361710391e+00 7.195400245302437270e+00 -1.055439741248389574e-01
1.486948842358667422e-01 5.687771818948448438e-02 -9.900472034221159401e-01
6.430141053973795096e+00 2.182026329321468339e+00 -7.336548008706539337e-01
7.539814853823940233e+00 1.039895219823547823e+00 -9.149005151928413238e-01
6.939562079043630760e+00 4.520142855712036223e+00 -4.617504665125946595e-01
6.907929159461901669e+00 4.952788487377774551e+00 -4.089956098375433502e-01
8.223544005788239630e+00 7.565431095700851039e+00 -2.358564513668097162e-01
5.686133401069659143e+00 2.451232699479225285e+00 -6.712186886205644409e-01
4.882534244101068843e+00 6.078461369103323797e+00 4.014866765982949559e-02
3.808549818549253008e+00 9.977121544846478951e-01 -8.621864533758145654e-01
5.751608960822208516e+00 2.618970774608471608e+00 -6.446434449491746932e-01
2.824622874455242183e+00 8.093918643713546857e+00 3.500119655933442431e-02
6.857601066173158344e+00 8.594969207505609887e+00 4.955728433321127113e-02
5.650220950276977128e+00 7.013322190878698237e+00 4.463905615781760261e-02
2.934014606774531853e+00 5.307039718601000544e+00 4.093825945711815351e-02
7.653046980251055231e+00 6.693287089434138970e+00 -2.704905023902564043e-01
8.027809951236589470e+00 8.149930893028615841e+00 -4.167102565082311805e-02
2.116541842036098409e+00 7.405248777633297586e+00 -2.780245702543027164e-02
4.732645263688898929e+00 1.394836579978949054e+00 -8.234845468924809619e-01
8.254874035347414818e+00 2.303322731241762344e+00 -7.706276031635233004e-01
7.969392644436797291e+00 7.611700281285445513e+00 -1.574216710188128254e-01
7.239060293876776520e+00 4.460927879739346125e+00 -4.977197653391880472e-01
9.021898219023057663e+00 7.061855545541192214e+00 -6.075065932879478714e-01
3.037155042797536453e+00 8.327193513785475787e+00 4.163830144528946064e-02
4.386709085245407813e+00 4.593431622436165540e+00 -1.062713225771934056e-01
4.623114031651183176e+00 9.887504837752052467e+00 -8.021394407143842553e-01
4.638760780349917012e-01 9.414810015632015805e+00 -1.007927571235241127e+00
3.313070940261783726e+00 1.080163483735258056e+00 -8.622603296654438587e-01
9.039778517385636647e+00 5.465702389408452433e+00 -7.110374841927362688e-01
8.794493925730827166e-02 8.134679928816713756e-01 -8.197539004847151922e-01
1.767701821474957580e+00 3.722650329497625421e-01 -9.128645250014411072e-01
1.133835809661795535e+00 8.848946396554559612e+00 -8.928007752572018063e-01
2.183496263307872498e-01 5.906528064734578365e+00 -9.837458255917601591e-01
8.141226710839955416e+00 4.349722512956318177e+00 -6.142093257304930276e-01
8.601408801021365846e+00 2.652171061700312471e+00 -7.848628170586178232e-01
6.603275345701436372e+00 4.367790430256881073e+00 -4.526610500081391653e-01
8.850312736002775793e+00 6.777495160694403609e+00 -5.581934619122260743e-01
3.496446695225487122e+00 1.896325805328480163e+00 -6.665722151722284217e-01
3.622721593626092029e-01 8.836660392222128735e+00 -1.006219078937829137e+00
5.321555073548167591e+00 5.570778845335384588e+00 -6.043690657187328341e-02
3.307646141778208371e+00 8.877301885659440117e+00 -3.850759686403226745e-02
5.925000464388698873e+00 3.560550448086556408e+00 -5.115876629479370052e-01
6.277612813127285030e+00 2.299598741568400495e+00 -7.131449381884295002e-01
1.322575465024625752e+00 8.985618258568216277e+00 -8.691084740419803278e-01
1.532606648086517476e-01 7.839755372648181009e+00 -1.004598492899678064e+00
9.310680390338463397e+00 3.593732586567109255e+00 -9.063539568990547357e-01
4.430939933874225467e+00 9.057156884882619607e+00 1.872348254178257676e-03
7.774828883947465741e+00 5.810691801329409323e+00 -4.136680505710921274e-01
4.176399377798692747e+00 1.426809637151046584e+00 -7.887252703569480605e-01
6.655042372730413547e+00 8.327165541617684852e+00 4.953313327942399091e-02
8.372877326727364178e+00 4.429587919691231335e+00 -6.429398451308976359e-01
9.595795488634273340e+00 7.664010745430027249e+00 -8.230173067400762266e-01
6.450487075927547664e+00 8.304752887308341158e+00 4.836569514584065921e-02
2.563304682496407860e+00 6.655044270147898899e+00 3.182032064433615304e-02
8.896739949764027600e+00 2.779465798422413148e+00 -8.408489918977188893e-01
7.752356670906420000e+00 8.157971281737898650e+00 1.595116889518310987e-02
3.942689078726388630e+00 7.807760608914260381e+00 4.230182423301753758e-02
2.863299116096802877e+00 8.194061224544684663e+00 3.665342263192572503e-02
6.646660819098694439e+00 2.357564048622539321e+00 -7.283223536807911236e-01
1.161344582936514769e+00 9.533157710500278270e+00 -1.025856480141274840e+00
3.479313946155081716e+00 4.627694306839633676e+00 3.875750591517945765e-02
6.149785982174770460e+00 4.600455551551984712e+00 -3.813114505001282684e-01
4.706976289708295624e+00 2.897040300257203160e+00 -5.399702911718571308e-01
3.901993659890128363e+00 2.556454960652669861e+00 -5.531097578787820268e-01
8.423938929008771836e+00 4.655220477520137123e+00 -6.321611932598139028e-01
3.124214751658646705e+00 4.551891796049750916e+00 4.110048116613240765e-02
3.149406671507366973e+00 7.151155785777108420e+00 4.037128904642139915e-02
1.004315672385519109e+00 7.499971361044650564e+00 -6.366620849177939689e-01
8.725546553374927683e+00 2.214418074797794400e+00 -7.921378904934019971e-01
4.604733163701685505e+00 3.893539568639122983e+00 -3.414392220190700655e-01
7.583927695238843469e+00 1.255595501600235142e+00 -8.811881610378731189e-01
5.791698033813323931e+00 2.123249921034215948e+00 -7.292127548056603903e-01
6.688760785075337223e-02 2.291755410035185569e+00 -8.786558321083566270e-01
6.056428741588788078e+00 5.421409988855847573e+00 -2.345114987738226020e-01
2.895777294937851298e+00 4.371898655641819786e+00 4.412128216146138371e-02
7.513437287729034075e+00 4.947201058513366334e+00 -4.744395046649596548e-01
7.140022158459288226e-01 2.293482034394679125e+00 -5.155075053631064108e-01
1.218750203259780340e+00 9.304350488811609310e+00 -9.925317385413445770e-01
2.385601356727849787e+00 7.356476310478932135e-01 -8.970592492602396106e-01
9.253528315419595529e+00 9.535103295272820745e+00 -2.944438190044267323e-01
3.710585893401267654e+00 6.256195810463268003e+00 3.969264293102314767e-02
5.571569565936505875e+00 1.344652507397865682e+00 -8.553513120334528264e-01
9.348470517247324807e+00 7.897076737998385276e+00 -6.548291129444604453e-01
4.550983259212106447e+00 2.233066822110693295e+00 -6.623517063382564629e-01
2.342472699548339143e+00 9.342620375282200129e+00 -6.200868699837203124e-01
9.012866435872686210e+00 3.475974591295948546e+00 -8.416389435619936465e-01
3.271386257748516435e+00 3.312301262545494396e+00 -2.221485867042662932e-01
5.715795221514760271e+00 7.753072245729219603e+00 4.765622410268810505e-02
8.271887400874820884e+00 3.710868365222093512e+00 -6.766924705085416436e-01
6.214978078118226890e+00 1.143869508202408070e-01 -1.006284500059246856e+00
7.928647044128535271e+00 9.634150692685292228e+00 -1.216189072588902409e-02
9.119713796306363918e+00 3.035856733416535835e+00 -8.951842096163851181e-01
6.182701412028654531e+00 7.040864290418395122e+00 3.957890848167044950e-02
6.578832037844759562e+00 9.835328620742830097e+00 -2.996118981454036767e-01
2.397882632086274945e+00 1.799408937120102303e+00 -6.191208097323062098e-01
7.552686376735930907e+00 1.899422730789572578e+00 -8.118982989232004233e-01
2.406637769070327781e+00 7.269448268025842097e+00 1.921264187254134725e-02
6.526575942566892330e+00 9.627499294459546775e+00 -1.582223184880130473e-01
9.316988353318626181e+00 8.972899703971993546e+00 -4.438469792414903026e-01
4.557381955498273629e-01 8.685412607709356081e+00 -1.009325004067078035e+00
8.320597856671600567e+00 6.082921131436203055e+00 -4.851745059852305975e-01
5.278364196095467697e+00 1.579644350708178990e+00 -8.276655084203544677e-01
6.932912258310821585e+00 6.241768974295650807e+00 -2.255540738386334620e-01
9.773109448527373289e+00 5.212194744467141483e+00 -9.274206229143767688e-01
6.728995651304425785e+00 1.296527727332276392e+00 -9.233542956397949864e-01
1.942733267283849319e+00 1.303641412561573620e+00 -7.086563558535410312e-01
9.799016383149414366e+00 2.952571001007468610e+00 -1.012506783600932270e+00
3.883261177366623240e+00 4.178294004903591485e+00 -1.002376484531199985e-01
8.403868658599521480e-01 9.197285086025974721e+00 -9.982215114392043454e-01
5.141421825504431942e-01 7.701109670405372754e+00 -9.076023230998471192e-01
9.365111508548551456e+00 8.204089241653234055e+00 -6.318957646930792871e-01
8.026264166418824786e+00 3.821342452462169748e-01 -9.868038035535366959e-01
6.827828807444534576e+00 1.833186995945327080e+00 -8.357890960241338707e-01
6.150747276924295015e+00 1.333595946758155959e+00 -8.791346419726921990e-01
1.440477579325605273e+00 2.825947563308808252e+00 -1.526226118794422604e-01
5.789690153848173537e+00 5.676341133082519974e+00 -1.285618794214984373e-01
1.373969771643678728e+00 7.998993531575981919e+00 -5.766987461175370200e-01
1.176490107810192365e+00 6.868666931797059227e+00 -4.586176556386440950e-01
9.266829297030339418e+00 7.068680004315689658e+00 -7.170730457766114618e-01
2.754280289247470481e+00 6.733078140248229815e+00 4.238471495924800436e-02
4.017377956106416015e+00 1.874721616114325418e+00 -6.957786255589115676e-01
9.770029571104830168e+00 3.666553485347295305e-01 -9.778310021054947843e-01
1.762242116824099813e+00 3.704779757288389153e+00 -1.445989253612944836e-02
3.659570345388062584e+00 8.792673659605902969e+00 8.613222961934230426e-03
4.358724269946409713e+00 5.369051059094582357e+00 3.731595803276599455e-02
8.433540527562465527e+00 7.697033994253381195e+00 -2.738771121081418070e-01
7.656399396602207474e+00 5.659810019855542329e+00 -4.135365941465725115e-01
6.184475894072497759e+00 2.521857154252136191e+00 -6.827451492556468882e-01
3.238981718578192392e+00 3.080714787431426682e+00 -2.904068105743724537e-01
6.561150896958749534e+00 9.655369685245860367e+00 -1.908839472703578455e-01
3.252723231419456518e+00 6.840483586251843384e+00 4.020584171200702883e-02
6.941013318270008448e+00 4.876914977027982268e+00 -4.210452756507956362e-01
4.427133960413230263e+00 7.199981567713713559e+00 3.994045147964397913e-02
7.289801399698744078e+00 4.639235624407491265e+00 -4.830843698356712679e-01
2.718673732628902773e+00 5.452588622354126002e+00 3.964411834380143773e-02
6.003007132344847285e+00 1.066880337626185060e+00 -9.274101726075038021e-01
3.582734219711573687e+00 8.455784069174638873e+00 3.619550036700980300e-02
7.472755163058081074e+00 8.390381106388366206e+00 5.461205908832655886e-02
9.210168405333476471e+00 4.145934990107601692e+00 -8.230599643919386255e-01
2.096840699748941939e-01 8.435414394926331383e+00 -1.014481261981790450e+00
3.654787076628721820e+00 8.391997178407205382e+00 3.897020508894311064e-02
6.380370254719394119e-01 1.294692952833159882e+00 -6.775228640973289806e-01
7.272108241476057167e+00 7.293572343601821828e-01 -9.640104009339464097e-01
8.488215109995021379e+00 9.037189492604197127e+00 4.155834810593250772e-02
5.806302759416338333e+00 9.722604357672134157e+00 -4.640706294384857600e-01
8.128162020319463110e+00 5.809324113312701598e+00 -4.759296492333304762e-01
9.497206791018980354e+00 3.289299074874241224e-01 -9.873087327641408839e-01
1.397314833648672705e+00 2.964901664225885192e+00 -1.265649831187745100e-01
2.360626631657131991e-01 8.939007937748554511e+00 -1.005067919646297048e+00
9.441161012189451807e-01 1.871932042291079235e+00 -4.480853249474505695e-01
7.615742854051956723e-01 7.259810551157771741e+00 -7.433950391920660650e-01
4.981472273001390505e+00 7.926233399775716393e+00 4.418393522166397247e-02
9.409935243757395540e+00 1.125467790797485268e+00 -9.938441159855229134e-01
7.455856831933539430e-01 1.494951399405372472e+00 -6.149708652676375564e-01
5.297805796144908541e+00 1.958311864534141966e+00 -7.608645221487304600e-01
8.291271722290565194e+00 8.746638290409196159e+00 2.607809997062510154e-02
7.597301607624217468e+00 2.382683822426482134e+00 -7.680909044208070746e-01
1.442655471465709383e+00 2.677269545054168809e+00 -2.009842322071477838e-01
5.733352984625767590e+00 1.307013051318999475e+00 -8.615856794762524196e-01
1.850268339660255723e+00 3.072451237468095453e+00 -2.688954157850531601e-02
8.337915658067997171e+00 9.890899001516716638e+00 -2.071962710581156664e-01
1.345000572852442122e+00 8.833710835792697225e+00 -8.091508279922769997e-01
2.547911693871551364e+00 6.593565053223256811e+00 2.752063547675032140e-02
3.419972691449629121e+00 2.187888966779857558e+00 -5.903205657393568728e-01
2.547862645632230638e+00 8.290856440964986973e+00 2.624455090251442968e-02
7.827724011967400308e+00 3.193926324173318676e+00 -6.856853139532500530e-01
6.942254505734894998e+00 9.459302991521587600e+00 1.795205829724166868e-02
6.682117377578445705e+00 7.196126989258205597e+00 1.127772643471391945e-02
6.737773869175274655e+00 6.302165226718352997e+00 -1.834927329932667384e-01
6.332112285821065889e+00 6.224130386190864783e+00 -1.214054529329711141e-01
6.286198646723438976e+00 4.067865340953655817e+00 -4.670037782333211762e-01
4.858806986833941188e+00 9.246058799885038537e-01 -9.016520960278422425e-01
6.286636965379855724e+00 9.732734633412121639e+00 -2.688177542898930739e-01
2.993886413881983621e+00 9.101695309408990298e+00 -2.332278953808091249e-01
4.239552630887580165e+00 2.343235232497426601e+00 -6.223831995252648852e-01
3.284789143898168451e+00 9.031149223723085484e+00 -1.160719406947796628e-01
3.324669600539130077e+00 3.422236017215217085e+00 -1.990071939335660289e-01
5.644871461905195176e+00 1.374850049816726871e+00 -8.501351906526585234e-01
2.356722363590981750e+00 3.911238065862357782e+00 4.220461550555754116e-02
3.929218825627957656e+00 9.608281649259795998e+00 -7.288857101404242478e-01
5.355436706380266365e+00 5.569464078975411070e+00 -6.879149278139262691e-02
3.679231511862279813e+00 1.790570994080986189e+00 -6.968707400212326153e-01
4.104652536722915857e-01 7.784933403355356774e+00 -9.472972418096552438e-01
5.688586324368421820e+00 3.638268187681137356e+00 -4.832314873411214240e-01
6.498818389354747982e-01 4.928647447372559220e+00 -7.086530254331160350e-01
8.892429529215513995e+00 4.912876720347152948e-01 -1.002089427370948194e+00
6.334936081508822703e+00 9.454691323214237109e-02 -1.005209718788021123e+00
6.643225021326912838e+00 5.771555165072137505e+00 -2.659973749725468295e-01
1.512059728682901283e-01 2.107300025821881029e+00 -7.945489167018813248e-01
8.475340150554481866e+00 1.539431025642985951e+00 -8.794704492311837818e-01
7.398320645803021733e+00 6.826403499150450749e+00 -1.976158696804604098e-01
4.672330411492198188e+00 6.409163183997772961e+00 3.973826011891024024e-02
4.616089494887233080e+00 6.682110870601601249e+00 3.928936668396643128e-02
2.688436911718403710e+00 5.969010557902626246e+00 3.953942361314055631e-02
6.423861010606720434e+00 8.196317701419896906e+00 4.754783212806801274e-02
5.149439889037234153e+00 2.734207929262878256e+00 -5.947099195286567053e-01
2.779167573526826640e+00 1.825909512650064348e-01 -1.002069235953391146e+00
1.994480532493780212e+00 2.190185313524205313e+00 -4.199308570668667251e-01
3.411429503290303256e+00 9.603597735502249932e+00 -6.398594616500581367e-01
2.177388452061057231e-02 9.179293684637240602e+00 -1.002305154626415007e+00
9.549465613198957925e+00 5.284341544589563178e+00 -8.657538660546241216e-01
4.788949266441300701e+00 7.832245976464402126e+00 4.116174392403637583e-02
1.257747087083442628e+00 3.106052491417668815e+00 -1.894304823836336915e-01
7.951497188975307218e+00 8.358274594623821940e+00 1.941232862239009038e-02
7.246909383620907530e-01 3.492894983684722288e+00 -5.696359055043727082e-01
4.352457878259683888e+00 6.416012289866399598e+00 3.806010943092852372e-02
4.234824762923733665e+00 6.774769128872830670e+00 3.910564419624718013e-02
9.836079053913354686e-02 9.826877153272156606e-01 -7.929850901129771312e-01
4.352771235481897594e-01 9.331365686295965745e+00 -1.006379768079851633e+00
1.036346765701093631e+00 7.622756606437559590e+00 -6.484766957568339762e-01
2.127432854858711586e+00 2.854275378080752268e-01 -9.493392910132310014e-01
7.337733640632047916e+00 3.119329725439072831e+00 -6.553848019225594346e-01
4.698447067890874629e-01 8.679859527869489000e+00 -1.009242763146482202e+00
1.995893217932783070e+00 7.826401217795934784e+00 -1.065995723204178347e-01
5.403043790426511173e+00 5.316970055485154667e+00 -1.447990980731539423e-01
8.490562092948700013e+00 3.322385688775065377e-02 -9.968911274694440827e-01
4.402626250135493358e+00 4.337661861187967816e+00 -1.956646976195148824e-01
7.226817472133550968e-01 6.069374877182986516e+00 -7.191035453580791881e-01
6.432777923587405411e+00 9.868940467996974775e+00 -3.493399511226605858e-01
5.452342498488875755e+00 6.180521450643609249e+00 2.837511636606881993e-02
7.151266187162826249e+00 3.876171926884032448e+00 -5.662011086314252539e-01
7.539007517762843058e+00 7.115382266618031082e+00 -1.724371627258016737e-01
5.219347321176980969e+00 2.378770686785553146e+00 -6.677353639339005387e-01
6.410200004464939871e-01 8.472974424926027481e+00 -9.964773541155023118e-01
9.763769895009751565e+00 8.952567935724800918e+00 -7.696024426465151169e-01
5.313524951254896322e+00 3.114515272761340103e+00 -5.346031384853051627e-01
9.025806153681292798e+00 9.714968753690362391e+00 -2.628703821029774179e-01
5.329508075728798921e+00 3.421186627473590924e+00 -4.882318681072130850e-01
2.960590582053897357e+00 5.217191043288739394e+00 4.103659531609959998e-02
3.136293053686407539e+00 7.997542226654594799e+00 3.538682555548611219e-02
1.227545384533580197e+00 2.686174968262770690e+00 -2.584030323543604624e-01
6.347280712220979559e+00 4.320182948022135427e+00 -4.375597194663181089e-01
6.248074069998309277e+00 8.912707530383130461e+00 5.394892320860100732e-02
8.790828085246982226e+00 4.830819742231766689e+00 -6.830494485586289244e-01
8.029000328191969516e+00 6.031055311687496534e+00 -4.300629298738745110e-01
3.636565032669604403e+00 8.658938032263387541e+00 2.051915693555250719e-02
7.690437953001286964e+00 4.479435483348009339e-01 -9.809436634151015300e-01
4.126122118345953993e+00 5.867254657106266258e+00 3.575208516695838057e-02
7.282308436542952457e+00 3.308757062922789594e+00 -6.225624014938407891e-01
9.179403180234624315e+00 2.734557061944233869e+00 -9.046081913607029179e-01
6.220487202705985652e+00 9.062608590587007740e+00 6.505853822895391048e-02
2.367671587587812709e+00 2.547905371975792477e+00 -3.249928688810763688e-01
9.400026491124949146e+00 4.288608929060222508e+00 -8.504805559877044452e-01
3.370903085117847198e+00 8.759189446356524300e+00 -6.926122474261608986e-03
4.488311695481710828e+00 7.992119025196159576e+00 3.925408195187474192e-02
6.018355674734397809e+00 7.805999204630621691e+00 4.555147684937876917e-02
4.325952905120292513e+00 5.770828020657550184e+00 3.646610132191252518e-02
8.946986492431756588e+00 5.226024667413832425e+00 -6.860320975139907462e-01
7.768343742942795060e+00 8.466429582938010512e+00 4.985614015025802148e-02
1.433150923175978697e+00 5.247062028981036796e+00 -2.368297590341956749e-01
1.334751543587196165e+00 5.984700533507882447e+00 -3.756180431416931143e-01
6.712375574524346078e+00 2.001708834485255384e+00 -7.904926340208157098e-01
9.186198086592607837e+00 3.034200219322827685e+00 -9.133343005453319341e-01
5.095917462854086644e+00 6.181867969522913953e+00 4.031578606773633666e-02
4.510254153168254732e+00 7.149017699791460068e+00 3.930961298150315031e-02
2.039778421842551870e-01 4.796140189651435293e+00 -9.750026613091637984e-01
6.521185572256942287e+00 6.494794417589329072e+00 -9.904376299931794136e-02
9.722107239055404193e+00 7.674671986382890942e+00 -8.882849426537611226e-01
5.986868906335757856e+00 9.062178736619599245e-03 -1.006353243495333505e+00
5.776122425352842704e+00 4.896116641425987126e+00 -2.994249763842897760e-01
4.775180581400838564e-01 2.563684625810512152e+00 -6.932148122419445890e-01
8.995065176474994928e+00 7.341419793169659869e+00 -5.551753559415787409e-01
3.025769753682731711e+00 8.462988540679827310e+00 4.022525173790514330e-02
4.744191485843761491e+00 4.854978088891580335e+00 -1.108309915523890687e-01
7.128046905541801870e+00 1.008774465767045214e+00 -9.370080727980951707e-01
4.160376487021339997e+00 3.646608779177685999e+00 -3.224437543628915215e-01
9.722049945332617682e+00 6.754523240440482468e+00 -9.114128215140508971e-01
6.868264503246588326e+00 1.437724126357108556e+00 -8.931291585028010571e-01
7.033636928105975628e+00 7.089638794473990480e+00 -6.898911747405556127e-02
5.496211621515439738e+00 9.702952475876083227e+00 -5.575426439935240452e-01
7.857869735495828678e+00 3.400301840734118564e+00 -6.595906025768690784e-01
2.536665391360082289e-01 8.554158591991773974e+00 -1.012548729678599990e+00
6.061806020503791359e+00 3.836678138301492513e+00 -4.812055377217840935e-01
9.043538703302248294e+00 2.382834655513963451e+00 -8.577585368600494364e-01
3.363488683891922459e+00 5.837180650388390291e+00 3.809419878099795653e-02
8.051846668520534323e+00 8.232621634943065203e+00 -2.742877972735788261e-02
5.715157112670037343e+00 3.166071620799406627e+00 -5.534248055186441473e-01
2.986735995137885791e+00 4.301937198016445585e+00 4.345270908427023571e-02
5.635009043673854023e+00 8.720758316972698765e-01 -9.380900297211258732e-01
5.108075190934252552e-01 1.897068477171690581e+00 -6.148817567189794886e-01
5.692336775599110332e+00 4.131157327241233190e+00 -4.125597856029215027e-01
6.632104155798922207e+00 4.225639041698617149e+00 -4.741273566419299534e-01
6.017439003533906039e+00 9.088233915088379078e+00 6.991846863208550644e-02
7.653959282023992117e+00 3.807131543810262642e+00 -6.045345976024156798e-01
9.310678285542849153e+00 9.330304818282902701e+00 -3.402561761809295149e-01
8.433390899551413966e+00 8.113490840336655907e+00 -1.768824098477227713e-01
9.643993865825230216e+00 7.568994337523539784e+00 -8.703470397726831287e-01
6.699460102598687961e+00 2.170971249780773160e+00 -7.596274566065267519e-01
8.295309775962040888e+00 7.474490462190473750e+00 -2.760626232593156315e-01
2.399068328188064037e+00 5.597535886767996516e+00 3.694131210227702411e-02
7.424925062819953681e+00 3.068688885892512541e+00 -6.693141961220903102e-01
9.742048153529777821e+00 1.128563996130338865e+00 -9.993382031908354390e-01
3.066922754310030808e+00 3.910172983929971480e+00 3.639044706469363177e-04
4.538996011345511339e-01 9.371922888845377386e+00 -1.007151410601547781e+00
9.002407510689756087e-01 1.120491312402774664e+00 -6.990675179710921228e-01
8.458719110713328604e+00 6.499274755616837318e+00 -4.673160106516748291e-01
5.267692879669908734e+00 6.730945834012110884e-01 -9.566080773513272462e-01
3.062894924794249185e+00 6.361146724393317520e+00 3.821475499528759201e-02
6.127075982932756126e+00 6.667408076338362299e+00 3.041265666867687401e-03
3.825250519958394158e+00 8.828714490698723605e-01 -8.791283185309717307e-01
8.642259411043826667e-01 9.077116174510271307e+00 -9.843287208005078170e-01
4.583849757271543091e+00 2.955166973924889362e+00 -5.206463545211117427e-01
3.355277658574424393e+00 7.259046324396472905e+00 4.155234301938737218e-02
2.647576601550922781e+00 9.261040414870381765e-01 -8.601365326831449387e-01
3.444931380179329317e+00 1.982389313474587356e-01 -9.917755338157753231e-01
1.602794996260666682e+00 8.300534359861172717e+00 -4.971538865884519431e-01
8.974592059619203255e+00 7.144155976919829065e+00 -5.768062990826747782e-01
3.918369994979127302e+00 8.044981987406432111e+00 4.239041372745600000e-02
1.515600776579167031e+00 6.102716528035158738e+00 -2.631889302415331144e-01
6.482379431624339716e+00 1.564327537114426972e-02 -1.003627012150070552e+00
3.741987055808299711e+00 5.033770622277625506e+00 4.167718379384277583e-02
9.887671041333947031e+00 6.022074132007730007e+00 -1.024420385491677354e+00
6.384418989762602692e+00 7.649325352456624039e+00 4.684631133707717332e-02
7.126340850726514020e+00 2.078282089648712194e+00 -8.003830679609149623e-01
4.219426244079224730e+00 4.124057318319343857e+00 -2.158312216040214615e-01
7.293231581932356100e+00 3.778379639957725189e+00 -5.835469781635279629e-01
8.257605215291745182e+00 3.091886376101171230e+00 -7.376630915330484317e-01
7.029753231611811870e+00 7.498983403097037481e+00 9.413191827930100786e-03
2.400545602505029130e+00 8.622796896986066884e+00 -8.710103171277960854e-02
3.971711402541626246e+00 6.837656161037355851e+00 3.939071101103674977e-02
9.875108617741240380e+00 4.536014637192150367e+00 -9.225520168749248295e-01
2.643433784704738887e+00 3.332672130589125370e+00 -8.389914336216497404e-02
3.222279262735275207e+00 7.447379320133005187e+00 4.148083080513087495e-02
8.097057166406917972e+00 9.634925791362057623e+00 1.652159749995851801e-02
8.298524580266397166e+00 2.283221681863789598e+00 -7.719867724841772416e-01
4.821066654992414158e+00 3.095859164657741136e+00 -5.085975556453743440e-01
4.657201376162899642e+00 5.645397431576504310e+00 3.353271039616689819e-02
2.170045324008487597e+00 3.700256812812068752e+00 3.937036215833922270e-02
3.953636122403520581e+00 5.426112282143384924e+00 3.732571857443067742e-02
5.985327690518754906e+00 2.059511330020160624e+00 -7.388747457568278776e-01
6.648262351677634463e+00 9.238504789010667295e+00 7.308091885350642691e-02
3.637214968282553418e+00 9.151420610034545433e+00 -1.670119861067687062e-01
4.921540940851579116e+00 9.671516662954900312e+00 -5.675057948019224252e-01
4.933893676899846703e+00 4.815069956611814916e+00 -1.670656069547891143e-01
7.785890958965451247e+00 6.968362524237612377e+00 -2.528819276554382656e-01
7.714169104342007977e+00 7.742467163172042532e+00 -7.074460570748475341e-02
9.870014513978375703e+00 9.038341797442383196e+00 -7.931043781002007353e-01
2.721812460719887472e+00 5.771405885787360468e+00 3.811982109973577337e-02
3.646464703778504735e+00 9.691772482608387307e+00 -7.629121342262819017e-01
9.472689822302434948e+00 8.764832676428470748e+00 -6.230774890725064852e-01
7.321717420586337788e+00 6.109138081939588183e+00 -3.058344171589773008e-01
1.450513799223556166e+00 2.045911908419759229e+00 -3.838765395454966090e-01
2.918388882106103255e-01 2.650906091082480653e+00 -8.284433052339084114e-01
1.981869333177889159e+00 5.343462288349530631e+00 -1.099765546307285291e-02
3.651834269252684617e+00 4.704605877556982563e+00 3.578003602316304210e-02
3.141112921145238435e+00 3.810324554339951764e+00 -3.784336584859548935e-02
6.537683614123911191e+00 6.962959906466985593e+00 -3.856047700179887627e-03
7.530072475989178782e-02 3.980521365748152629e+00 -1.028085949504997654e+00
7.370931041975516074e+00 5.368449164463746648e+00 -4.104494848449851130e-01
3.579374673677750973e+00 6.246173366314666353e+00 4.057135224365504556e-02
2.116578763883365966e+00 6.096392181798341525e+00 1.090534380511876122e-03
5.973752495223291881e+00 9.158605024479260948e+00 7.126443945246574430e-02
1.246715211810081936e+00 7.323197820430657146e+00 -4.604702297410039336e-01
7.519474507342514435e+00 5.618596282959592791e+00 -3.994965483120134220e-01
2.281515889346106274e+00 3.449196774678691568e+00 1.530960461215302715e-02
4.407773264302305982e+00 2.938104955656885675e+00 -5.121017490277948170e-01
9.737389420588481670e+00 9.216049324477838811e-02 -9.602352502639894816e-01
5.664864254125997256e+00 5.529680587614397069e+00 -1.415413848268376462e-01
7.634471323637645135e+00 3.992674383552492046e+00 -5.873233708041902812e-01
1.558320459613206088e+00 6.548358543736539694e+00 -2.380753232123629104e-01
7.208980035192395164e+00 9.052095801621529603e+00 5.554061441900304263e-02
3.380413264625213299e-01 7.767191437244159724e-01 -7.920801329868292218e-01
4.897049965359793866e+00 8.095455496672705920e+00 4.192107045022064327e-02
5.069686742618047859e+00 9.024668825005012218e-01 -9.129120493737593600e-01
4.522431077700723279e+00 5.766767068819802056e+00 3.666274343753705978e-02
4.417207554631777278e+00 9.795425469560527176e+00 -8.023150355424822910e-01
6.200533383400195220e+00 5.657079257115422699e+00 -2.101606244978102556e-01
1.070946338776666895e+00 1.407946058741636752e-01 -9.439837836880522470e-01
9.421383195037570601e+00 4.049927301683918124e+00 -8.762601700351277945e-01
3.532839153704410151e-01 6.481332174423201309e+00 -9.217267084053029080e-01
5.739787514860497986e+00 4.556612165148073990e-01 -1.001195219881058307e+00
2.893037186489931578e+00 5.580311493000414735e+00 3.828226168238435534e-02
6.827114847661741592e+00 3.391050122622305096e+00 -5.945803066342985055e-01
6.162903847066566243e+00 4.355765587665351823e+00 -4.171699847666709982e-01
4.844511220972699483e+00 3.093967857252353029e-02 -9.831905563720058083e-01
1.236355699417695408e+00 4.507038597480478970e+00 -3.007626161603447201e-01
2.810865004233649156e+00 1.420058187824170703e+00 -7.544376121595912643e-01
3.892126558803018277e+00 7.333711140195919853e+00 4.088742382998900027e-02
1.630338444107121421e-01 5.794663048612968659e+00 -9.808395640818936556e-01
8.008026054813948136e+00 4.438164166526832766e+00 -5.883532359350311935e-01
5.563081064830301514e+00 6.693774148670422974e+00 4.050421711216944942e-02
2.259836553513803636e+00 4.407412777686446681e+00 3.920135693019011214e-02
8.693466152104971201e+00 2.665095226958025254e-01 -1.002572424574625032e+00
4.057715100864688118e+00 3.606974185188905224e+00 -3.141510586764213464e-01
5.110498639137112775e+00 2.519152007719686726e+00 -6.349644866088843820e-01
1.468133572083606841e+00 3.545899146278257863e+00 -1.119545020256293988e-01
5.976530621628398876e+00 1.129522572522024815e+00 -9.117607728442286286e-01
6.595782874747766478e+00 7.955256700843267303e+00 4.905690945033125416e-02
3.878636879608093668e+00 1.923001783635710282e+00 -6.791237777930279051e-01
8.441119961465087584e+00 8.876144217298394423e+00 2.168699194465850688e-02
2.841903852880796055e+00 5.725494161446724461e-02 -1.000134103556924448e+00
9.520197184838361526e-01 1.065416173227215380e+00 -7.131286118236206395e-01
9.861096188178267496e+00 8.110666651959194340e+00 -8.894676941407964055e-01
6.644929249076555244e+00 6.422237859283400851e+00 -1.392883597030734055e-01
8.928794818793358345e+00 6.849181302024441642e+00 -5.858394664805350871e-01
3.887388277804665115e+00 8.477535068210434233e+00 3.804105481151043300e-02
4.416480806082377697e+00 3.381793402535864246e+00 -4.206833491667434366e-01
4.467869104039637662e+00 5.107873190743472236e+00 4.842418925943281494e-03
6.185252042163340569e+00 7.853806173450939454e+00 4.459426326014037656e-02
7.926774098490254161e+00 2.642244641514508441e+00 -7.481764358182021457e-01
1.786942614793022299e+00 7.069822518630894059e+00 -1.469073689213225009e-01
9.569136714640325891e+00 4.949088520405254599e+00 -8.544799722386665630e-01
8.734752753123887103e+00 2.733844657412207280e+00 -8.078807770637285168e-01
1.378908622422206909e+00 9.479937353056948623e+00 -1.017625484010962200e+00
3.371113285050893360e+00 5.374616163499553956e+00 4.005252094127875750e-02
5.183388768527622759e+00 5.914981370577980790e+00 2.519325608637901226e-02
3.463432218002731489e+00 2.776380991039194002e-01 -9.889952640935705253e-01
6.271349878536598865e+00 5.518496673704075484e+00 -2.504891601880490093e-01
6.812239773789773523e+00 9.731017536443678395e+00 -1.728495265576825979e-01
6.491902426381368940e+00 2.537440102628597316e+00 -6.947184538735985404e-01
1.335133110914481502e+00 2.818377806814539976e+00 -1.894905528497954350e-01
2.113437969807010042e+00 3.591584015206052527e+00 3.543151827891888317e-02
1.686988999025070546e-01 6.186454353051524357e+00 -1.019813473356460776e+00
9.024875151959706798e+00 9.351609431828823205e+00 -1.437471350863215314e-01
6.754426656351725455e+00 9.906157903886640970e-01 -9.732198349366211199e-01
2.816286267184372250e+00 6.078904381830571246e+00 3.916514764872580656e-02
6.336945195182411616e+00 7.970185986998501448e+00 4.526952292203412220e-02
8.161379814832955049e+00 3.033183781088311104e+00 -7.335769529505662412e-01
9.247045064005824599e+00 2.195183704749503750e+00 -9.122486090809265313e-01
8.192807176675898972e+00 8.732004744203880620e+00 3.521238961412015422e-02
3.879007354564964483e-01 3.999507859282596112e+00 -8.590532726846147327e-01
9.062069693670894210e+00 4.607817903704375162e+00 -7.562947589224998657e-01
6.719238733341660108e+00 7.168329304237733623e+00 1.655581307542730585e-03
8.658249210292218834e+00 8.161968970919535327e-01 -9.796059150963742912e-01
4.859816344714077196e+00 7.997605999608034644e+00 4.174260907938354137e-02
1.916377306809177838e+00 2.357840980657033736e+00 -3.317783908295477424e-01
5.259164934520277335e+00 4.315437123861206814e+00 -3.470306952125046251e-01
8.636558273654021178e+00 1.126143904734718676e-01 -1.000267340179482600e+00
3.828187612966057696e+00 5.572986830643104739e+00 3.735257524531743201e-02
9.268456927135254375e+00 7.733035872496065721e+00 -6.257417683950048382e-01
6.120959711910844092e+00 7.093200853992791544e+00 4.335425319457919535e-02
6.723133955817475638e+00 2.873035744918223111e-01 -1.000749282637074300e+00
1.447149218439215179e+00 3.577121074636908649e+00 -1.250293077230222316e-01
6.890201304724246079e+00 8.533387485683417983e-01 -9.757540487534397400e-01
8.792164296437219306e+00 5.199373317262360850e+00 -6.563892471027841236e-01
2.182234721044713499e+00 1.174753853149247407e+00 -7.688057591143158120e-01
1.465700362246806499e-01 2.258727260602491071e+00 -8.366963519497803148e-01
3.841999138629820454e+00 7.825776072248795678e+00 4.264548305173176956e-02
2.523074440139173369e+00 2.359599950765579379e+00 -4.385858817681556054e-01
1.447732178585092511e+00 3.145151068703182062e+00 -9.299506967591542050e-02
3.958304525473733904e+00 4.594286534424182555e+00 -9.109566876078112330e-03
5.072268231370192559e+00 5.493431882061078575e+00 -2.124025488757341762e-02
4.712915527431187357e+00 5.010703820606075887e+00 -5.908177125974090060e-02
2.224573372110532077e-01 6.735857450658027545e+00 -1.001516938913311172e+00
6.145235978216145867e+00 3.654553518742397422e+00 -5.142993909127291374e-01
6.399909532093594144e+00 3.375250825768902452e+00 -5.732579696013555548e-01
7.489403069609869235e+00 6.562752962838310777e-01 -9.650378088969300272e-01
3.340382928931732387e+00 6.682394504015348957e+00 3.948943596226461850e-02
8.341710101325253035e+00 5.720223957115764257e+00 -5.291453920054344229e-01
1.862449596569232035e+00 1.756613265718171890e+00 -5.619997656276929376e-01
6.953327272795767344e-01 9.522067669475084983e+00 -1.018630781244127093e+00
3.671476546199669233e+00 9.442831644675671043e+00 -4.926436001885585725e-01
7.196303898829467194e+00 2.319425976025595304e+00 -7.675240019985719586e-01
2.725288503988573030e+00 2.378464065308118602e+00 -4.657031959425141920e-01
8.100120664348839927e-01 5.082472142751226052e+00 -6.163916689661084192e-01
1.072403649886650712e+00 1.060065546893335098e+00 -7.133364665856365416e-01
6.339243536005688684e-01 2.321081284627938057e+00 -5.662503381184018636e-01
9.627590631602963356e+00 8.006979170486367536e+00 -7.927532800745731301e-01
7.708604243372646714e+00 7.129989443788961268e+00 -2.035021381862548440e-01
4.136880626070736255e+00 9.772670234825927338e+00 -9.319346822962583099e-01
4.531717403892502993e+00 4.952209727569063524e+00 -3.742248272283088539e-02
4.439130359044445862e-01 7.315693033254083488e+00 -9.125886146203630034e-01
8.031555975254434099e-01 1.910719490977986323e+00 -4.808106619504948220e-01
3.969715235395624653e+00 1.945872983776046672e+00 -6.804683704808409672e-01
5.512912447524023207e+00 4.551718850093345203e+00 -3.303002216677153324e-01
1.236816378486569779e+00 6.112101405050722747e+00 -4.436910905880138145e-01
4.937344085538425631e+00 6.648036791796415601e-01 -9.411466935957074620e-01
8.135394343235297754e+00 4.003798530348171347e+00 -6.386939996993763469e-01
6.563555685807248352e+00 2.365942275299021347e+00 -7.214913254443886537e-01
4.343081657462253276e+00 7.770434245234575599e+00 3.984265146748633413e-02
6.086444326364927271e+00 1.432604502615207664e+00 -8.497059433003244511e-01
4.134151739165268680e+00 6.713723103204789489e+00 3.894291839713481806e-02
2.584423707624412536e+00 6.832804717784006776e+00 3.839261226361090351e-02
6.378060045106293430e+00 1.286874031981445343e+00 -9.101014241380335212e-01
1.216183341270812956e+00 3.117903861783642983e-01 -9.114584588443159774e-01
7.880927122316554012e+00 2.234482529114967253e+00 -7.775940383099354536e-01
9.021652796172624278e+00 8.494354657150726240e+00 -3.683365831916158850e-01
5.884684495830582840e+00 6.066700003168140398e+00 -6.248668043675986716e-02
1.136912376350560638e+00 8.632757480772673020e+00 -8.497560437994962079e-01
8.533693990553086195e+00 7.814204273496361708e+00 -2.848373037070665026e-01
8.342710494085926243e+00 8.579396508600858340e+00 -2.382596499874439777e-02
5.960996031530018335e+00 8.513019009085901478e-01 -9.629169716946854862e-01
3.147107627003213004e+00 5.113050000290945363e+00 4.212247211690245408e-02
1.447841555802145130e+00 5.934792667144758727e-02 -9.446865753739770444e-01
7.875058566670229965e-01 1.440229926517199388e+00 -6.225390310609242306e-01
6.369231487622203147e+00 3.283139190534829499e+00 -5.832064515482555667e-01
7.782663600773220836e+00 4.435668558453628840e+00 -5.601694614747811940e-01
3.003999434445166372e+00 2.161728067324322655e+00 -5.695538973589711063e-01
9.230262205446209123e+00 3.021635222940575627e+00 -9.280812854329011374e-01
6.549071843301160989e+00 4.556113270989023079e+00 -4.233936202237842394e-01
6.936745388423183556e+00 4.863888666196005239e+00 -4.221176533512998041e-01
3.054767643025642521e+00 3.793488788603111228e+00 -2.695614933727785711e-02
3.968235427875558941e+00 9.165625601605448480e+00 -1.661008929836427228e-01
7.349146992942010570e+00 7.749756476142509065e+00 7.925460137184647813e-03
1.589558349889064859e+00 1.512712581090013497e+00 -6.004614787123823128e-01
7.667921892421170504e+00 6.117837177319565889e+00 -3.576723841914442037e-01
1.304053436035588209e+00 8.310917154796019446e+00 -6.990677083517229384e-01
6.532991218430445279e+00 5.439972579675070641e+00 -3.049827278615269144e-01
8.677647337714071707e-01 4.425065907398597176e+00 -5.365598296323987881e-01
7.671279340743443420e+00 4.514467916761930044e-01 -9.807815830517309097e-01
4.266423770150684192e+00 1.090306239428420199e+00 -8.544139453808090590e-01
3.118424297501092290e+00 6.846141307770022166e+00 4.119537433072650856e-02
1.575998261283968471e+00 8.587631338857281804e+00 -6.043052059681153221e-01
1.113622547669868901e+00 3.218464895885631005e+00 -2.801339663205957287e-01
9.620788622079263774e+00 9.272569727175895338e+00 -5.656251228414286292e-01
1.842838894378889592e+00 9.326902642829805856e+00 -8.263844397637221117e-01
1.147607154940051499e+00 3.208946147121678028e+00 -2.585075383474415567e-01
3.591366351578197502e+00 9.722740681053357648e+00 -7.774132466595522484e-01
6.784517387040581049e+00 6.989281310405644376e+00 -3.985951632272577427e-02
7.771577030319941848e+00 6.683096216721971849e+00 -2.949878338569537073e-01
5.582383368278698299e-01 3.838231080476854906e+00 -7.288485131719562027e-01
9.850389221760737612e+00 1.920384277602648515e+00 -1.003497019121388112e+00
9.370292404793806540e+00 6.346107622708686335e+00 -8.005529527185537564e-01
5.755517983839006035e+00 6.402540211224676980e+00 1.339318601492101024e-02
7.054350092730325095e+00 2.751585024468348184e-01 -9.973606438902901106e-01
8.053630784463232661e-01 4.819520509685224496e+00 -5.857614297992803643e-01
7.465561764190720151e-01 7.307403249310855387e+00 -7.567806135790253741e-01
8.569213406011686018e+00 6.727033770426786852e-01 -9.859000445327421591e-01
9.147212760082625849e+00 3.588134517459502071e+00 -8.626356271385795527e-01
9.371981072865299467e+00 8.832306317171688903e+00 -5.278559555735558018e-01
9.642095571230209217e+00 7.797219812280935081e+00 -8.254177592369122962e-01
5.356405456302835155e+00 2.851764349625606876e+00 -5.818541852185397101e-01
4.787518580619729569e+00 8.289987288761555551e-01 -9.123777843457304693e-01
4.948776756485463224e+00 4.438666159881115014e+00 -2.868403968535648829e-01
8.199083823489779377e+00 7.977927080225525991e+00 -1.323940809661476870e-01
5.118604824595160530e+00 6.097713747834309750e+00 3.858331742827036948e-02
1.823564570254063710e+00 3.352234953522042371e+00 1.036057741001927823e-02
3.073807354011486748e+00 3.031858536809386884e+00 -2.709960763023957497e-01
6.743085810006453684e+00 1.735940348065414307e+00 -8.462688282350034896e-01
7.348812389914924026e+00 6.498826935616136558e-02 -1.000012886934393386e+00
8.123637285688543042e-01 4.050034421350284797e-01 -9.066045695287892059e-01
6.925489886887540081e+00 4.163609643776835373e-02 -1.000899550635309332e+00
1.848776374047090609e+00 5.480129491641735129e+00 -5.317434873733262179e-02
2.089085121565154690e+00 1.365733758018463639e+00 -7.073015601662773211e-01
1.566970467377813092e+00 1.928337923221674632e+00 -4.519831036597161678e-01
3.217016429630045193e-01 1.316723651829640740e-01 -1.001654710948090887e+00
1.126118000804875008e+00 7.565846343949349517e+00 -5.745203672718739440e-01
4.307860541019920220e+00 6.091898268279582140e+00 3.662016524928546346e-02
6.271520521445839158e+00 6.954425471085480259e-01 -9.985289055953349147e-01
4.723853826801313716e+00 3.271123675430102740e+00 -4.686023789962114883e-01
8.347202755200319402e+00 4.980056152736641373e+00 -5.901591042645080165e-01
3.329748358961612809e+00 3.428858161609730448e+00 -1.980746996278281991e-01
9.778907535766270698e+00 6.046195665436542299e+00 -1.004604661523721854e+00
5.345672140100757863e-01 8.141480902468410719e+00 -9.649515896902314260e-01
6.450825634660839469e+00 7.685882731361245668e+00 4.729030010907364634e-02
2.345494543549129229e+00 3.865792029853793998e+00 4.205387954494677061e-02
1.993143185191244671e+00 3.207277923128739605e+00 -7.779908547913549910e-04
5.196354031111360072e+00 2.772383767213906225e+00 -5.895441913821373170e-01
8.154893533005719064e+00 6.820804236392209674e+00 -3.521762618109894882e-01
7.169088053579456776e+00 7.323692395647823261e+00 -4.791701387199331919e-02
1.890013469066607499e+00 9.110715660089297785e+00 -6.808387980380683491e-01
3.644244525339006557e+00 2.540928485097825096e+00 -5.253849034239856941e-01
2.627867848713521415e+00 4.478141953643464124e-01 -9.845271870703951045e-01
6.757046997626086071e-01 4.129246622331217864e+00 -6.622914052882085123e-01
8.300835022714043276e+00 6.830512756926887530e-01 -9.733572901263055632e-01
2.294673452177541595e+00 4.966872989223153567e+00 3.291485882237310534e-02
1.891845704099650360e+00 3.152568357301548829e+00 -4.954610348310684032e-03
4.815711936819948136e+00 4.568030335853645596e+00 -2.198621442092201228e-01
2.343227494715559356e+00 9.077980614491000466e+00 -4.254541276290202401e-01
9.515778249001655142e-03 2.333498825447527736e+00 -9.109464993496536600e-01
7.912356076600856047e-01 2.945282441919414573e+00 -4.707731827261896207e-01
9.595074042338325171e+00 1.826465431860334165e+00 -9.948778267342399673e-01
7.369371816823910848e+00 4.405108402215470065e+00 -5.179859832031079581e-01
6.547730660674085934e-01 6.427658149800002718e+00 -7.407041944778560705e-01
4.506633455041767489e-01 7.775308029809887778e+00 -9.355279288416316064e-01
6.505732817346101982e+00 1.527963459354791942e+00 -8.663474394036709825e-01
6.511361789341013839e+00 3.900304186233405357e-01 -1.000990905355206184e+00
3.512794387497710336e+00 7.647459981363082804e+00 4.166295213829096511e-02
8.678399651480527055e+00 1.973593902224235475e+00 -8.318829344885017019e-01
7.196131541841722878e+00 7.734677780889316345e+00 2.892381917791242429e-02
4.010957256661036752e+00 6.466930913381004231e+00 3.787645063216205088e-02
9.467592238166533392e+00 5.818215518036029543e+00 -8.995825462893666247e-01
4.553623043509472446e+00 3.688236285148720928e+00 -3.740433825633378007e-01
7.081388605478768916e+00 5.046206659649328241e-01 -9.880957891164661167e-01
3.230904746028586239e+00 4.952607329146627713e+00 4.387991206336883110e-02
4.492089899281675791e+00 7.374794023651885411e+00 4.087002583449006465e-02
6.933263028289911922e+00 8.973900500002347513e+00 5.510345704456742766e-02
3.704790925192756212e+00 7.744375078786716493e+00 4.241586759757032254e-02
1.270820299063751824e+00 6.982772218033863609e+00 -4.148199597464286015e-01
9.522897577813459691e+00 6.317586683337061082e+00 -8.710553781059706679e-01
8.649255207543271595e+00 3.762249389474758399e+00 -7.330434342632738964e-01
8.095956004443426224e+00 3.471217563047417354e+00 -6.776592765997146994e-01
8.156731059036143705e+00 2.480047070394533204e+00 -7.609005661878145421e-01
8.789309371937179094e+00 7.808922416907620345e+00 -3.893720511057714995e-01
5.303502239090533976e+00 9.438223897872829227e+00 -2.225668173172317132e-01
2.398173226213856646e-01 6.686037935860869474e+00 -9.932143886570194979e-01
7.057521033696832369e+00 3.341513357651801019e+00 -6.104307009828177089e-01
2.150506337436663973e+00 1.168307678751726808e+00 -7.674848768613529160e-01
1.133289648277821415e+00 9.476124725847636654e+00 -1.021618313708018588e+00
2.329749315412656063e+00 8.970573218616127775e+00 -3.519035385283368900e-01
4.038444075395584143e+00 7.820541866872784631e+00 4.191131681409787646e-02
2.135521991942665121e+00 8.355933345102508625e+00 -1.617009099968456098e-01
5.407171003724386082e+00 4.931414434895054377e+00 -2.396044187642010215e-01
3.664970913433918120e+00 9.077777678320225974e+00 -1.005902324872929299e-01
8.426564609113304627e+00 4.156462746973820011e+00 -6.718326309569666588e-01
8.114227330372010272e+00 2.336278814727289765e-01 -9.934086605939422832e-01
5.674836281038537322e+00 4.565883183367536624e+00 -3.431802636081933144e-01
9.286084948333360733e-01 5.895566605924379644e+00 -6.357695189884742248e-01
9.009947637848393143e+00 4.269317088924632131e+00 -7.727552903367287396e-01
9.718008818474773491e+00 7.998554937986234847e+00 -8.368185527866583984e-01
2.340581667758282247e+00 3.744978588166323785e+00 4.015482377715695606e-02
7.791354143616604055e+00 3.375652091481297745e+00 -6.554394251724515730e-01
3.912881271473793721e+00 6.179376979526797209e-01 -9.260835095939535799e-01
9.320549987202056741e+00 5.463752373611916013e+00 -8.010811747883814782e-01
2.845117407775812790e+00 2.901519749023560024e+00 -2.702452762711349266e-01
3.983444513295565592e+00 4.959918950177315544e+00 3.475407026705568114e-02
4.184575530195212001e-01 2.923019484068710483e+00 -7.319878899235856551e-01
1.642067624615090704e+00 6.119082869937548352e+00 -1.891840548796306365e-01
1.715233204975257442e+00 6.388286185799936234e+00 -1.534589056755981673e-01
4.334526703208778642e+00 1.398286406994319275e+00 -8.000461889498327039e-01
4.232785249118033555e+00 2.247524833838134839e+00 -6.411161523835824383e-01
7.621102100725804185e+00 2.360158119344696548e+00 -7.700638098177488011e-01
7.675190629917842955e+00 7.189810783390316873e-01 -9.563449016175642470e-01
7.649064659277160061e+00 1.543205717257932208e-01 -9.956380645814773001e-01
3.908133853247961476e+00 8.889435984307752392e+00 5.118866269099520139e-03
8.593009989238668211e+00 3.568307544454671021e+00 -7.398498375780587777e-01
1.169123782275157231e+00 2.961046336168692061e+00 -2.437691784021254193e-01
5.210248925128512454e+00 6.072430223576349206e+00 3.575751157857309792e-02
3.341156688390591878e+00 1.805938234321087466e+00 -6.819050506600199402e-01
5.288983028827484167e-01 1.346931941954619294e+00 -6.836285464199109985e-01
1.130778958963535086e+00 3.118440702113957630e-01 -9.133940962088846760e-01
2.135832693428239892e+00 5.275308503847930375e+00 1.569106608386139357e-02
6.494876351719550911e+00 6.055279189710164545e+00 -1.927278998273433963e-01
1.315741562197466852e+00 5.936954198741340782e+00 -3.864828624632270504e-01
8.763423320236848113e+00 6.719578720234098412e+00 -5.306561641833644760e-01
3.795833720483544393e+00 9.216750634257811825e+00 -2.313706742456647092e-01
9.295884247800796363e-01 9.667180397756791610e-01 -7.417078131586023471e-01
1.864621945905223566e+00 6.168515757584126513e-01 -8.744348500542222791e-01
6.712463239733862386e-01 7.397965518560708276e+00 -8.065135332042565608e-01
7.750596261296184286e-01 7.746483926874730308e+00 -8.193828813768435637e-01
9.077427799198025227e+00 2.658230289108561628e+00 -8.761038921307285898e-01
6.192990136211032670e+00 8.424548563923927702e+00 4.936839817180649348e-02
8.723061376626252139e-01 6.769678262326702667e-01 -8.259340541943782643e-01
1.043415850718695026e+00 6.865103169266130401e+00 -5.328752481124636731e-01
3.867924268768869744e+00 5.976157438878399120e+00 3.688898764243075945e-02
9.983697456898564804e-01 2.130641003647449239e+00 -3.752453825254238318e-01
3.046171029135445352e+00 6.151191122779287035e+00 3.757171630856737110e-02
2.984019377222218772e+00 8.636727940354864685e+00 1.209187898795849314e-02
6.792149591064529091e+00 9.152949732011198547e-01 -9.777489059357755696e-01
4.641667646110778200e+00 2.663120088887139580e+00 -5.826646096516601148e-01
3.918587691282743091e+00 8.812577351984613117e+00 2.067232074480895854e-02
4.607152668080736646e+00 3.097566372615573105e+00 -4.935289387821619744e-01
3.560072070589539894e+00 7.605286343024840967e+00 4.141879211414067896e-02
5.699838902501586979e+00 6.036090691925855012e+00 -3.237512373796302967e-02
2.447936158303585241e+00 3.507025507764421235e+00 7.835131505079750980e-03
3.662652262401083103e+00 9.812268525530338792e+00 -8.681949323511974903e-01
6.339026741546106791e+00 1.573929602532924549e-02 -1.004695158478771777e+00
6.284498310141208854e+00 4.366903308597378519e+00 -4.258708667890349631e-01
1.426119253903976647e+00 4.647903583189286536e+00 -1.994571624060288428e-01
7.672707724366100157e-01 9.548943827762750303e-01 -7.476429484347242305e-01
8.405615432258564113e+00 8.334983855311422829e+00 -1.083450013414750945e-01
6.292532875642175227e+00 9.616557251417034990e+00 -1.484709413049801752e-01
5.595345614664534395e+00 5.229881342351182738e+00 -2.103698488152359047e-01
5.245345569706598710e+00 6.424215272307832514e+00 4.025126983220905785e-02
6.195468652010706068e-01 4.177456866524363654e+00 -7.021618739112032159e-01
2.488919625640362288e+00 4.552216590338297592e-02 -9.886263903558892840e-01
3.591239883137317346e+00 8.418900658650715130e+00 3.800402740089570131e-02
3.379548390375470834e-01 6.189629003831337961e+00 -9.526091846712940736e-01
4.734611083198071668e+00 9.154505271290998891e+00 -4.663486990830034706e-02
2.379479536919143712e+00 7.014258266797860131e+00 2.606028221896794506e-02
4.307158884847582803e-01 6.723291124003350383e+00 -8.902534585627019936e-01
6.365067312926583121e+00 3.682187705413091927e-01 -1.003630095482973550e+00
3.226227627359528061e+00 6.261428210701958541e+00 3.916288510526655386e-02
4.428896463296081443e+00 8.012182871782391747e-01 -9.023124843896861424e-01
9.673560833375692170e+00 9.040108629951939534e+00 -6.823538649315048499e-01
4.332117161667677685e+00 7.082185349573653532e+00 3.966667722558669951e-02
9.401906783351407171e+00 7.480264938603210290e+00 -7.356538424837624213e-01
7.028048400318136935e+00 9.081638190997221471e+00 5.943917298016421213e-02
8.985949304193690423e+00 2.382035994531952472e-01 -9.998993228445349768e-01
5.805344417345272845e+00 1.499549241671060740e+00 -8.260925964673778710e-01
5.984115861883063658e+00 6.357127812547317625e+00 -2.086220777572678209e-02
6.524385580675424734e-01 3.250210989085100977e+00 -5.912574783393007571e-01
1.761206070263625634e+00 7.974571809611026296e+00 -2.914117254137447155e-01
7.923701622458855454e+00 6.003145096758025545e+00 -4.145276074706759628e-01
3.200052653833676430e+00 1.686977327793049763e+00 -7.062081925545891092e-01
9.346676342294397699e+00 8.250738664240029330e-01 -9.995694929486689251e-01
7.510390776499789034e+00 3.740348258177999430e+00 -5.993556404391283676e-01
4.380856094752895835e+00 6.366914630096691674e+00 3.781113715331585468e-02
7.490716652078829085e+00 3.679503561624193786e+00 -6.020492012249516467e-01
5.649234620586699229e+00 3.664621692603899472e+00 -4.765880990898501146e-01
2.450399055392521230e+00 7.596296759596530279e+00 2.134022823291426008e-02
2.371877033690958925e+00 5.742768368839509030e+00 3.407801997815873563e-02
5.474064621549233678e+00 9.508433504003225067e+00 -2.825779718344747504e-01
4.504068050899636688e+00 7.377463035053211549e+00 4.089426506479520995e-02
3.826518592951249076e+00 8.435850979695976193e+00 3.865031363421667088e-02
3.001508789492332685e+00 4.537435620566210304e+00 4.357891029713734099e-02
4.532542701321849998e-01 3.091950442081539574e+00 -7.125683546775372079e-01
1.286186752647930254e+00 7.823787186633856194e+00 -5.715176333354459182e-01
5.551888362784477948e+00 1.886592461575482327e+00 -7.727184532896425040e-01
6.599790418133983927e+00 6.991988668542838070e+00 -8.461435746141221514e-03
1.977655881720730591e+00 9.074130900762719776e+00 -6.124003336879859649e-01
3.165285469795933171e+00 1.693363735369719514e+00 -7.033476207103448452e-01
1.240207761590596647e+00 1.223873572364419626e+00 -6.625727848104436823e-01
3.703407997298873600e+00 8.955350251959290020e+00 -2.696570369352957464e-02
7.154210011241231015e+00 9.530323575752680298e+00 -6.354204313413713834e-03
8.492850848144195552e+00 1.417394742219363124e+00 -8.984834528310530199e-01
4.295808762509206069e+00 4.699122051990925364e+00 -5.139748865416349233e-02
8.130281322361371465e+00 5.680650123597853707e+00 -4.897562966632251769e-01
6.156746605748687706e+00 4.334504102783211521e-01 -1.003864520167375929e+00
7.774714294525966629e+00 1.370059433253767223e+00 -8.696851040663640120e-01
6.260061273035698370e+00 9.327097579402211736e+00 6.197560952383751598e-02
5.123645301240221661e-01 6.110440709640286627e+00 -8.407081939859644137e-01
6.605092687632743598e+00 2.749764872091076673e-01 -1.001924122107433091e+00
1.393442234244929745e+00 3.037884160897748487e+00 -1.182810644080949380e-01
1.326654370699360319e+00 1.943369942102956882e+00 -4.095343107581803643e-01
8.908797579691515978e+00 2.658060148079596896e+00 -8.377104562615977912e-01
5.310419932148485955e+00 1.107403009265600424e+00 -8.864372090637337998e-01
9.867905385927112860e+00 9.238442800921200515e+00 -7.358014665811964949e-01
3.392316033971199407e-01 9.537100136910856563e+00 -1.004507858432286183e+00
2.815521957217327120e+00 2.420311738753957442e+00 -4.597534025560547910e-01
4.882208886465437381e+00 9.496509405392425052e+00 -3.723955431592200771e-01
1.108209027970065819e+00 1.241075009824441633e+00 -6.568768875448518507e-01
4.488382553194986690e-01 2.763346263035803663e+00 -7.152886923482117965e-01
1.520782593202938626e+00 6.530911723538572744e-01 -8.435740537234730496e-01
8.891282985178660780e+00 7.500501424769085546e+00 -4.815684546781661690e-01
7.134510937419968002e+00 9.591013178956435681e+00 -3.932534117673375240e-02
6.190770472608004837e-01 7.343988586455535206e+00 -8.287095880167472117e-01
1.034814392284971518e+00 1.287387820705081232e-01 -9.473923685474758827e-01
6.377644855952032898e+00 5.643220257264700557e+00 -2.444778414550599077e-01
2.910507857719717428e+00 4.474857583731522759e+00 4.412081614197038704e-02
1.972215325952953346e+00 4.806517307784609727e+00 6.482334597138539323e-03
2.163637985172846889e+00 7.769562647038722680e+00 -2.445825727229911095e-02
6.503961302446273685e+00 1.236044601338901927e+00 -9.297424254370191266e-01
4.709118297437263401e+00 8.352110231620858416e-01 -9.082696385840349773e-01
9.881365880400381219e-01 4.876584427978404968e+00 -4.634777834012018261e-01
4.916173285003545779e+00 6.960032201779713823e+00 4.208983519367448523e-02
9.276061674986031846e+00 1.429517782201807918e+00 -9.755123263172573722e-01
8.143372547667823369e+00 7.339285602373685435e+00 -2.604735587841424671e-01
2.883892906543548573e+00 5.317090540808342425e+00 4.081016509960244676e-02
6.630690235234800944e+00 2.799672982370035701e+00 -6.652638924867182446e-01
2.696660199411025971e+00 4.762059426974539988e+00 4.182755890416567368e-02
9.852241178043948722e+00 9.593244073565871943e+00 -4.971830606375595707e-01
3.888122245525117204e+00 6.175769101291797014e+00 3.759988610982833990e-02
7.409803466363520386e+00 4.049606965777704737e+00 -5.644466427308333367e-01
5.634010943168072494e+00 6.517268758760778269e+00 3.129398776341307808e-02
3.147869073901792714e+00 4.703594239508373853e+00 4.365700490886714746e-02
4.606123149017158802e+00 6.014428251957843585e+00 3.927011737492813737e-02
1.390478959675515158e+00 2.238456058943654181e-01 -9.246103873288546993e-01
2.978038445870355488e+00 3.421570238577202439e+00 -1.202745778087410677e-01
1.739808556819486540e+00 6.564304606321325508e+00 -1.432438472086854375e-01
3.678343257206819761e+00 4.122540755057991113e+00 -6.257610756874498747e-02
7.866561517525453517e+00 4.719506344995814118e+00 -5.426671893819409176e-01
2.484658016684416992e+00 7.169693506036114883e+00 2.792337967332869653e-02
9.195290854849709206e+00 9.768882120967845140e+00 -3.792392664615762410e-01
1.808731469850226370e+00 8.882520627544295166e+00 -5.952834778866780141e-01
2.181536917621984983e+00 9.769592183407189268e+00 -9.263040779704576622e-01
9.599107196284570875e+00 5.124234680572684830e+00 -8.676439103244304452e-01
4.926928797862940357e+00 8.556144906287586949e+00 3.680150199515463960e-02
6.767797561505067172e+00 1.710767690651630035e-01 -1.001491740360404892e+00
2.497149124469383530e+00 2.635314972387308607e+00 -3.107795349288653419e-01
2.073042146741344016e+00 7.865879682305998877e+00 -6.898455241683132400e-02
4.321607871888448749e+00 4.885892797745571947e+00 -1.296374387411258766e-02
3.887201691320135932e+00 4.413922524135191594e+00 -3.795247660940503920e-02
1.978685823103403241e+00 9.839981063676333406e+00 -1.000114131943207418e+00
6.626264036165963489e+00 9.655104317229442401e+00 -1.640822804272119573e-01
9.782807541412138264e+00 4.830256938837086622e+00 -9.035012533841595417e-01
3.539799476452266891e+00 6.833512078795984657e+00 3.928798733029470469e-02
1.981297158483051879e+00 6.093068057239229951e+00 -3.021059466927944470e-02
8.601124712025091767e+00 9.126215517667969124e+00 4.277935321492376541e-02
4.705439528474028243e+00 1.582750918921666194e+00 -7.871154729782514625e-01
7.773173806022928289e-01 5.381031656704899468e+00 -7.061355120000962771e-01
5.953747456647852765e+00 1.578589116500752842e+00 -8.138134499278223410e-01
8.255444392373684437e+00 7.836955595238703776e-01 -9.619482068294407107e-01
4.539221894996776641e+00 4.696191817137901126e+00 -1.109914200418633534e-01
9.674757489680668954e+00 7.932166522532657638e-01 -9.954190345041283861e-01
1.087478128294619095e+00 6.386221928346404120e+00 -5.294808501971086656e-01
1.463060711344247755e+00 4.156370557090435014e+00 -1.561141632901312803e-01
1.961319227493113049e+00 6.202140845037495964e+00 -4.579158963390650428e-02
2.204367204803405311e+00 6.704277727612533155e+00 8.504086518675180173e-03
6.388330566834139468e+00 8.129616612826749744e+00 4.686867563240260104e-02
1.161547042711888800e+00 6.881184494156635800e+00 -4.679624041238792387e-01
3.270874871999214228e+00 3.520716343226201417e+00 -1.538708656542828734e-01
5.261755629191253725e+00 6.462822828608513426e+00 4.043114367212208293e-02
5.517796421501573789e+00 6.989686039446574295e-01 -9.642479287317553549e-01
8.571318630155866813e+00 1.128995108845800344e+00 -9.418809003886727815e-01
5.911534616029931577e+00 5.291567597202219808e+00 -2.403430627335141345e-01
2.982086554836510528e-01 9.219305382686806993e+00 -1.004352249667206598e+00
8.593287514924311310e+00 7.567508448729706849e+00 -3.559798466919735782e-01
7.924877120056761370e+00 2.386792277265435747e+00 -7.658702418272483881e-01
5.144462063599570811e-01 1.660679915771715587e+00 -6.368485756264852249e-01
7.633302273067541499e+00 8.695764210910709835e+00 5.731955097019186818e-02
3.364039013947535128e+00 7.109617267600996549e+00 4.036842958132957904e-02
6.165001042927649166e+00 4.622554780749039693e+00 -3.796091986293321785e-01
8.100174203125064309e+00 5.036588159496302453e+00 -5.446146660819788377e-01
8.348254319178611382e+00 7.267856161065112452e+00 -3.315360826433075836e-01
7.348904595864017786e+00 2.899363748368381621e+00 -6.908332337104723386e-01
9.714674465003973580e+00 4.012490613205345724e+00 -9.343256842019458386e-01
1.592545318508814534e+00 9.745937637832062350e+00 -1.008831500601798270e+00
9.093637260710577763e+00 2.168758005020325896e+00 -8.801059057291599208e-01
1.691363014323413960e+00 1.360687297386772743e+00 -6.617744561372274070e-01
5.768016229933704331e+00 6.874019007740042042e+00 4.255549065243746654e-02
3.076209639916047234e+00 2.285586575476115101e+00 -5.352437987210167947e-01
8.710201370421613021e+00 7.225713684508249246e-01 -9.890703965693355970e-01
6.854667226198366770e+00 9.814506091841135316e+00 -2.183431077472269277e-01
5.304041062735360690e+00 3.692471912291951597e+00 -4.466345010385701642e-01
6.686854554565585751e+00 5.129224253257175903e+00 -3.653135403952554316e-01
5.348960786461018913e+00 1.943771487762755878e+00 -7.657320181915574508e-01
3.194283326513216448e-01 3.531348045908620392e+00 -8.431071937981755582e-01
6.317047194662617215e+00 7.001026768126113353e+00 2.713596530213435720e-02
4.844482838317384576e+00 6.656068883085426435e+00 4.043437199978638930e-02
5.614641814274953013e+00 5.470245658885749762e+00 -1.475183112354780945e-01
9.108276919113151848e+00 1.297385073424130342e+00 -9.679235615524826031e-01
1.101245662768731925e+00 3.811186669732074400e-02 -9.541386974144533406e-01
6.640397903766701582e+00 9.716420462815355208e+00 -2.101002729456151741e-01
4.663591545716842646e+00 6.870958353422706999e+00 3.964977525920687640e-02
6.726891339901151845e+00 6.363125180469604736e+00 -1.673364151674430200e-01
8.485081581088946834e+00 8.069459044733298114e+00 -2.076634374644573677e-01
3.197876832041441464e+00 4.064197411227007173e+00 1.252587163997453956e-02
5.589020592315483427e+00 6.686155976856960059e+00 3.985070244570021458e-02
1.561126702802277055e+00 7.227766625514772336e+00 -2.720830132881695285e-01
9.387832251775098058e+00 6.566033437104184856e+00 -7.955055317736471343e-01
6.112586636132739670e+00 5.635001668506780526e+00 -1.986986171896014675e-01
3.485985707250697896e+00 7.786826582353050252e-01 -9.328525273538059714e-01
2.790613547578146392e+00 6.022884589330801397e+00 3.962326639312552246e-02
5.556517809589815116e+00 5.170692751420464361e+00 -2.218055449058358164e-01
9.807702358217289251e-02 7.737484012960325508e+00 -1.012527384227124294e+00
5.712547983974761934e+00 1.222713083863420813e+00 -8.759508100361701466e-01
3.428094153249825027e+00 9.766991093854032968e+00 -7.800953784128724644e-01
3.235636976536225173e+00 4.987919680516686327e+00 4.354465958302444761e-02
3.776878338185400530e+00 9.368952247620043750e+00 -4.072605163456595179e-01
1.951298897273034294e+00 5.006685612052260703e-01 -9.038225643698793998e-01
6.751160660546964287e+00 7.044486327980841622e+00 -2.402401230027928491e-02
3.117040944916352085e+00 1.943288070145804847e+00 -6.368889544835663052e-01
2.234713473087702518e+00 3.088147269930430650e+00 -7.775745880364226537e-02
3.718632516836722246e+00 2.343501011292701275e+00 -5.802329507920349627e-01
9.540227060785918312e+00 6.798140512376672717e+00 -8.476356819791686092e-01
3.275699591058388815e+00 5.183929786002131834e+00 4.180505552184143880e-02
3.285622768667801896e-01 4.933453141233582251e+00 -9.246680720212445692e-01
1.756915537024583474e+00 2.476869286764203704e+00 -2.616978061265777811e-01
3.292837305427464223e+00 9.626105972022322987e+00 -6.517808300288808754e-01
8.833407870325396871e+00 4.835890816809141235e+00 -6.908842974468377696e-01
1.622429704647421422e+00 2.621126687418521950e+00 -2.015352334363846865e-01
4.309204696067801876e+00 3.704053430061172936e+00 -3.344412293902903066e-01
6.239618059829302510e+00 8.116682859185877064e+00 4.613308025354934117e-02
9.248506699359197114e+00 6.716751719113170260e+00 -7.406677996187466251e-01
9.224420985435518361e+00 3.588943004325030994e+00 -8.834125393399769877e-01
4.825458937828697614e+00 4.323860693159923052e+00 -2.947854944276713240e-01
6.778506808172814146e+00 7.001388430143143715e+00 -3.654346454647883213e-02
5.106643716012247758e+00 3.381540221101022148e+00 -4.784267004433084836e-01
4.766410274457919982e+00 7.936096585836653006e+00 4.066257738953815704e-02
9.775247259050809490e+00 9.128118597559232938e+00 -7.163152412095372679e-01
5.852031584634636907e+00 6.187475703143824113e+00 -3.011085727715845373e-02
7.190316635703669412e+00 7.995733397208503179e-01 -9.604746166084148218e-01
9.455785513109880025e-01 6.325633980967269920e+00 -6.072254167035433525e-01
1.795285838821854218e+00 5.474577168313019548e+00 -7.456840052284352538e-02
7.786310915003911148e+00 1.798601028479218211e+00 -8.168195776099939076e-01
6.453010666280340146e+00 1.855667160417604711e+00 -7.927347932361924476e-01
3.077443884309887245e+00 8.546985033515642982e+00 2.970438361536653638e-02
3.872533739716967460e+00 7.549924108863468319e+00 4.113393851847124694e-02
4.064696662310918640e+00 6.587666621166646586e+00 3.848369226904146956e-02
3.358326064708332837e+00 6.061134420214535190e+00 3.966332956528972886e-02
6.515984188672568678e+00 1.958675305509631537e+00 -7.772524440342623020e-01
5.326602379652804586e+00 1.963742733969356724e+00 -7.622640963778479772e-01
8.587193079984157151e+00 1.065382557049558837e-01 -9.996873109925217271e-01
2.291626690613426387e+00 7.483071161773542812e+00 6.983027186938883801e-03
6.896357714987225052e+00 4.412023678105672531e+00 -4.712433156121007549e-01
4.082799250365225951e+00 1.120758118778066414e+00 -8.469683350551993062e-01
8.416391302382837836e+00 6.711623808071899511e+00 -4.296075443124729443e-01
9.682800350308582438e-01 6.556033980214992951e+00 -5.503983521383037925e-01
1.279504439298503549e+00 1.256527901484331966e-01 -9.389822506351741538e-01
7.823471011515525042e+00 7.542613737134862717e+00 -1.378284642818426997e-01
8.027565460358465188e+00 5.212641419843922819e+00 -5.155677134206977374e-01
2.564051781937962016e+00 5.540060735182255058e+00 3.933344922399140131e-02
5.105489683810290558e+00 6.909730833856245980e+00 4.353967631958877149e-02
7.349299206569217979e+00 6.329775404947329598e+00 -2.747626068010227129e-01
7.294954719797570597e+00 4.674723097965019392e+00 -4.797412496214525923e-01
4.501432543421590715e+00 5.495095188043116252e+00 3.440880689884018295e-02
9.534915167126092328e+00 2.568415369256094039e+00 -9.659668063117921033e-01
9.840147828133496422e-01 7.466878628263788009e+00 -6.424563894010040244e-01
1.234313532280131742e+00 1.796262516832154710e-01 -9.327643123117534962e-01
3.688674177462553327e+00 8.727359083669270490e+00 1.758508881974862881e-02
3.524449778849067627e+00 4.816884049097062359e+00 4.291000783359066872e-02
1.780281568831096894e+00 7.747997106010652502e+00 -2.223659753516082915e-01
4.702397206583380118e+00 8.418500559641793890e-01 -9.070594495771807653e-01
2.490151344723285920e+00 2.840400003155907349e+00 -2.224814283574358953e-01
8.105074506055551353e+00 3.862064998017378237e+00 -6.439981511616362786e-01
9.790656676564569949e+00 6.151180535944066996e+00 -9.889480830402003209e-01
5.898541941295556423e-01 4.428724094086180507e+00 -7.240471935345800247e-01
2.577988019397506214e+00 6.126039774217653111e+00 3.664427063628838965e-02
7.281182564709781424e+00 6.405244083851409087e+00 -2.498109754160291462e-01
2.857085563523084737e+00 1.804301705476102080e-01 -1.003050036803191158e+00
8.755477742433669164e+00 6.751179428261289139e+00 -5.261033297660765440e-01
3.110009507346763513e+00 2.214294482600868363e+00 -5.600764835754747928e-01
5.361567852322714600e+00 6.640983217942179273e+00 4.096178048839282937e-02
8.080958994041548493e+00 6.573307679924081035e-03 -9.942610491039378662e-01
6.673390694862865402e+00 9.522023367231575719e+00 -2.275415517812384714e-02
2.677972405451169546e+00 9.035674842036321763e+00 -2.584140244813899479e-01
5.992944228365299608e+00 7.707218826073220619e+00 4.527040820175209923e-02
5.239814537872883982e+00 4.348666564190700079e+00 -3.391419828462938213e-01
2.680934934457353869e+00 6.327103548724379856e+00 3.116744220458622650e-02
8.897329939620810535e-01 5.690311226485587959e+00 -6.843423300812530030e-01
7.435445862526487204e+00 6.003742378551557124e+00 -3.379765138812360625e-01
3.742229086170847374e+00 9.208236840490284791e+00 -2.238743130158500350e-01
2.099419533549551353e+00 8.805079032395223493e+00 -3.761271332711195736e-01
1.962758296190456608e+00 3.022523964388592610e+00 -6.354325480374267698e-02
9.581819441694582551e+00 6.779329478320788915e+00 -8.632056233901226339e-01
2.183088716598513557e+00 4.793447884776760759e+00 3.052018108774223748e-02
5.411625531865140282e+00 5.053038997995775716e+00 -2.160774908196114730e-01
7.492155189235599089e+00 6.198102423676599138e+00 -3.190806828585115440e-01
1.308028875766990895e+00 1.604364184070266930e+00 -5.401900833135524493e-01
7.551336767572655262e+00 6.609764443542642809e+00 -2.643036656338577650e-01
1.591486240875600977e+00 7.357410920488709927e+00 -2.670075315564752749e-01
5.046001864053209829e+00 4.553415682670014952e+00 -2.680794987600951806e-01
2.695053980862369247e+00 1.455457422157514724e+00 -7.382751474589679397e-01
7.460977324641583586e+00 7.021989557610244681e+00 -1.772720143658041980e-01
7.092147436202397515e+00 3.959460822833143823e+00 -5.507268058471415095e-01
4.331794257323685393e+00 2.388821893502801608e+00 -6.192105637535174623e-01
3.393679336749240605e+00 3.959598546391186247e+00 -4.570823547229663220e-02
7.692660513639630437e+00 7.515381665051358517e+00 -1.142417213151876165e-01
7.186226464829284843e+00 6.360271362660990135e+00 -2.417989883914470894e-01
7.604938100979905968e+00 8.753377496123903256e+00 5.689671948908026078e-02
2.600171924964198023e-01 6.332645424685750868e+00 -9.715248141794621262e-01
1.539158331678464942e+00 1.598161070150878826e+00 -5.652343611190007167e-01
4.009658866345069406e+00 5.951070369327597476e+00 3.551347316171415969e-02
6.695033004881594252e-01 6.525681050238990366e+00 -7.215494108995335054e-01
7.932583376702068811e+00 4.624457109946408906e+00 -5.608691266580627666e-01
2.981815662004437151e+00 9.507321471174853045e+00 -5.686977507022682454e-01
1.585938136725147107e-01 9.198676332094304797e+00 -1.003151359785212637e+00
9.322593242900728328e+00 1.172208853852586552e+00 -9.890081453598225103e-01
3.899189143804319801e+00 3.236447621626816762e+00 -3.987459258495378300e-01
4.682907385041177761e+00 9.753229104555927620e+00 -6.804521407232450025e-01
8.867097926191791046e+00 7.148770984829235786e+00 -5.311349243449348112e-01
2.499335326715894201e+00 1.143728906927264088e-01 -9.888327311082872884e-01
5.553247910881501603e+00 7.696379517560915318e+00 4.777244492159993250e-02
4.215729051931001337e+00 9.185600661116607668e+00 -1.492614300348300560e-01
4.951831850897425724e+00 3.707549886760073132e+00 -4.141661642616987216e-01
6.751853277003608156e+00 5.013642486953640010e+00 -3.861043769200682707e-01
6.211062293984932481e+00 2.705281748199906300e+00 -6.559241275648056702e-01
8.773911251544250778e-01 9.224951634676726187e+00 -9.991707988866447288e-01
4.417371452967088885e+00 1.208396711118045752e-01 -9.720328113270801929e-01
6.575498657608148889e+00 9.634589632457748465e+00 -1.589531245483106758e-01
2.885192930557294311e+00 6.367987672522704479e+00 3.685736964661234794e-02
2.463987434965302370e+00 3.860512510961688459e+00 3.974424284549904485e-02
2.019355125974184040e-01 8.400027012150459882e+00 -1.014754731666017484e+00
4.500308545392837090e+00 1.246642702455723173e+00 -8.357304504708291670e-01
6.820019469731740891e+00 3.929844221041798313e+00 -5.295828197347853816e-01
8.778645746898678937e+00 2.647071511653884990e+00 -8.112208770646169853e-01
1.918702115728834645e+00 8.330775826994354816e+00 -2.918620013566455285e-01
5.503450557988518455e+00 9.374057285377393356e+00 -9.601150689364068569e-02
5.240362827401940926e+00 5.947176417325513498e+00 2.553545573590554341e-02
5.510681789966029420e+00 2.291121157701364819e+00 -6.956665405583419837e-01
8.789357839499800207e+00 6.986470934985530290e-01 -9.939649975361497525e-01
5.403702102315665057e-01 6.109087488537232602e+00 -8.202901865648470903e-01
9.786346881100932649e+00 1.546203948512430593e+00 -1.005893745078896728e+00
1.388240156396771952e-01 2.786187329986315575e+00 -9.004317241287376206e-01
1.767821614202350844e+00 1.149243950291678695e+00 -7.327665727671459628e-01
3.569560590988013704e+00 5.251739718881854868e-01 -9.633329218988611053e-01
8.324899188415662010e+00 2.734796179807836847e+00 -7.605490197970740107e-01
8.033573158559114802e+00 2.203515170395315206e-02 -9.943739383746077465e-01
6.503815616618718209e+00 4.415973437754409758e+00 -4.378661730683830466e-01
9.154830349750001872e+00 6.568040136510838956e+00 -6.811248183296634284e-01
6.263791268314500726e+00 2.922027829918804720e+00 -6.265481758420194947e-01
4.627644325746913090e+00 3.396053794210960763e+00 -4.371912106388715635e-01
2.056384609485087389e-01 5.631940965507209462e+00 -9.632623798221029432e-01
1.781985104717249468e+00 8.421025977219626313e+00 -4.131065068834796072e-01
3.616604084525395724e+00 3.145015721796691643e+00 -3.570468789258107734e-01
2.582974316746513122e+00 6.174498348927166091e+00 3.405468802284161711e-02
2.507194992368064757e+00 1.104377864561119360e-01 -9.893529318830101005e-01
8.980455286198939291e+00 3.918552404436913328e+00 -7.882146274985643020e-01
7.133899974207691397e-01 1.894376317822676459e+00 -5.240309122298980604e-01
9.083104479847550650e+00 7.594489689558707290e+00 -5.520918234471344777e-01
8.423805461078176293e+00 1.044522926145855513e+00 -9.420117894584716378e-01
5.743278632915654880e-01 5.611334244785470382e+00 -8.384454644944714374e-01
9.897279212949808169e+00 5.132332057018853533e+00 -9.462819683137213556e-01
1.636444387623568142e+00 6.210561414485832543e+00 -1.940232965795720688e-01
5.585103173606330351e+00 3.236171416294120196e+00 -5.338627341957966621e-01
5.910964164476871785e-01 8.134162227970829662e+00 -9.535055900403976992e-01
9.726718310766765185e+00 6.087490097572962888e+00 -9.841052191618455680e-01
4.057981737574036241e-01 3.544210900916974438e+00 -7.919736166909738806e-01
7.089523542081604957e-01 3.504793648384785243e+00 -5.820683460023126088e-01
6.946751297971514916e+00 9.716640167285996554e+00 -1.373624538744589452e-01
9.083950654579497908e+00 3.878208707130164967e+00 -8.126169410996585407e-01
3.982984899913133425e+00 2.023944506448417613e+00 -6.671893789250047391e-01
9.867627091741960399e+00 8.628966282670830878e+00 -9.192127399098841689e-01
9.381287784851739531e+00 3.111918755135612447e+00 -9.797288469092897412e-01
2.054225087441829078e+00 1.799502504250147794e+00 -5.773766254420680255e-01
1.080987138996838126e-01 2.652350982369419796e+00 -9.362118322991790365e-01
6.703228596978764386e+00 1.927236419028955483e+00 -8.043185350096841990e-01
1.682737499607226628e+00 4.850941650495748547e+00 -8.947268441114264448e-02
7.143310309150678883e+00 4.691782623754924941e+00 -4.620229615456041827e-01
5.249599012648045182e+00 9.088511289091158574e+00 4.128766209496026462e-02
4.089470633031611513e+00 5.071832617961602452e+00 3.306183548145691375e-02
3.245456956098276002e+00 4.342314706708801708e+00 3.663633237094332529e-02
4.256890502357889572e-01 3.610971641979530578e+00 -7.899536733159302493e-01
8.141359798524050007e+00 7.957599154895429905e+00 -1.207533354668887948e-01
5.135159604245573828e-01 6.708470783838840212e+00 -8.376007731246000176e-01
1.401063423373697825e+00 5.747006607410173551e+00 -3.183694556697949096e-01
8.191945289540305097e+00 1.029481703961336869e+00 -9.311128258747924935e-01
2.756912244883015006e+00 5.781525323089423907e+00 3.837166933661384505e-02
2.944375025964103276e+00 8.936067590303471420e+00 -1.272123403898024474e-01
1.131449587310271676e+00 6.072488216199893429e+00 -5.097412084208521321e-01
5.766069719449795627e+00 9.131280513106915464e+00 6.840541596525606671e-02
5.881859571623466287e+00 6.335296985218411336e+00 -9.146122657001543033e-03
5.739036975296238019e+00 7.051367528376338845e-01 -9.721906677487246462e-01
2.338347250498135743e+00 7.185745488172029516e-01 -8.968404667620877291e-01
7.281095028829366100e+00 7.287985538392764973e+00 -7.928338642140153603e-02
9.521556921452415168e+00 7.971497474313070875e+00 -7.414989957407761567e-01
2.616553758920411088e+00 2.906268110168011454e+00 -2.217427760397132630e-01
4.766487478592767779e+00 9.683327687247269111e+00 -5.979435812732902811e-01
8.769500586105567486e-01 1.114969601428374563e-01 -9.598026829696499895e-01
2.717876186390991045e+00 4.823714609417841248e-01 -9.854007281275236618e-01
4.703702204911857643e-01 9.057651692933282206e+00 -1.004219002013363449e+00
4.464212274739816522e+00 3.755089116316198794e+00 -3.479116035765259518e-01
7.445775770878201527e+00 6.263193434994214215e+00 -3.018640677006423356e-01
5.227804240510303124e+00 2.793944862427677922e+00 -5.868771533624363990e-01
6.024538661668061401e+00 7.857093949405486555e+00 4.564351000598931840e-02
3.700741609881532224e+00 7.883030964682890662e+00 4.294799552655570452e-02
4.822901712107667827e+00 2.396277014594468735e+00 -6.450774630482756233e-01
1.441661756847359144e-01 3.631050250507867450e+00 -9.607361739591007144e-01
8.810583293336797794e+00 8.136310795224748205e+00 -3.355851317423154123e-01
8.839149941572545188e+00 5.606942111926777272e+00 -6.590023538848104323e-01
1.077119673863943916e+00 4.964424784289895864e-01 -8.735167192032140537e-01
2.888385015899199271e+00 5.085443916292722299e+00 4.045287901173777456e-02
1.766969534434728248e-02 7.041920685688267678e-01 -8.497882115913544254e-01
7.864666719434684872e+00 8.197411816251353178e-01 -9.460740894972918813e-01
9.027876512058311320e+00 5.935071836591169436e+00 -7.081211625363161843e-01
1.109576052363747900e+00 6.998641631553836895e+00 -5.084504697621357039e-01
3.167263798744970771e+00 5.195208088179056993e+00 4.175978474282127095e-02
1.113307239016934957e+00 5.309942381514925813e+00 -4.526543795739206288e-01
1.778101681768116782e+00 9.231898846949874837e+00 -8.053705104074984078e-01
3.683863198255097338e+00 5.672230908781137337e+00 3.797771149436890425e-02
5.364978116611335501e+00 1.806895697878392548e+00 -7.874404145040346803e-01
1.229578800263072091e+00 6.739751175198115618e+00 -4.219084362521030585e-01
3.356197515653040142e+00 9.124008653099101807e+00 -1.692821453254749198e-01
5.111724949043736643e+00 7.683958753221678428e+00 4.583113268401062257e-02
6.659772428955047729e+00 2.902169894893565694e+00 -6.521901728172344592e-01
5.127267810977170548e+00 1.602001581683078157e+00 -8.160448020310895334e-01
2.415585463228921981e-01 2.558260713789104024e+00 -8.670818531697999099e-01
3.781970599993785598e+00 5.756323571308574749e+00 3.707584224745286150e-02
9.601604371314373054e+00 2.565573887711559031e+00 -9.755680727327322721e-01
6.441341206563099275e-01 8.813562683945384890e+00 -9.961246597892681187e-01
2.433841901544033348e+00 8.719448092805910377e+00 -1.208055650298747175e-01
6.544064575871529676e+00 1.214613042151670541e+00 -9.363093091246237343e-01
5.381130859848091141e+00 8.588660207320131690e+00 5.050500588039796845e-02
6.850696427882402517e+00 5.875186445864468254e+00 -2.792764334148480909e-01
3.587174888545347162e+00 4.681970957004668143e+00 3.718647320969825643e-02
2.081556897492667257e+00 1.270067391676563996e-02 -9.664755382127843131e-01
9.181629807678816091e-01 7.417689875869182714e+00 -6.730837144882970691e-01
6.897365283833041261e-01 5.333873619674231570e+00 -7.454715350778187144e-01
8.173714775690632095e+00 6.028159325790600320e+00 -4.594287704616586421e-01
6.759946726402282557e+00 1.917794600008699168e+00 -8.118950285220926100e-01
4.169040705309712713e+00 1.880525920484476643e+00 -7.043884074394803907e-01
7.532996359036803646e+00 9.018905485935007960e+00 5.642906792813803807e-02
8.271440541474289532e+00 9.490059099179795510e+00 6.596894884288850847e-02
4.872225773458014331e+00 5.005737817317951865e+00 -9.695043576778328287e-02
4.764893786100379280e+00 4.456184029683622150e+00 -2.462699662155021230e-01
6.960654894245479340e+00 3.405448937711883950e+00 -5.987703133061410554e-01
9.577600223111739197e+00 5.841640224954073091e+00 -9.461754763580908500e-01
1.297220860550989840e+00 6.083477236807610211e+00 -4.031200641959262754e-01
2.070941404464957114e-01 1.506147169377806350e+00 -7.321481958421682812e-01
6.481051813013730012e+00 8.661688618299461240e-01 -9.982062462765625144e-01
1.430058771122842298e+00 2.508404490323515645e+00 -2.519249586977698740e-01
6.146108679038154499e+00 3.264211429691652899e+00 -5.700446711573745606e-01
6.368507467187381366e+00 3.839151757706982249e+00 -5.051860140685531242e-01
1.955938788658231342e+00 7.728433984770117782e+00 -1.163671806179649160e-01
9.314559369799621180e+00 9.233708765036396926e+00 -3.654875160209074547e-01
1.777254419663942597e+00 2.817920671365674146e+00 -1.235191486825848450e-01
5.096704478123786908e-01 3.425124018425955263e+00 -7.070049843399135447e-01
5.201076534175189892e+00 9.247791182655525688e+00 -4.284660436617548918e-02
6.973873961378415087e-01 6.431665328839145879e+00 -7.116326346514654233e-01
1.506239447256543684e+00 4.035551562821529714e+00 -1.274831523221893192e-01
1.371845724670538669e+00 7.701618360907572125e+00 -4.648044379831151041e-01
4.904550081907030012e+00 1.915649103163062694e+00 -7.408916086183994221e-01
7.548668274145973633e+00 3.437196930248923810e+00 -6.216191498353081935e-01
7.524996694792525531e+00 2.480351652221199465e+00 -7.579572994878955861e-01
8.096807910525551932e+00 8.986930577543761345e+00 5.381953850603604650e-02
5.136304413164258786e-01 8.615117236580500659e-01 -7.740340999252737220e-01
6.488292791888915723e+00 3.095360684102610893e+00 -6.156624691466298094e-01
9.269084377743373793e+00 8.950878343883605481e+00 -4.143205267465051023e-01
8.942270305861223179e+00 9.069018551198901879e-01 -9.895490968324949232e-01
4.436808071139449083e+00 6.342031157061359004e+00 3.778438543734186084e-02
6.488447184279911850e-01 4.825221884219851987e+00 -7.003668074060263038e-01
7.673332169776487355e+00 6.093480531942651268e+00 -3.617416469136778279e-01
5.971987535887689269e+00 2.173891903364502554e+00 -7.218329129669989186e-01
4.104742082778973788e+00 6.772834573785626588e+00 3.914967126035007183e-02
5.858203821783174448e+00 6.296562422448874763e+00 -1.154134465374778706e-02
4.984573400658632636e+00 6.058981930782695535e+00 3.916015545274609266e-02
4.447751658736505576e+00 6.677227622650494965e+00 3.888238791645770576e-02
4.051727976076489490e+00 8.014799914393806457e-01 -8.896048105244832582e-01
4.676486897394955378e+00 5.090559259161468120e+00 -3.097068994731433378e-02
8.395036423488935640e+00 9.666426488019443042e+00 5.409194135834094475e-02
2.105421353331303980e+00 6.669760955905126742e+00 -5.976380934755276542e-03
7.474189501332779706e+00 4.873746794347048272e+00 -4.779045283821998780e-01
2.534553199884620245e+00 8.842326727749771464e+00 -1.527991873749228180e-01
6.374405281631887910e+00 7.878599995325224370e+00 4.383350046718792470e-02
7.859603009025722287e+00 7.534969126146191520e+00 -1.478901178560925178e-01
9.269458101195118260e+00 5.491812200089702500e+00 -7.864164319416053761e-01
1.929679958906107995e+00 6.520244753516537983e+00 -5.458178529196100470e-02
8.561710604736529007e+00 5.188929803689596554e+00 -6.121821418543079707e-01
1.570452741652013096e+00 6.968658349521516193e+00 -2.520950579622613930e-01
2.317199681758969759e-02 1.768145365740072084e+00 -7.844110335868332839e-01
3.902204396464405978e+00 7.083078581314580013e+00 3.998080396458059127e-02
2.894040642775072669e+00 7.927924276867973852e+00 3.342627034989398283e-02
4.956795642342390451e+00 5.450740844364329263e+00 -9.904977066815590092e-03
8.375050519940630878e+00 4.704064534369493678e-01 -9.911719456933377748e-01
5.335094238846495251e+00 7.565068685192892772e+00 4.687631423095117711e-02
3.495659734981857891e+00 8.003652769484382645e+00 4.270059638625278708e-02
7.680200860723850553e+00 1.388547404258329010e+00 -8.659014537408538104e-01
5.828130503936593598e+00 4.385118013273387128e+00 -3.851484761920518363e-01
8.533510519672869776e+00 4.227608739982358088e+00 -6.852309713261377500e-01
5.115781477961928170e-01 7.146377716728275153e+00 -8.770666455497901914e-01
3.115787607773960466e-01 2.636407564619067667e+00 -8.154055003411779801e-01
6.035441003484609546e+00 7.975273017902521744e+00 4.616018626685280957e-02
7.807499149862384691e+00 9.079973571259095877e+00 5.858677860958251549e-02
4.700798487550317262e+00 4.422309947707312006e+00 -2.424458148966341930e-01
5.101231769342328803e+00 6.592621804288041343e-01 -9.499288885883523381e-01
3.682495712621386641e+00 6.074360109957298803e+00 3.917154643390130531e-02
3.422547129620612250e+00 7.409655118659598250e-01 -9.471642871576750888e-01
7.730123205958040700e+00 4.640332838442076668e-01 -9.796544079288583839e-01
3.546985453281889189e+00 1.185783875487449235e+00 -8.332703605823383874e-01
6.451744737945773522e+00 3.468664643740892117e+00 -5.642115778934950754e-01
7.169606881230562223e+00 2.155008765548327876e+00 -7.898218308834815682e-01
2.978352287186536884e+00 6.328757316322214166e+00 3.766091045465591591e-02
4.544332942700707534e+00 3.515213237986758443e+00 -4.072495618379927684e-01
5.634464435603372401e+00 3.879361685917834812e+00 -4.447059596671161241e-01
2.528447688269943594e+00 9.634903850225922994e+00 -7.520823259674037642e-01
9.892095728274416189e+00 5.003167857305022892e+00 -9.334162973197456248e-01
4.981379499082958517e+00 2.206166899445105578e-01 -9.829539995703895361e-01
9.503068100553617725e+00 5.367601079208129455e+00 -8.604781480814737149e-01
8.107860804082720918e+00 8.044613061044527669e+00 -8.925748500316851852e-02
5.380016419004770789e+00 6.500322125415577190e+00 3.985252935982508404e-02
7.382853447739471164e+00 2.070590422776621420e+00 -8.009803260838828098e-01
2.570465508967138657e+00 1.599616835550289995e+00 -6.911570247848792814e-01
2.453972971031685102e+00 3.582691501028032022e+00 2.131830369333043151e-02
4.582805783236439723e+00 6.087143166167722441e+00 3.933005965985092445e-02
5.538779413137035590e+00 3.661640970707636278e+00 -4.689187413108930613e-01
6.757337317350944339e+00 5.827439956035006752e+00 -2.739562671536448502e-01
2.742478564697486743e+00 7.510500423008803494e+00 2.388397293867106086e-02
1.382637104711768261e+00 4.833135649011345514e+00 -2.323539763519422152e-01
1.445474946415028494e+00 7.393144330127551456e+00 -3.525343312778259630e-01
4.792876705987243469e+00 2.115648441400546975e+00 -6.972259753965368567e-01
4.807095155137183440e+00 1.100304980121489917e+00 -8.737248822067650300e-01
9.080512521634966916e+00 9.149739404931452214e+00 -2.182796245752174347e-01
3.703677145521343750e+00 9.236738986037856591e+00 -2.550380144540242977e-01
7.876544959757875164e-01 5.525765700110331080e-01 -8.646111844745267838e-01
7.717159107645801264e+00 6.078010422183091954e+00 -3.706438845925672521e-01
1.016254038964079953e+00 6.018328707148135059e+00 -5.772817145536590644e-01
5.153436312274650710e+00 7.200885977728574083e+00 4.477346031996010112e-02
2.498252878479230610e+00 7.870503467799578878e+00 2.769159486151284710e-02
5.603113325731932104e-01 1.635977707613200494e+00 -6.271688163680591011e-01
9.239938676501015635e+00 4.355548303683034916e+00 -8.127486288710172868e-01
9.761844507719613873e+00 3.199698596939452688e+00 -1.015041403034451228e+00
4.424213771936337913e+00 4.978330232988869675e+00 -1.298679400001256923e-02
4.295009204232010269e+00 3.585116039456591075e+00 -3.618508400140498793e-01
8.480509289624338365e+00 7.498832436365995280e-01 -9.756783127553211310e-01
2.238255727491142988e+00 8.410030851535453822e-01 -8.597913701574073642e-01
2.824224292372054634e+00 4.558507474679536209e+00 4.390717446608505270e-02
9.360430912923735747e+00 9.663738277591189529e+00 -3.543346299058103277e-01
3.399435452689185233e+00 8.725659153633209542e+00 -1.123844271161189567e-03
2.086983288264241843e+00 2.352652798070713480e+00 -3.625667917111514704e-01
3.219022219700776066e+00 5.185900196876747081e+00 4.186059384632834224e-02
7.529543149960526094e+00 3.040095949526607555e+00 -6.817314701818373290e-01
4.220617541614235968e+00 5.372231533164240069e+00 3.899555803199250548e-02
8.316213182484077926e-01 3.113557650563232304e+00 -4.559637154149362992e-01
7.807907859622924995e+00 5.214524963715858163e+00 -4.821394436400437966e-01
7.142045674621851248e+00 2.044825384759457076e+00 -8.058631788332519807e-01
7.905322650527105921e+00 6.202180108245467061e+00 -3.845390573459518402e-01
3.931630878397157414e+00 5.394726369833721336e+00 3.719209200259498971e-02
9.271830432598912708e+00 8.495867758091341093e-01 -9.992941724293391559e-01
2.850168891774314428e+00 2.175043610555542350e-01 -1.003518655920132785e+00
4.983493322283795379e+00 3.637971837010553600e+00 -4.281689718435657266e-01
1.432591658919282640e+00 1.028743733541076066e+00 -7.359209677708533626e-01
5.683635972188467132e-03 1.225405858571037676e+00 -7.852789286963237636e-01
2.567710396077463653e+00 6.455504791839684842e+00 2.209003780070784018e-02
9.351121943540228187e+00 2.929622478239108485e+00 -9.632211197279936243e-01
6.886884165192520335e+00 4.879790148610611555e-01 -9.943266508154032790e-01
6.424199230989292853e-02 3.557841331552432165e-03 -9.787256816586408226e-01
5.911243865155513255e+00 6.435524413212473149e+00 -8.789434482943114801e-04
7.500905147570184006e+00 7.673369841686519699e+00 -3.935044974830048670e-02
3.958406090510815933e-01 1.368403549586969969e+00 -7.040160155995953684e-01
5.771478550008342978e+00 2.015350188363558726e+00 -7.473116529900738492e-01
7.002890936257601950e+00 8.977883626200746647e+00 5.611617103027433107e-02
7.248025027107443563e+00 2.798398785099470487e+00 -7.001805703704619965e-01
9.605563897638367266e+00 5.289249338226803765e+00 -8.874102823475357171e-01
5.350898017866245304e+00 6.482650545128229247e+00 4.009532173657204268e-02
7.881459299641639049e+00 4.861062700332083431e+00 -5.302695019915721897e-01
3.896657018682399887e+00 7.178835673720938004e+00 4.030951125613402297e-02
7.032239573319064796e+00 1.449565109674850749e+00 -8.826709978969410342e-01
9.474389780846632192e+00 4.159160069350555489e+00 -8.762951279292936491e-01
6.432732189094624076e+00 7.717905553711048583e+00 4.653512301077955549e-02
3.380069426865910387e+00 5.037391924504452945e-01 -9.811046692083569276e-01
2.253039833576153672e+00 8.396648487367912139e+00 -1.018828513154357296e-01
7.196064658327617991e+00 5.749514551062811840e+00 -3.413984418185498360e-01
2.348477689347363562e+00 4.490545104991743308e+00 4.013280070997060633e-02
4.861666581485207139e+00 5.638940274434400379e+00 2.628322304062313819e-02
4.827498505313705834e+00 5.593640833644549559e+00 2.408530494359872876e-02
1.038428449621621841e+00 9.642558882837335421e-01 -7.419818486005980152e-01
2.583202398195771465e+00 6.440277828321501197e+00 2.319534228980968393e-02
6.673617892812827357e+00 8.170670701775227585e+00 5.047058409359572728e-02
9.785626792417318143e+00 4.789400025738401290e+00 -9.036405325219019069e-01
4.373163397790469809e+00 4.056543366684058349e-01 -9.509885378472989759e-01
3.988418690129123867e+00 9.549335308830080749e+00 -6.430057662137600438e-01
7.691662042983237413e+00 2.000251955245471613e+00 -7.981657529344627910e-01
3.563513846087601689e+00 3.659838290620804457e+00 -1.797930042855466759e-01
4.670071908749341638e+00 4.496805694902117345e+00 -2.102262233804106373e-01
1.723944309623813564e-01 5.333453741215218535e+00 -9.766000659752540614e-01
6.880661026181366324e+00 4.267093526551926530e+00 -4.893626186138169132e-01
6.505582105222453837e-01 1.182156417879277832e+00 -7.000862739329805073e-01
7.015531982421864265e-01 4.395767106335009444e+00 -6.489866878367180902e-01
7.350060314071868994e+00 6.198682741289875509e+00 -2.962434289539572774e-01
3.692302732954021671e+00 6.759242588259177786e+00 3.934797102258702495e-02
6.501640512513391812e+00 5.083814512659999563e-02 -1.003668050808520062e+00
6.325938970054332700e+00 1.177730084837104174e+00 -9.316391460706900940e-01
1.420138164185941410e+00 1.606230729444439564e+00 -5.486388856013664217e-01
2.918061065801061282e+00 7.213013103799766901e-01 -9.382372521634363416e-01
6.812473960736476819e+00 5.640006837780967786e+00 -3.108204388162481013e-01
5.631691604383232352e+00 5.308837832502955933e+00 -1.940224229946663215e-01
3.989883345715870888e+00 6.180471909125918373e+00 3.662951099579858649e-02
4.006783789565263376e+00 3.351286100346966723e+00 -3.854818834208209033e-01
5.920063305784870167e+00 4.482372042094266540e+00 -3.778541575208194114e-01
9.743306340116225428e+00 8.186789903750984365e+00 -8.367177768940846638e-01
7.694426191388256342e+00 2.862522785276534254e+00 -7.186021853901258805e-01
4.621923386331915906e-01 7.203158515646344462e+00 -9.047431946569339800e-01
7.887959485753119893e+00 8.740738964561799662e+00 5.493634853536097373e-02
9.928616276205540769e-01 4.463900656536985423e+00 -4.534968530700087541e-01
3.364981401261770561e-02 1.207829417228632352e+00 -7.818973496801888690e-01
7.418277934557025333e+00 3.891323710843461736e+00 -5.817587014414938862e-01
2.923486373621190793e-01 7.052262128044167078e+00 -9.880091185248298657e-01
5.015804670878655003e+00 9.180882518426125571e+00 1.382070224630105315e-03
2.093415197235446001e+00 2.766520571117017546e+00 -1.816764697594499545e-01
9.120245705943062831e+00 6.590702109553994603e+00 -6.649979518616194740e-01
3.468203965908995379e+00 1.054890175992065693e+00 -8.670871511737727744e-01
8.504081418469910503e+00 4.884320235569846069e+00 -6.255658832751965770e-01
7.538771551515324632e+00 3.222236755702893696e+00 -6.526768983491849641e-01
9.163163791033063887e+00 7.531054950076109478e+00 -5.988257376706533908e-01
3.138030761239929411e+00 8.386639770066578237e+00 4.114214447149722176e-02
7.575339651929773765e+00 5.334358383484239852e+00 -4.389624961251705759e-01
3.597807404770282602e+00 4.877905093739157039e+00 4.273723390608274997e-02
8.409332845763107800e-01 4.790359402602812011e+00 -5.590755642321481034e-01
1.566981611169551369e+00 6.368846817807641614e+00 -2.325314041046242508e-01
9.607617215379885778e+00 5.654177561737527391e+00 -9.582503292807631468e-01
2.318929612394501127e+00 8.367515628218302748e-01 -8.678865385729725990e-01
3.492564095332161944e+00 1.393473368179848626e-01 -9.906598813005144111e-01
4.170269231019050338e-01 7.329973433560934559e+00 -9.242141879541763139e-01
8.846269523392903622e+00 8.018053624750253405e+00 -3.772260998817342226e-01
8.637524247326597404e+00 2.813388118427049722e+00 -7.944763169682844683e-01
2.065038860008865829e+00 8.632482313038547517e+00 -3.074853291949286582e-01
7.276197288061825752e+00 7.925427099181829860e+00 3.609537661347816950e-02
9.410228038161930542e+00 5.371064845496646534e+00 -8.203820999819565474e-01
8.859424775212482173e-01 3.089873789284842687e+00 -4.176760621363104775e-01
9.765232004693130463e+00 1.345148380824948475e+00 -1.002297892465688456e+00
7.180051098493814621e+00 9.885677323912787529e+00 -2.125521015986119866e-01
9.113194017462200591e+00 9.691404320596218369e+00 -2.917310297288333576e-01
2.245602959403945609e-01 4.391566756396543703e+00 -9.364850136321023477e-01
6.741348305778117833e+00 6.097009767780368961e+00 -2.287594131070294079e-01
3.922880139669133737e+00 7.836541213525660687e+00 4.245736781236164603e-02
4.132709368819663887e+00 6.561359746995674591e+00 3.840431091657148244e-02
4.217785951660471433e+00 6.321993311630529355e+00 3.726969632477983296e-02
2.188097940395780761e+00 9.502970537904058546e+00 -7.842727365197866840e-01
6.948461307711280455e+00 6.359257660943912427e+00 -2.033332641327887380e-01
7.118110182019482535e-01 3.518677000777187480e+00 -5.818534089481817162e-01
8.762860857622515098e+00 4.994863934119943671e+00 -6.641355555397254751e-01
5.609800095153492983e+00 4.981689936702943911e+00 -2.652153461978632443e-01
8.732249625650123193e+00 9.887410351925421281e+00 -2.574388486272691789e-01
1.865310999593604357e+00 2.087786699973122939e+00 -4.401999911554215217e-01
7.990481672177878636e+00 1.935875452643625483e+00 -8.049301060354545623e-01
2.262800077834108414e+00 5.880562222278304496e+00 2.583557367072142341e-02
7.097848210268844937e+00 7.634617639319895233e+00 2.184462367973960539e-02
7.798422558057970910e+00 3.262363852283840071e+00 -6.722273326272143468e-01
1.029850600700225494e+00 7.022311628568073338e+00 -5.576319853740976384e-01
1.695196471680057160e+00 7.311623436265649367e+00 -2.068079519760490648e-01
2.012145584529273279e+00 4.235145302685801028e+00 2.226961772883306878e-02
4.927648787632350036e+00 4.774378320394959019e+00 -1.780206953100806899e-01
4.450729366677552701e-01 2.414295028494427342e+00 -7.016193708514792959e-01
5.247207742358726001e+00 3.898520258954866868e+00 -4.116589629505555958e-01
9.189122260120687002e+00 6.980607062991723843e+00 -6.906084501001670262e-01
9.467061972722939700e+00 9.214630593451463625e+00 -4.790924346967657677e-01
4.478226214555784068e+00 2.632051497040527099e+00 -5.792635873230282950e-01
9.580395542072050574e+00 2.438818737129194947e+00 -9.701759539227492457e-01
6.103338260750760469e+00 6.874448458202325973e+00 3.146833919735803065e-02
6.041675253826181979e+00 4.464325032713597707e+00 -3.911655444859463149e-01
5.127274127892233579e+00 9.828486614924498710e+00 -6.785568522746184827e-01
3.983172345587847385e+00 2.446107217208964624e+00 -5.828993539133846546e-01
7.421627343302102275e+00 6.421530216143443326e+00 -2.719215429374848281e-01
7.103077889243537335e+00 7.616578570853540953e+00 1.864745722183491772e-02
5.030653958394959435e-01 8.978277613715718530e+00 -1.002683234240751009e+00
9.768456780943055029e-02 6.750309498699209598e+00 -1.038325462483817851e+00
7.557064558176909586e+00 6.456395752143745170e+00 -2.904994556023214880e-01
5.504653373403102457e+00 9.367785672130445107e+00 -8.788144363275129933e-02
9.442895491485262527e-01 7.865257810588006659e-01 -7.936661879490005678e-01
9.255783759061735338e+00 9.095045721336672884e+00 -3.609629821172264386e-01
5.931401669709499558e-01 6.470280824876182280e+00 -7.776126537045504605e-01
7.446500938117367241e+00 9.646805241633153116e+00 -5.761689463838956526e-02
3.454893567805709331e+00 1.659546139615664107e+00 -7.204231989910334644e-01
4.735913959405904983e+00 4.882845465766677329e+00 -1.005746816400248100e-01
4.315601483902150370e+00 3.136577250858729737e+00 -4.638756840099858003e-01
1.530387963152394004e+00 3.056714414309078531e+00 -6.151922650662466907e-02
2.028264194344701288e+00 9.822539982987349205e+00 -9.887818266530991052e-01
1.171776553886748617e+00 9.663173989700698741e+00 -1.030497675086734510e+00
5.229739171180107782e+00 7.248409501980644265e+00 4.519308046780956545e-02
9.026936756227684100e+00 9.846514616727359837e+00 -4.107026326039677766e-01
7.983089341133438488e+00 5.981496459998684401e+00 -4.279381056539741657e-01
9.169038485301133079e+00 4.918163377442866135e+00 -7.545051182252083821e-01
9.458651250484088280e+00 8.590298022603699124e+00 -6.472310543322657983e-01
3.848770775930514088e+00 2.852489378583836110e+00 -4.748578076451064334e-01
1.965566335907237283e+00 9.553252185170245880e+00 -8.906969800711318497e-01
1.149667486873275912e+00 4.120076698336323950e+00 -3.389985833660560388e-01
4.604275606304277346e+00 8.307914812666263416e+00 3.653122538931929952e-02
7.491567879253545392e+00 5.741201371424939914e-01 -9.726963249779525533e-01
4.787228771339962385e+00 8.331645234266837008e+00 3.705520098179970745e-02
4.932189002602825667e+00 5.181396932038321523e+00 -6.460404473787484392e-02
2.897653639648916091e+00 3.652680555753382574e+00 -3.692322754241539329e-02
2.492250613079126875e+00 8.761411795783857315e+00 -1.152465358046550481e-01
2.795691111929943240e-01 9.010056028527841931e+00 -1.005063873246098138e+00
7.551129420468266851e+00 1.339211469909771468e+00 -8.713447834813876636e-01
5.590093397283248500e+00 5.853329804663012226e+00 -4.506020223832729599e-02
1.782061804606579702e+00 3.820701243007086134e+00 -1.223381120252309273e-02
4.078419335449078531e+00 1.667007511308422840e+00 -7.359930553807598752e-01
5.247970896873527025e+00 2.326821731745875255e+00 -6.793902612506617089e-01
7.550108056622486519e-01 8.290663002450537888e+00 -9.429486001029956377e-01
4.772375450844783262e-02 2.609358766787206907e+00 -9.638107664965454013e-01
2.264741741420785104e+00 9.427472436347358098e+00 -7.080970937579784685e-01
1.634713833922454063e+00 4.939341418882452039e+00 -1.159261186705462521e-01
4.863101479556043216e+00 2.177298079237533379e+00 -6.895176450650803979e-01
5.587748109407899122e+00 6.922590771851155012e+00 4.466286722209922289e-02
3.236955339382007857e+00 9.803411632734647441e+00 -7.836575347085342758e-01
7.514334359141209951e+00 1.971108723239623828e+00 -8.067468764916134738e-01
4.835650784025188997e+00 2.638579332748931527e+00 -5.980295493861311762e-01
1.985620022333055124e+00 8.798193731745707069e+00 -4.434582338640651322e-01
9.092157711427977240e-01 6.560528471616815516e+00 -5.733494273599344382e-01
3.233065485233677094e+00 1.942557953822564354e+00 -6.428603143931574948e-01
4.980406201426528234e+00 4.267002892001025671e+00 -3.265738195832259549e-01
8.583394466406621959e+00 6.278848582183303995e-01 -9.894605858077338834e-01
7.760913215888394667e+00 6.488048741270615594e+00 -3.218147375194204685e-01
6.958213534020323721e+00 1.502136801813003242e+00 -8.824115851149098022e-01
2.649358361613591839e+00 2.587624824431780102e+00 -3.602055017170919804e-01
9.253168349764440137e+00 2.355028576946722296e+00 -9.080314491892784723e-01
1.551645012232539811e+00 8.817349250043632125e+00 -7.052852638476596603e-01
8.051005438439846174e+00 2.875589809528953822e+00 -7.379900594287686078e-01
2.780090032976812786e+00 8.916992645879874502e+00 -1.412322145197384415e-01
4.167824424182545728e-01 5.115864870537428999e+00 -8.739175495384428061e-01
8.110281292855953339e+00 9.278827989552967948e-01 -9.400363994476375051e-01
2.532437580118016562e+00 9.131474526770162470e+00 -3.856642345588583431e-01
6.874650176099019738e-01 3.582495171195106964e-01 -9.282298448190720030e-01
8.734315553718314362e+00 7.575750206678084631e-01 -9.880781729988274975e-01
7.061954196617559631e+00 3.262555368184911320e+00 -6.209341238496631776e-01
7.118729804977677489e+00 1.368752174838554769e-01 -9.996560551356317159e-01
2.239532706738335488e+00 7.839392539320824582e+00 -8.531405303967787290e-03
3.470960899729810478e+00 9.788506702237457446e+00 -8.036719499357924956e-01
5.838010797409775243e+00 6.162011550147392214e+00 -3.303164137844993853e-02
8.671105471858229663e+00 9.802384800892349759e+00 -4.172390887192878317e-02
2.265364641535061729e-01 3.597701898283825472e-01 -9.430105968184447907e-01
8.902331746992896200e+00 4.594935909898618220e+00 -7.250537819371427606e-01
8.837406198789091505e+00 8.589394561829431396e+00 -2.307113598075748451e-01
7.424758940057050616e+00 7.278971430282565880e-01 -9.590076432009162488e-01
7.141269444704534841e+00 2.008050994026085334e+00 -8.117210098958039799e-01
5.307602003297664517e-01 2.115911992193625579e+00 -6.079431164749466987e-01
3.911896970307889632e+00 8.047063324092539105e+00 4.239770677207754801e-02
2.480366366058700311e+00 9.050308726228248446e+00 -3.418748781387703772e-01
2.073165256364919884e+00 7.463728730095896324e+00 -4.275225916271940818e-02
2.097007828268450336e+00 7.551477757539040603e+00 -3.890662230738684002e-02
9.093956111958116928e-01 3.272909469525437931e+00 -4.177463637260254714e-01
7.572157181448211816e+00 5.405477941835052036e+00 -4.307002370733417074e-01
7.035292658149068679e+00 4.355009061567239215e+00 -4.902927252050859330e-01
5.731025554463665905e+00 7.889556936146354893e+00 4.841553854130120627e-02
1.664857028196038202e+00 8.508331077401974696e+00 -5.208129759238304679e-01
8.340314636788264124e+00 6.089031416054350165e-01 -9.809853690891741085e-01
9.309208688756381633e+00 3.833157236740984519e+00 -8.742912600939097834e-01
1.294679512136268862e+00 2.093790916768834887e+00 -3.524890868301784330e-01
6.201763319937132479e+00 5.705671574668449431e+00 -2.004161271716780046e-01
8.477783009610890375e+00 4.660030843941151524e+00 -6.408729375537454143e-01
5.097825708064606332e+00 3.637565227284439651e+00 -4.381070809571885327e-01
9.105632644780131457e+00 7.198199003178962663e+00 -6.278184689575329047e-01
8.695369723390150796e+00 3.463147188958558775e+00 -7.713787787998838130e-01
8.271522268763062513e+00 7.484373048959978014e+00 -2.669644282818113279e-01
1.878439427911064552e+00 4.980398266964878751e+00 -2.900397119690900638e-02
9.410682551720494615e+00 5.986303536948612836e-01 -9.978788383801282524e-01
9.171656101688956397e+00 8.735795025474216047e+00 -4.052401049848026737e-01
2.944585510015678587e+00 9.294973538931156298e+00 -3.999492930460988305e-01
4.593305439928725420e+00 3.037588929163841378e+00 -5.046606212670390335e-01
7.142075950257188666e+00 2.010473220074942002e+00 -8.113319727559097361e-01
1.248726150864638118e+00 5.644914715571839992e+00 -4.151455877239138559e-01
5.193288913148814245e+00 1.663338719451428416e+00 -8.081408732848792686e-01
4.567630873450518325e-01 4.870300332569962976e+00 -8.372200973114551914e-01
9.789625407957714742e+00 4.123764759099860733e+00 -9.340744956098192553e-01
4.114917657825820640e+00 7.429870016266781008e+00 4.109497967164044141e-02
5.072842712899978679e+00 8.239884235169029125e+00 4.606724023130270851e-02
3.738697645650172596e+00 5.716338091262566756e+00 3.752514490494096577e-02
9.399016694704243946e+00 1.662851010620959080e+00 -9.832223819125671671e-01
5.083697104361345254e+00 8.309004115222018427e+00 4.629842116180338252e-02
9.837339929505485969e+00 4.417888078708798183e+00 -9.209000525505218748e-01
1.285302676112840166e-02 4.939906820525943765e+00 -1.046051747374830754e+00
3.670390614076841196e+00 2.340541581002868188e-01 -9.805712245579406572e-01
8.633732274784687633e+00 4.817536648720048831e+00 -6.546761419290501038e-01
1.334432218921285385e+00 8.694418804793299316e+00 -7.719097501358078706e-01
7.453575394461201320e+00 9.739382993726609428e+00 -1.171092973290590311e-01
7.311211367860660282e+00 5.262757682771087353e+00 -4.158659306562402236e-01
6.185866909109027034e+00 4.914599539942977380e+00 -3.401096022799467988e-01
5.961363761414952833e+00 9.711547278148673357e+00 -3.609770150649198595e-01
3.859223745214709345e-01 9.334347031934706607e+00 -1.005071059061255268e+00
3.411322208806703227e+00 8.938104062688205786e+00 -3.367190723769142302e-02
5.100364837952381381e-01 8.401542205838653521e-01 -7.788325467173424776e-01
3.438670389910662095e+00 8.087931592244210321e+00 4.248715919681345099e-02
8.149462824622506929e+00 6.794943928027826097e+00 -3.546646873728733773e-01
9.127834656137729041e+00 2.890354740152421886e+00 -8.987926192130968328e-01
7.401330543980560783e+00 1.097265614222581842e+00 -9.084956471301236514e-01
6.160022649828078123e+00 9.492006026884210357e+00 -4.930050143400910301e-02
5.598094756295118657e+00 7.812794929889744999e+00 4.844849208689683273e-02
7.055184621727688121e-01 4.440618670344019137e+00 -6.469881483246098242e-01
2.629743291731182264e+00 8.214945196656154636e+00 3.593151779464953677e-02
2.970457297369140548e+00 7.935073261244721898e+00 3.312277807602193036e-02
8.802742341996225406e+00 2.213152782396023088e+00 -8.069447084644162382e-01
6.540114987520251333e+00 1.375151763748054590e+00 -9.009101678939750446e-01
1.462570704756115614e+00 5.571884580647680885e+00 -2.569536011300250777e-01
4.183669135310090326e+00 2.110625229319647467e+00 -6.663349186801053037e-01
2.855988064215537303e+00 8.529391131244208779e+00 3.845570458687674886e-02
3.698421409155359552e+00 5.838808666737099529e+00 3.788357044417844932e-02
9.702491309756160476e+00 1.473737596977735986e+00 -1.003090343264217310e+00
7.293257089307400243e+00 5.773709651325180658e+00 -3.503558437051261798e-01
5.991726592454434730e+00 6.075442914248742277e+00 -8.000542870706417453e-02
5.221879649484510111e+00 1.899388033134015830e+00 -7.660458921522788067e-01
7.345270078265308200e+00 1.011755077239566702e+00 -9.237538184307909628e-01
9.457342834683499788e+00 4.535019161295633650e-02 -9.722324308381262714e-01
5.110426589655609142e+00 9.584132352935389676e+00 -4.402578774628671532e-01
1.079352412810818063e+00 5.198721705803881210e-02 -9.537961281450526574e-01
8.041979160865309062e-01 3.878296848989559731e+00 -5.570885496523039215e-01
7.468990476442297854e+00 4.253539421507752216e+00 -5.456938604428495099e-01
3.585626158044432632e+00 6.132750088605615879e+00 4.020703130025404803e-02
1.161279156174443772e+00 7.912945711872985122e+00 -6.978363319992113567e-01
6.282606344615659921e+00 8.375323944411029231e+00 4.863011754901891415e-02
9.149979492090634992e+00 5.856410363630487836e+00 -7.610981982660087741e-01
8.942474835010557399e+00 1.573869813579475085e+00 -9.252762937435650148e-01
5.582425058678188279e+00 9.471751312570106052e+00 -2.087857748013239867e-01
9.562797475242689416e+00 7.639983253434133204e+00 -8.079611328158343708e-01
3.312952197144018118e+00 3.019700910052530496e+00 -3.263936681227139758e-01
4.890442890749048255e-01 7.201127890043131252e+00 -8.907025945969437863e-01
6.266371229282472477e+00 7.946548535818317660e+00 4.486941131849087050e-02
6.854885015967440154e+00 7.354580192320277376e+00 9.475097622803296815e-03
7.747021205078160833e+00 5.089587552651159363e+00 -4.877943252617992220e-01
1.817769996922858677e+00 2.221462771997162466e-01 -9.361311955778608418e-01
5.393943837995842649e+00 1.495384353445808889e+00 -8.406334555384420426e-01
2.032604811076298645e+00 3.048810717729481645e+00 -6.277140136134429227e-02
2.729417421108981667e+00 4.012117589609336399e+00 3.916197963960010853e-02
2.407273287344204871e+00 5.225424531761131419e-01 -9.443518277399365335e-01
3.909927737855282359e+00 1.054417257566132138e+00 -8.519725076749804504e-01
8.214200533361037948e-01 2.968991284795853947e+00 -4.520052002188323925e-01
5.395426016331024144e+00 6.127685183315502826e+00 2.921096509489196080e-02
7.606610128029422935e-01 6.214897409311197052e+00 -6.807999396557686822e-01
6.580362308120848880e+00 7.293539157721457222e+00 3.527774659262861157e-02
9.025833572195116616e+00 8.815977007544496535e-01 -9.954366969077593774e-01
6.248400321778767363e+00 1.608009860430667848e+00 -8.284256515839690804e-01
4.999483314211337515e+00 6.067592401559856796e+00 3.922585423939262128e-02
4.634931928241289967e+00 6.243305787463060419e+00 3.961222632910965658e-02
9.680670662230555834e+00 4.135276323109738250e+00 -9.160476376551276445e-01
2.224324506902190635e+00 4.614076683001306911e+00 3.526518005396894750e-02
6.255289567903465908e+00 8.450262285789296612e+00 4.937605860821681070e-02
1.599044155525438882e+00 6.879192836861149907e-01 -8.396584109320437417e-01
8.309667679091928605e+00 4.011438146772991153e+00 -6.625499189686337997e-01
8.334707853465285865e+00 6.662084531785206210e-01 -9.761866011572575275e-01
8.646939916787916403e+00 4.567238303954129108e+00 -6.788070204340140856e-01
4.208975434006672955e+00 8.749383640624281977e-01 -8.836746351284272549e-01
5.911842506966117128e+00 3.177444745325328945e+00 -5.657272617154398553e-01
5.822684029282281237e+00 6.073836163454766179e+00 -4.963004780374147273e-02
8.836577931556107046e+00 4.409544318614793568e+00 -7.275474199689818677e-01
8.057877060011518822e+00 9.882204903770563931e+00 -1.768235944613810728e-01
2.568019166197450520e+00 1.432509743337707864e+00 -7.347935503317659656e-01
5.520499582702280250e+00 1.087651437059464765e+00 -8.876527730926202508e-01
7.053757342306222533e+00 9.420169230762040158e+00 3.928211723570307345e-02
4.358154676987841647e+00 1.096119282139473849e+00 -8.558693086248447823e-01
8.951322891960398209e+00 9.224022626820797655e+00 -1.122287927429037602e-01
4.040648822239329974e+00 4.455520932427876168e+00 -6.371821595057403087e-02
7.626426394911727247e-01 6.332404763903710432e+00 -6.818131158896054700e-01
1.425346373803761724e+00 1.287006490050609797e-01 -9.371993024004896533e-01
9.150731495130887794e+00 5.762032933389428457e+00 -7.632951004395868155e-01
6.153541023321912995e+00 8.657466074337506257e+00 5.113017423718524412e-02
3.911861699068065690e+00 5.275978803450237287e+00 3.903562922811598668e-02
5.937661347722368532e+00 7.948579584946251941e+00 4.694587482040368798e-02
5.169123919631852360e+00 5.115521338953024078e+00 -1.399245550102072855e-01
7.256292150856452849e+00 3.763201851886930349e+00 -5.822989916783005704e-01
9.032751361024256909e+00 2.494599012830923446e+00 -8.574873323374407885e-01
8.445515677698480772e+00 7.907389495007028479e+00 -2.314657431104412133e-01
3.779686745705395978e+00 9.810209988748853860e+00 -9.060249001098880095e-01
2.041232546521108304e+00 3.569919794930250134e+00 3.212160620110759979e-02
5.304274803394263493e+00 5.206891844037661699e+00 -1.506829965874834087e-01
3.117204397538277494e+00 1.203518462601616212e+00 -8.224788786351131531e-01
9.847411300091201136e-01 3.688141855265489433e+00 -4.128789897897053862e-01
3.427593839068301840e+00 7.522489308542573028e+00 4.096324114100502456e-02
1.927439728169062061e+00 6.235238016476795764e+00 -5.889092079905644539e-02
5.232732952761757206e-01 9.738811169080802799e+00 -1.016461814629030957e+00
3.826298416692017756e+00 6.150835477088558712e+00 3.813463923818405377e-02
6.947901106593590281e-01 7.728013642776032199e+00 -8.472335608973176058e-01
6.070254844567092078e+00 7.396728280180559167e+00 4.537737150442167078e-02
2.505241886072121282e+00 3.362298486297275346e+00 -4.295357306147895571e-02
2.078785511075478709e+00 6.885167916902870111e+00 -2.042684271466743695e-02
5.293092561065045665e+00 7.488891234053590695e-01 -9.457900831092311833e-01
6.918206833106489206e+00 7.086644772728592834e+00 -4.668883698890025080e-02
1.589717712811368200e+00 6.389958982915985075e+00 -2.198530814050396742e-01
9.801811809964492639e+00 4.257980913242163545e+00 -9.249191476909701670e-01
5.215409006438224360e+00 1.516177200769791844e-01 -9.950011789793502537e-01
6.686576327110632434e+00 9.722293686959158521e+00 -1.996820235654617193e-01
4.442080859379530899e+00 8.318746070057851938e+00 3.772287539919494392e-02
9.489862261635604312e+00 5.172470693241701056e+00 -8.337424264090580461e-01
2.721512886794305697e+00 6.134789726517958508e-01 -9.533118307515664469e-01
3.197847147251101085e-01 8.161434452904998693e+00 -9.974882496066954651e-01
7.031463834464163121e+00 6.929181526339571739e+00 -1.001127088981821345e-01
6.632488525092118614e+00 1.531079020818992609e+00 -8.741900377502953567e-01
2.519563637104232701e+00 3.744950043455133493e+00 2.975051750074175771e-02
7.484242744174328443e+00 2.864579457530318507e+00 -7.045587004175200008e-01
7.661131830093562911e+00 1.555155983328046831e+00 -8.478152614416591959e-01
8.712881468007909191e+00 7.841346793815894278e-01 -9.851358741168758648e-01
1.819215965031867555e+00 5.761013422100113246e+00 -8.418652482139066251e-02
7.638806192509023596e+00 4.480219907045273509e+00 -5.389358136006320299e-01
2.125022401579829356e+00 8.026631399223896679e+00 -8.675713704586973662e-02
7.209839265402107955e+00 4.983183072599741692e+00 -4.365960988186370351e-01
3.335502563230756667e+00 2.556246158258821399e+00 -4.774727714044275650e-01
2.889396386479858858e+00 2.193060548349812677e+00 -5.533335298142421088e-01
2.643848348204257181e+00 4.960237024723990196e+00 3.960532125203508613e-02
1.136068716780289645e+00 7.726606570808877805e+00 -6.253355728106373412e-01
5.879970768948195037e+00 2.153032927477729341e+00 -7.245302944219719210e-01
1.012725992769156980e+00 8.217528999349287488e+00 -8.452810906962002768e-01
9.858531887956285544e+00 3.721264405401619069e+00 -9.881873203500018965e-01
8.025639230853650830e+00 2.611691846604061062e+00 -7.522990836229497269e-01
8.856257514820134347e+00 7.299412042782690513e+00 -5.034282931225279034e-01
5.635740940413481503e+00 8.787153864036236328e+00 6.304778021238988117e-02
5.906173793326457755e+00 1.121336779489922941e+00 -9.078248038037854961e-01
4.815168545410982048e+00 3.448667660128332813e+00 -4.446572706202389647e-01
9.327046093359729895e+00 4.771037553093493422e+00 -8.015969006789434026e-01
4.584982639629584078e+00 6.851721515017676900e+00 3.902926836339259964e-02
7.544047358534936798e+00 3.394802564036734083e-01 -9.892620215600600453e-01
3.743192010785896251e-01 2.484837956804871961e+00 -7.616421381231606169e-01
5.079378649043365890e+00 1.201560084965944464e+00 -8.703808224194631293e-01
8.999662128042453801e+00 7.471539355171932684e+00 -5.341102227656352452e-01
3.194653408777962333e+00 5.469320122094398329e+00 3.985433049599906852e-02
7.330400362515025137e+00 6.917140988004318203e+00 -1.674960044601194742e-01
1.814033405695336887e+00 7.670020964306112354e+00 -1.877798502125789248e-01
7.560823511479363823e+00 7.344599620935140294e+00 -1.240832366656638985e-01
2.519466929177926584e+00 5.578811349318032242e+00 3.896503169544285328e-02
7.142762688093972301e+00 2.712888590341462791e+00 -7.070322585660938630e-01
7.265970718909756876e+00 3.146198231032555359e+00 -6.470464482345987811e-01
2.972659753848665876e+00 6.328222761881274749e+00 3.762635784330692346e-02
6.229773480227989157e-01 1.313429622318466272e+00 -6.756456869792630826e-01
3.443207466731163180e+00 5.997289607113242660e+00 3.948132285862238078e-02
1.050444176946097263e+00 3.053592213403051314e+00 -3.109011942472887924e-01
1.615456286358218918e+00 5.856095293890603237e+00 -1.936971252276995514e-01
5.526949978573949096e+00 6.014451604300762533e+00 -8.927164337180215625e-05
6.678754383640472803e+00 1.256715684456029436e+00 -9.315435528836584211e-01
1.943582343517343158e+00 6.064721922972627688e+00 -4.035247264217467489e-02
5.467290410410582169e+00 2.536064814983051807e+00 -6.471063629314817156e-01
7.936056821568750586e+00 4.504403827850907427e-01 -9.816008259475266229e-01
6.397119367703337112e+00 9.331506911323758757e+00 7.245751057936744566e-02
3.031496937663891167e+00 2.154959968540196280e-01 -1.002848172599043242e+00
9.500916810574700833e+00 3.318930107458288870e+00 -9.806755913876626929e-01
6.373879076205433591e+00 3.573448581240238342e-01 -1.003623507153916794e+00
8.057062101928773146e+00 1.509418676796390191e+00 -8.592822034295781730e-01
5.782374588494079010e-02 7.227106534501100299e+00 -1.041916448901988979e+00
8.045786366877711870e+00 1.333082305273165957e+00 -8.833570186808510361e-01
5.777749518702854914e+00 1.056842503890695006e+00 -9.111574120013810063e-01
1.306971520024734712e+00 8.033312074936878489e+00 -6.377678299998446043e-01
4.365086902047901951e+00 7.657679252516211399e+00 4.019361674153643094e-02
7.808996617991920353e+00 6.156922506209383528e+00 -3.748208982878642459e-01
6.652270555115634920e+00 3.883979682696243163e+00 -5.216521996203340450e-01
1.008267250989153929e+00 4.243965953259227319e+00 -4.373181817132829607e-01
1.409541291817333564e+00 6.637258053009953862e+00 -3.215352256591215152e-01
1.396499629019608557e+00 7.927305783709960529e+00 -5.352075365858901534e-01
9.511014329204526163e+00 4.423474563284153227e+00 -8.622796406043030659e-01
1.265258870761881482e+00 2.622191453201304645e-01 -9.194156754810558496e-01
9.330832407167077847e+00 6.680713532612275962e+00 -7.750135826242798842e-01
7.431840027032792229e+00 9.804378082843525632e+00 -1.537936837033556658e-01
2.663716886885154178e+00 7.188578565497420136e+00 3.336400805027039951e-02
9.535403140868904615e+00 1.883508009558609197e+00 -9.845126696918380382e-01
6.962339776647506362e+00 3.072425382741850619e+00 -6.434555736276257321e-01
1.710741576764090999e+00 4.088794221238197579e+00 -4.027786532650567963e-02
8.191841967772926836e+00 8.746879216095395648e+00 3.722241241920259958e-02
7.681044984896078232e-01 9.512582395944312097e+00 -1.020277160190116605e+00
1.851382222222444918e-01 7.624018181912523673e+00 -9.950063236816060197e-01
6.697105253795323954e+00 7.569558452887862998e+00 4.441495948033380436e-02
3.042550132312303313e-01 4.327770309656991721e+00 -8.974496368053861417e-01
4.161763808263209796e+00 3.750118147654994072e+00 -2.943550919451132231e-01
7.075741769786564106e+00 1.279571935970198693e+00 -8.889673234106161281e-01
4.313809171948448373e-01 5.642803615520669558e-01 -8.690681972459726179e-01
6.017489972498574424e+00 5.995327530971654717e+00 -1.030513760512767885e-01
8.086778669162448807e+00 3.337424316949102909e+00 -6.927667772260925894e-01
2.040393080421300187e+00 5.245182684743163293e+00 1.622134358516547081e-04
2.136146557535175905e+00 3.064297367927284910e+00 -7.076125940965605210e-02
1.074169077612003864e+00 7.748832662303459351e+00 -6.725094663454873611e-01
9.712017083232383996e+00 1.103254404245461728e+00 -9.989979864261591125e-01
7.972538675645972184e+00 5.332143270379946509e-01 -9.761590805518698399e-01
3.068450848804495479e+00 8.289772857538261874e+00 3.988873757514976859e-02
6.426894374886389372e+00 5.648823257555159572e+00 -2.518771940816828536e-01
4.669646753008296791e+00 2.426382338695251217e+00 -6.311374869447070601e-01
3.745793807672014974e+00 1.789978763064906886e+00 -6.989378719231593706e-01
7.413898598221488001e+00 9.113291037427302399e+00 5.067159561939044154e-02
6.418753546834872203e+00 6.354388365630176949e+00 -1.128971558845988099e-01
6.528537541163318636e+00 1.609894992811339298e+00 -8.514006945243158819e-01
6.906865096274177773e+00 1.847617960510371526e+00 -8.388526749679872108e-01
5.060190351329362457e+00 7.387015554202051248e+00 4.482126010660136828e-02
8.022376947143868620e+00 1.938538944596711056e-01 -9.933840168027805451e-01
5.658870968975815430e+00 1.618512456701209634e-01 -1.007483907311993665e+00
3.572951850605453838e+00 7.987352193099598985e+00 4.291150852798164550e-02
2.730124922479522986e+00 6.387334545158322108e+00 3.257046916005235104e-02
4.462794625449912012e+00 4.499672458727239643e+00 -1.569050990582034899e-01
7.025822210272608892e+00 5.069377758320120719e+00 -4.075155520178221913e-01
7.730540080651986834e+00 2.984242951444794123e+00 -7.072490682706447096e-01
7.806933928231004849e+00 8.331959909012597310e-01 -9.436597860901639878e-01
5.327903740585719916e+00 1.418433530839872336e+00 -8.516880453473150148e-01
4.614779190113551088e+00 5.040905777123338538e+00 -3.081006033270394795e-02
1.782161464382979288e+00 2.103373778793374171e+00 -4.186990021028704767e-01
5.104451100834201505e+00 6.494373508873956702e+00 3.961450256800613801e-02
2.812295795337502291e+00 5.365016001901589782e+00 4.042956007608866642e-02
6.767198233745393310e+00 1.449436958976008327e+00 -8.931330809735866794e-01
2.009589985799439482e+00 7.343836339927301893e+00 -6.266078452622414474e-02
1.635380659825730110e+00 9.490453933207874115e+00 -9.709507314110974452e-01
6.020719251805078720e+00 3.230845286701121921e+00 -5.657966372645828468e-01
6.903807236211169318e+00 6.158535315019996403e+00 -2.380661413185276576e-01
9.502317088810414702e+00 3.871658871264194723e-01 -9.894039565956229687e-01
4.602488615447388298e+00 6.010205244081176623e+00 3.922607647280340615e-02
8.860400898351446841e+00 4.888297283361935364e+00 -6.917521480817665491e-01
6.559065988715126139e+00 7.459651855400396769e+00 4.542210375005772960e-02
7.739159189722086829e+00 4.536538293075407680e+00 -5.449311641346958890e-01
4.772386425812624289e+00 5.866576859288845647e+00 3.710941228483255472e-02
7.651998853798951394e+00 8.358337635292249601e+00 4.899875978719248071e-02
2.483098776973191146e+00 3.745287027695872073e+00 3.273060105367164851e-02
1.175440401439019622e-01 6.362368726945945241e+00 -1.022439547979282715e+00
6.264219031606560684e+00 7.816067944419075708e+00 4.403821809751629068e-02
8.200239156247129957e-01 4.997251644180552788e+00 -5.948802887971709197e-01
8.022325252941104878e+00 6.333331752368622780e+00 -3.889667667128124950e-01
8.300933324655172640e+00 4.868117185340759434e+00 -5.926110831604399776e-01
2.120113366545635092e+00 9.159827808723427722e+00 -5.938526649796302959e-01
4.573501717968740721e+00 8.330363929073498763e-01 -9.031591321008373141e-01
2.506481057596730899e+00 5.636460499411223957e+00 3.836960059734995099e-02
7.771765324456275659e-01 9.367580471141309317e+00 -1.013061817411029519e+00
8.527937747525443646e-01 2.775769600986959684e+00 -4.254417263938936600e-01
3.517463323068083181e+00 6.357268928919862283e+00 4.067552443738176038e-02
2.804296970847539594e+00 4.257632344982627437e+00 4.396266261220560523e-02
6.752022096199152834e+00 2.061782808419890145e+00 -7.829845600153080287e-01
5.415106347920496610e+00 9.823750348545639000e+00 -6.800752490388382032e-01
4.612901712875289384e+00 2.747493736662354191e+00 -5.641399336648591500e-01
5.954424480994963353e+00 5.727779067993142625e+00 -1.486884387213747161e-01
9.556366078513347517e+00 1.597348708690435437e+00 -9.993421910181885526e-01
7.734068360308270051e+00 8.684739988571659186e-01 -9.386195438895726939e-01
9.598592021899513327e+00 8.754579999479238595e+00 -7.217362810927446803e-01
5.204354639420134099e+00 6.550279129080828433e+00 4.086346544742447406e-02
3.807299099180806667e+00 7.657633478800325300e+00 4.152488522736152987e-02
1.740387272839297284e+00 6.759284520597922175e+00 -1.524797528129502311e-01
9.542972560336131949e+00 4.249598875883407345e+00 -8.814249581965613034e-01
2.816104630438973633e-01 4.367921960204190768e+00 -9.083805491230920737e-01
9.781533030881451651e+00 4.363741081962369428e+00 -9.148302181199154948e-01
1.195754213977884506e+00 9.413876645035381685e+00 -1.014046483597824677e+00
2.971315827815796951e+00 1.002736637082498161e+00 -8.588131158863523407e-01
9.615419578478482165e+00 8.701667301186855497e+00 -7.457668506097360206e-01
1.279723315333526068e-01 1.270181031871560284e+00 -7.619969717033430179e-01
8.171171070810858694e+00 1.694121765148409287e+00 -8.352468144421203444e-01
2.572371014883973572e+00 8.428156073582586671e+00 3.442238178969203588e-02
9.617770365307565683e+00 3.902064561475913962e+00 -9.324084665632079716e-01
7.963639979207972175e+00 2.379133816790959699e+00 -7.662568661863258246e-01
8.272876320865149680e+00 7.535605272998419757e+00 -2.567267414606493325e-01
8.964073611810565723e+00 1.877582716440754917e-01 -9.992165493055112924e-01
7.033414377971332954e+00 1.426510037249771323e-01 -9.999673641478499242e-01
7.228181229039112310e+00 9.649159094595524122e-01 -9.366832790018291277e-01
7.431591850484755568e+00 5.116368541683602444e-01 -9.789400041681755038e-01
7.614860606829960687e+00 7.454607471017798304e+00 -1.104802699763631768e-01
8.902585013552004156e+00 8.164543521517456881e+00 -3.762631616658073108e-01
1.696426207274871256e+00 7.438659369921630793e-01 -8.328907141245829315e-01
7.735928698388597979e+00 4.649186514960523375e+00 -5.330699990298441993e-01
2.559486957121514639e+00 4.035382428802217092e+00 4.312336846279718472e-02
1.021527005721070136e+00 7.100612868377463194e+00 -5.711410881880212287e-01
4.667208227861229908e+00 6.248262147593432125e+00 3.990972280525184601e-02
9.738635938673031234e+00 2.380348263810921683e+00 -9.916612958125645694e-01
9.070353438342248609e+00 5.749484172784177893e+00 -7.326962028290813222e-01
2.051257864353823290e+00 5.936226987031422375e+00 -3.398264833418096487e-03
5.244418576575768043e+00 3.864472048688263328e+00 -4.164734990861500563e-01
8.474153687914126820e+00 8.320008187006477485e+00 -1.383086260209563656e-01
5.533628588592746311e+00 2.970332635252618037e+00 -5.709485858001071001e-01
4.863750594919904024e+00 2.889529775682464496e+00 -5.504980866096016445e-01
3.141307439860352435e+00 8.365394098261599964e+00 4.136281640616346067e-02
4.822900280955429331e+00 5.611291680775165602e+00 2.583775250201014728e-02
1.376747746504232150e+00 4.238616932011519012e+00 -2.076120366554849994e-01
6.497128099590142369e+00 3.227223769274472076e+00 -5.986730619373608064e-01
6.354776066766602227e+00 5.947415786468224219e+00 -1.825904649109086897e-01
2.129221970961629129e+00 2.731192146271701482e+00 -2.021456813115811713e-01
1.576948392994463655e+00 6.423636045576501807e-01 -8.491022395591043548e-01
1.806041721153173851e+00 5.161639513387815903e+00 -6.139793505460833245e-02
6.155585189427990933e+00 8.142688904946302486e+00 4.680346715106575850e-02
5.768177970047331904e+00 7.306371756477070711e+00 4.430178671007833913e-02
8.753509427558633149e+00 9.005344765977827848e+00 -5.029444798593929455e-02
3.523436158916449124e+00 4.400218122169337498e+00 2.319271445554438316e-02
4.401724607124299915e+00 4.570978673328777830e+00 -1.174664850719859821e-01
7.811811343688275677e+00 1.068919923065737576e+00 -9.123216669050535632e-01
8.644623371201518580e+00 4.961147815498892832e+00 -6.444555004250348551e-01
8.017332344693874902e+00 9.395822447680384215e+00 5.987765147023293988e-02
3.425971385230690558e+00 4.980308049900260770e+00 4.293183953310908407e-02
8.025671071375418464e+00 2.635400956522099047e+00 -7.509755337952459531e-01
7.680449795291206527e+00 2.364902801755363271e+00 -7.692467966574884075e-01
6.167020273136714970e+00 7.650065640079126261e+00 4.446597742591662517e-02
6.314234474472136815e-01 1.795457578434489720e+00 -5.765260556674109971e-01
9.219905228464156721e+00 9.751518444481778403e+00 -3.711014272432155980e-01
9.194984077951300350e+00 7.870186102571858022e+00 -5.750134906481647601e-01
6.958604197853438755e+00 5.733330323753494717e+00 -3.146312195271760981e-01
2.462914978490046425e-01 7.416097442541025764e+00 -9.828325918719840182e-01
4.565959911347867717e+00 1.626784783648447807e-01 -9.719176979739534428e-01
2.561959369627745176e+00 3.851123434518092470e+00 3.485067672163877361e-02
8.136434527381975812e+00 3.708380578247436166e+00 -6.588601551653581190e-01
5.059054751472599420e+00 1.417800010586578729e-01 -9.885551850762568371e-01
8.723092881270188004e-01 9.440207292743931333e+00 -1.018245408886950809e+00
7.720552918886502525e+00 2.093521101456162103e+00 -7.906009948536315557e-01
6.884936116894502689e+00 3.219637882501288573e+00 -6.192811878536272907e-01
8.374400076181977681e+00 8.788527347678826374e+00 1.910241866523765264e-02
7.075264856082752907e+00 3.065893515029546990e+00 -6.499010479216049685e-01
8.205637637392515060e+00 3.611507012801580707e+00 -6.766237032109180261e-01
1.403449258995113302e+00 1.996036536494786851e-01 -9.280811591339657163e-01
5.229404749722114332e+00 8.457019462635754437e+00 5.018458798552849487e-02
1.715244210850834505e-01 1.316674984263698223e-01 -9.909546141600598101e-01
4.587133050799733880e+00 3.852999341878817319e+00 -3.465424169278890076e-01
3.243583324258431322e+00 7.616683271526970778e+00 4.026229945707138214e-02
8.052836504300602272e+00 6.021729212579609580e+00 -4.358412973295093806e-01
8.884186235533758635e-01 8.866932052808383702e+00 -9.608642062689742858e-01
6.666043945438563156e+00 8.211621069079590995e+00 5.031657559093694054e-02
2.901548762590826946e+00 8.488353501887075936e+00 4.202995917125962322e-02
2.228601467601062591e+00 1.823768922306757911e+00 -5.930859002181079198e-01
8.194193758064285404e+00 3.736436012621743519e+00 -6.642676932527554756e-01
2.092196878093736334e+00 7.321639279350207197e+00 -3.420693085122161747e-02
1.891035489048863871e+00 7.072588244818346581e+00 -9.488844335224699833e-02
8.916858286956836466e+00 5.677362432379876367e+00 -6.810907877562333290e-01
8.869442821198550986e-01 2.636850470613939290e+00 -4.194323981115872790e-01
7.263750613344529761e+00 1.937825724360367596e+00 -8.201337015978282796e-01
9.533062439935644505e-01 5.377156921927203292e+00 -5.876555394664917387e-01
8.104081105901316917e+00 5.801296332198872641e+00 -4.721299306860132772e-01
5.609307017239211213e+00 9.598985982213562806e+00 -3.851271533713918060e-01
6.537380290415111261e+00 7.899306344981480432e-01 -9.991094950962124965e-01
4.214301843770252631e+00 1.473169673724026518e+00 -7.808967565900062358e-01
6.827972760723776346e+00 2.660584889676731901e+00 -6.966098221666270351e-01
4.862080082581751839e+00 1.333768102355741059e+00 -8.416425480216175314e-01
5.052151082980761432e-01 2.464540541995903222e+00 -6.659042276936348870e-01
5.432833650193733543e-01 2.306614617141911516e+00 -6.217902598156825889e-01
2.874203548875982062e+00 2.269176905471966155e+00 -5.267750610404404732e-01
9.693311804455564840e+00 1.396984115183427688e+00 -1.001599419326026696e+00
7.000048996181816641e+00 4.832401291197535365e+00 -4.319733617419645455e-01
3.808030955908615844e+00 5.129329139884414523e+00 4.020299421040096632e-02
9.521571605745318134e-01 9.182772248634792689e+00 -9.892400667493095323e-01
2.442349123420080037e+00 1.739962807279509027e+00 -6.407152825048849643e-01
9.413428259195880443e+00 5.370942169185167758e-01 -9.966170668261308263e-01
8.916373027076993196e+00 5.760555635005628616e+00 -6.790751229341811523e-01
2.589188472975119115e+00 7.366706126885282924e-01 -9.103287305181912981e-01
7.034017829176931080e+00 8.583125664822476963e+00 5.075047727502735029e-02
9.093237659512727333e+00 6.474312817843973278e+00 -6.444475177847927005e-01
8.688772536145693337e+00 5.258000174809308369e+00 -6.329256859283445280e-01
2.629111488227193316e+00 7.987378435730997595e+00 3.529226508653859895e-02
5.926840993065615848e+00 3.222477210996507413e+00 -5.602797762825719730e-01
7.251836681361625736e+00 7.439557090881864454e+00 -3.822242464645109195e-02
6.213870204651681384e+00 3.044308876829066701e+00 -6.057084885141723607e-01
4.235637629398569248e-01 1.651358812686378963e+00 -6.651874263044743607e-01
2.947798291558532569e+00 7.851090002182199434e-01 -9.220120795057005214e-01
2.322707685329861160e+00 3.106593364122483436e+00 -8.723694097431078376e-02
6.300791351424140707e+00 1.785437560993933914e+00 -7.958834942272545732e-01
8.626363946181955455e+00 6.632040507963965936e+00 -4.965712036521781059e-01
2.798318607352214826e+00 3.860829239481805786e+00 1.963052881874638445e-02
7.067163409882559755e-01 7.996149071689413468e+00 -9.028383832844144585e-01
6.958551334035268709e+00 8.207344097486636514e+00 5.241264102315335016e-02
7.860787106098980459e+00 5.661833066463469732e-01 -9.719887544458221118e-01
5.286915210136208465e+00 5.114043710518575425e-01 -9.799314575511026693e-01
9.578316565441058472e+00 5.285192611688467323e+00 -8.768141491201560944e-01
7.535632364305662634e+00 4.782139351094432556e+00 -4.949570333503723329e-01
5.350089128868595445e+00 2.759346857846801004e+00 -5.990777232099600003e-01
5.069182854739721300e+00 5.478568888262522307e+00 -2.395636054078664756e-02
5.445800797301799889e+00 4.958749292347987669e+00 -2.417822011684638284e-01
7.633043322380668183e-01 6.259810228560955814e+00 -6.804306049974186976e-01
8.550781262198775323e+00 8.564496900156290948e+00 -9.833742221446228893e-02
2.779108212480641438e+00 8.777124129344093362e+00 -4.892106967228637693e-02
2.215875170217931345e+00 3.670612026119848714e+00 3.948965462936548931e-02
9.772576994640955306e+00 9.813369243288724064e+00 -3.028626333818489336e-01
8.282883449096804185e+00 3.245365005194929431e+00 -7.263487269617434627e-01
2.522035984348305337e+00 1.542664359045883060e+00 -7.022845429012622986e-01
3.668610700208283948e+00 6.002520848794117292e+00 3.886063715902832172e-02
2.877218505096845291e+00 5.857218845723410894e+00 3.899822657375828783e-02
6.006470487549259829e+00 1.616530310171634177e+00 -8.104717515494738178e-01
8.689929265197603669e+00 1.095032721212388094e-01 -1.000587999245403426e+00
3.578063540943572374e+00 3.368953226456215422e+00 -2.806489934777594009e-01
8.946927747137035425e+00 3.053043140610891104e+00 -8.531786715251136188e-01
7.249903999273951127e-01 4.220403768973870484e+00 -6.302096149789022661e-01
1.916792237122722620e+00 1.673094735832260094e+00 -5.969096608767072709e-01
7.943106046956953659e-01 5.723069686379728793e+00 -7.363459687400926157e-01
1.861328814938935761e+00 3.591325702354077887e+00 1.209370711056712011e-02
1.776063494474964255e+00 3.820964249938049395e+00 -1.384047819489220288e-02
5.224166208911391607e+00 8.874249431678606470e+00 5.056859780248856850e-02
3.238695230554142768e+00 9.167119730798601651e+00 -2.325249409867966577e-01
5.824475662392864628e+00 6.694297196070154499e+00 3.249474554492115530e-02
7.760626460889644918e+00 5.744028736857562656e+00 -4.193165213036216254e-01
6.317366005526624306e+00 5.093238363875420838e+00 -3.287003235209540186e-01
3.995950015680283851e+00 8.309930037543457715e+00 4.095282593972848773e-02
6.155733084083578888e+00 6.608143568582756977e+00 -9.939358678463072749e-03
4.453876163460428472e+00 9.084224447476634268e+00 -1.269619907841024187e-03
5.959122560227099186e+00 5.203612681231692960e+00 -2.652224009453558740e-01
1.771605442642484096e+00 8.237372785586638102e+00 -3.617299825054121065e-01
2.158569966385417871e+00 7.558228143118301823e-01 -8.716725179587190286e-01
6.622890319984838570e+00 8.367218985589799374e+00 4.898540353645985945e-02
6.997534119894095461e+00 6.808356869693091618e+00 -1.171677089366327529e-01
9.296825454369370689e+00 6.293666823350723583e+00 -7.729560045558926396e-01
5.035280656884678407e+00 2.236181200074971454e+00 -6.872891654936905681e-01
7.317624798985232992e+00 4.264782425152581880e+00 -5.298771212553576859e-01
1.182260637149863847e+00 4.036939947458652256e+00 -3.131112862450038392e-01
6.023856225718340340e+00 2.718890270591298175e-01 -1.007074345688265815e+00
8.931847471342594602e+00 2.424599709728805230e+00 -8.301323988146177557e-01
5.045572553010057248e+00 1.729102848598441211e+00 -7.862550164105652772e-01
5.823415629238435365e+00 9.417720480780195302e+00 -7.207030962301419486e-02
4.961018830561747528e+00 2.335544185406924989e+00 -6.640070386599969954e-01
2.075650780586284494e+00 8.849211861107848520e+00 -4.169808633775649032e-01
6.459823670417604191e+00 9.152746564347648217e+00 7.687465841612350914e-02
5.137462851123297369e+00 6.256298893731163879e+00 4.033774629504360831e-02
9.019282403525641811e+00 5.148780343379663726e+00 -7.040766671840725799e-01
4.197557555553332875e+00 4.235336058550050353e+00 -1.753993506632265387e-01
8.998736257478366696e+00 1.901793697083751233e+00 -8.928588325959079253e-01
2.469631777816316820e+00 7.227902061598983074e+00 2.471992608393414059e-02
4.464470042991337095e+00 5.691228510664334550e+00 3.669833729478044759e-02
1.188933827704590440e+00 4.120865105510750359e-01 -8.917182611019225380e-01
4.951210115856152782e+00 7.588079172301434028e+00 4.394833980454482258e-02
2.327174045655728385e+00 7.887204237196383527e-01 -8.798743754850577581e-01
8.661379891465037062e+00 2.532554358076359424e+00 -7.853094886402030017e-01
1.575746546600478970e+00 8.975320531469304086e+00 -7.639785725705694475e-01
3.586569558813995862e+00 8.537898863203196242e+00 3.045965853537180301e-02
6.635533014237775973e+00 4.647631759987587152e+00 -4.194639349072220025e-01
4.151659022684164313e+00 5.299181029832102929e+00 3.849872360071193711e-02
3.156535044687809766e+00 5.552425070046981936e+00 3.902775032208039008e-02
7.077881849255779123e+00 9.858004625634263496e-01 -9.452025306517458647e-01
8.883689157116219093e+00 1.172016360976980032e+00 -9.608785476843367812e-01
8.352038335168177952e+00 1.403589989625785295e+00 -8.898041340457847337e-01
8.756740939531596268e+00 4.651500935615029420e+00 -6.920118017007237388e-01
1.288722679291749662e+00 8.609498919417859497e+00 -7.725947260288372753e-01
5.789933622463028229e+00 8.459423147940229981e+00 5.152677863026489113e-02
5.843708931983313093e+00 7.590305621434468186e+00 4.586869399028747907e-02
8.475076168789897224e+00 8.721974638057888640e+00 -2.302402695798339005e-02
4.412860555749822389e+00 8.343214873907275120e+00 3.764055383665665389e-02
4.472132353553246453e+00 4.921092499585927982e+00 -3.342823477837963964e-02
3.764223371609871638e-01 7.637071381762988054e+00 -9.452322013975305026e-01
3.809491733148275827e+00 9.752838483915073908e-01 -8.655467091227830867e-01
6.976796381384850143e+00 4.339336840739412615e+00 -4.874799263779541203e-01
2.434427554894169621e-01 4.116887103262051539e+00 -9.449038298801988311e-01
6.613514248446973554e+00 9.791096915008422386e+00 -2.656557094600002777e-01
8.394531159835223022e+00 2.066851242018035162e+00 -7.965415739028856024e-01
1.527933720653147365e+00 5.518742498175902789e+00 -2.090554168438298888e-01
2.986317458761914345e+00 1.153571569309108646e+00 -8.263332607144677766e-01
4.387459135691104350e+00 2.948820301138012079e-01 -9.606178404294641870e-01
8.479171145292490053e+00 2.660886871682582866e-01 -9.997510843296673055e-01
4.433956381833310090e+00 3.300669595220087071e+00 -4.380532578846030312e-01
3.914558026198134755e+00 3.940955669791498917e+00 -1.794515620111534204e-01
6.780175467356945873e-01 8.929494917977347512e-01 -7.651834826240018206e-01
7.032731794864147901e+00 5.945069890947704216e+00 -2.918586988176741226e-01
6.501186526202986649e-01 8.215233435237019322e+00 -9.543071001129033171e-01
9.626564070053950317e+00 1.576467860599147786e+00 -1.002348101444753059e+00
8.643017092676745783e-01 8.953310113917696711e+00 -9.723983344727846756e-01
9.250906501989973663e+00 9.098274966859301927e+00 -3.564068877290618165e-01
3.132540999818990146e-01 7.965699253140077651e+00 -9.839084155569524093e-01
1.002104566520750639e+00 9.552544881178333114e+00 -1.026261048511289964e+00
1.581964349306834272e+00 9.071956659519768706e+00 -8.087705891948757664e-01
1.661134967824623443e+00 7.247240062056357068e+00 -2.197248633502564275e-01
8.617471503194314764e+00 8.443814762825475384e+00 -1.634505441109000978e-01
8.390808925195260670e+00 5.240425653711343834e+00 -5.764544279432646245e-01
1.507409625702366585e+00 7.956651279631052454e+00 -4.646270177853213390e-01
7.232657809311074715e+00 4.469699947072183654e+00 -4.960229008402401440e-01
1.394489121792596098e+00 5.010218147334231986e+00 -2.380851638179128926e-01
7.288731830894815467e+00 7.185202618421862475e+00 -1.044220658706584981e-01
4.678477017724203435e+00 9.069869662228859042e+00 8.851303010561917262e-04
7.691262184561975523e+00 4.697479384866927177e+00 -5.225720050833626562e-01
9.768873509121839049e+00 3.000223398639620398e-01 -9.740048960816405366e-01
4.675135630231951112e+00 8.765861670382550930e-01 -9.010100323438120506e-01
8.156925040774083868e+00 9.872230615524069108e+00 -1.708169454198658066e-01
7.846075133627214981e+00 8.679846114787485689e+00 5.528383437909994980e-02
2.954796333952676157e+00 1.043723341062431365e+00 -8.475272433704013064e-01
8.742843664518783697e+00 2.720779018079864109e-01 -1.002751323213369794e+00
5.384457648051447443e+00 9.200032641695106150e+00 3.005545271243637018e-02
7.152112404848834259e+00 4.761682503585404902e+00 -4.552051378817765226e-01
8.037744679962999683e+00 2.683468132288680419e+00 -7.486630124277254827e-01
5.662961925781345940e+00 6.300090151824062623e+00 1.422139171430369942e-02
2.621009886051602678e+00 5.351814875431575302e+00 3.915935677420545602e-02
2.307490941770716564e+00 3.274240659638505857e+00 -2.991079454008671590e-02
6.968588292657757144e+00 5.989509661321854139e+00 -2.764518788752967637e-01
2.611770056803730533e+00 5.742542749521476253e+00 3.727782337576002192e-02
4.098797894871061054e+00 2.706493119134889991e+00 -5.366164164988123098e-01
7.494996750679956854e+00 4.975172831016943381e-02 -9.989546091547885087e-01
5.745476473073997781e+00 6.653499753400516248e+00 3.343813745288048977e-02
8.247391680425542049e-01 1.585939503653791771e+00 -5.759125373707152384e-01
5.388393274398789679e+00 2.470306850765887852e+00 -6.566099315599367436e-01
3.018735313269474974e-01 2.812784310535997090e+00 -8.090830779374029724e-01
4.273028150031493944e+00 7.253389091878617911e+00 4.056117743993992164e-02
5.403261773166821769e+00 3.481022213939473531e+00 -4.849128046886705956e-01
5.067456900329700531e+00 2.920076989563497705e+00 -5.555517576588926421e-01
3.115893968361465483e+00 9.684496263446023434e+00 -6.960217204966371307e-01
7.599393747403493826e+00 9.171726447402297921e+00 5.985612968052123062e-02
7.549579009625406734e+00 9.012532891796192658e+00 5.687748132670761292e-02
6.313252141539286377e+00 4.747590203227094463e+00 -3.764001712071318728e-01
8.026783965990958336e+00 2.163074477807659157e+00 -7.825716463565931535e-01
1.888552725889786621e-01 6.787968710892706703e+00 -1.012183176375581972e+00
3.536932711476499680e+00 3.143257836448343223e+00 -3.389555105592507722e-01
9.593888502630914417e+00 2.058729633407727189e+00 -9.789768889385798145e-01
4.829189340850083667e+00 7.239665534365602895e+00 4.228996274420726564e-02
8.091347477380937292e+00 1.161519683910323675e+00 -9.090861317531417907e-01
6.729666736470401034e+00 3.717694778859283566e+00 -5.488579047094550578e-01
4.355984680574360723e+00 6.591100264469491599e+00 3.876539644388365957e-02
9.296746830086758395e-01 3.946899151712634168e+00 -4.745722491223012263e-01
4.050893990788109633e+00 9.476435833301540157e+00 -5.326857865336905862e-01
3.753537542650010383e+00 5.452792583105346758e+00 3.772430546547544949e-02
3.053049253082635861e+00 4.901579333180134057e+00 4.353861916623014139e-02
8.750057212729075218e+00 9.861052397235205547e+00 -2.222290303912246578e-01
2.633970775906462336e+00 5.095202091720031135e+00 3.936464197920486185e-02
5.430149009963297857e+00 9.384746372141940185e+00 -1.256648030440157271e-01
5.009594532154839186e+00 7.061943889333677227e-01 -9.390346446443110784e-01
4.176296452319792962e+00 3.884820514052527152e+00 -2.625887747419062279e-01
3.343519348992848306e-01 5.843446792456803429e+00 -9.374622441186595267e-01
3.017945892032297017e+00 1.590312375119789845e+00 -7.236227518132338776e-01
1.403623600449283471e+00 7.435000096590230534e+00 -3.816463095563329411e-01
7.984610933268466049e+00 4.318718059224219807e+00 -5.957108013969645288e-01
8.148317277732747499e+00 4.971277590278069702e+00 -5.585069306681551549e-01
6.525618036386175713e-02 7.479584553371337208e+00 -1.024173301309775130e+00
5.205795800797842432e+00 3.776191366211924638e+00 -4.263118195021229351e-01
9.014029802003824088e+00 8.510130684719765526e+00 -3.595168974543745399e-01
8.620427710055169612e+00 3.439801522534335021e+00 -7.592424080583224377e-01
4.423538997138590112e+00 5.264302567624836726e+00 3.044990888798881912e-02
1.559223522186740984e+00 5.284732113009700250e-01 -8.735253430004301656e-01
1.528774173091981714e+00 8.856891234817647174e+00 -7.333108766246487775e-01
1.808935048959720904e+00 3.083086105427785384e+00 -2.031184265268537459e-02
9.044423011893343300e+00 8.721594718625336640e+00 -3.202186751789213304e-01
7.949820444305199629e+00 2.021648603964381063e+00 -7.955279515421865844e-01
4.537083648346743381e+00 8.415257880207965613e+00 3.524751189163533027e-02
2.729611097344357140e-01 4.454580772790766474e+00 -9.124798253548620508e-01
1.150860282223288733e+00 4.107686760071902476e+00 -3.375190251064958957e-01
8.669747681787702831e+00 1.379278261493735780e+00 -9.190855526840162604e-01
4.085508383551873735e+00 6.277996430141458362e+00 3.696940938656911868e-02
6.543513978796251518e-01 9.613747137144429189e+00 -1.019735446362566744e+00
3.481239653764431452e+00 6.140354422070969598e+00 4.052505872533807008e-02
1.499760423405014365e+00 7.344013589213736815e+00 -3.163956550789843725e-01
9.384378099705640963e+00 5.043998735327578586e+00 -8.011167575853415102e-01
3.487697683627446033e+00 2.975908266804988322e+00 -3.770131383662853608e-01
6.982762359704918431e+00 5.738205041157272923e+00 -3.168699296821901878e-01
1.792197071000223296e-01 9.386821358380943892e+00 -1.000507322581727365e+00
2.311365018744616862e+00 3.914077579999544199e+00 4.180318666590165932e-02
4.092304159607562219e+00 8.652888242163463417e+00 3.706451240038388661e-02
7.579919845013825430e+00 5.004345879117872542e+00 -4.760945523635189414e-01
8.476498003446188534e+00 2.131246760250091743e+00 -7.897899352292732100e-01
5.538709258551582693e+00 8.705814047133094036e+00 5.519249090398292701e-02
2.945167525344090542e+00 5.064872124311926349e+00 4.013458815319337347e-02
6.695877379217075820e+00 1.339598612347669304e+00 -9.139529410769198225e-01
5.874860159915071378e+00 9.468802495746443171e+00 -1.059399174006729893e-01
3.678147312332826768e+00 7.484760808327529880e+00 4.110757533998210533e-02
6.432377956906363714e+00 3.979234815816667048e+00 -4.910238940442326339e-01
7.177372982792818767e+00 2.569137584343232472e+00 -7.303622648982397436e-01
7.193135773966377045e-01 3.025081245084640269e+00 -5.265238563501011271e-01
2.210619626168353058e+00 7.057021890711427936e+00 5.565791081029836107e-03
3.293507306548843161e+00 4.015845695697076501e+00 -1.190443133372776074e-02
8.201389070484800925e+00 7.353660534242843383e+00 -2.733160461256630702e-01
8.851036496327504111e+00 4.740736628684347309e+00 -7.025083293515991256e-01
1.969115028527400613e+00 2.296477052035157396e+00 -3.676196679747034679e-01
7.445578135986922419e+00 9.710381104507460392e+00 -9.932920683299184539e-02
9.750658711127412559e+00 4.212367571166964808e+00 -9.204991962241213521e-01
6.844657394343345302e+00 4.739422719841820175e+00 -4.276157195817591461e-01
4.153751994762011179e+00 7.719216538593265398e+00 4.117954803004053588e-02
3.122491271868001572e+00 2.718790863545528236e-01 -1.001256576368291906e+00
5.930286468591725146e+00 3.702552228869372630e+00 -4.913755064246341231e-01
8.774914091813776906e+00 2.479876336499491352e+00 -7.983507777259309934e-01
9.430598598560187895e+00 4.579734776194312573e+00 -8.360333033276134973e-01
6.331239016416904342e+00 7.188868023760402792e+00 4.132812016637155139e-02
2.669094766479085834e+00 9.712548997456686095e+00 -7.655127462690576312e-01
2.332914424339505022e+00 5.660985230387928446e+00 3.360676874365164934e-02
2.847635991682697210e+00 7.832424903418674589e+00 3.255643694939580612e-02
5.670310568930325701e-01 3.952306763770944364e+00 -7.317995536678982837e-01
1.114506368259700064e+00 2.486681405269221212e+00 -3.288694998488241872e-01
1.945892519123606501e+00 6.065792701561824707e+00 -3.958246180540037074e-02
5.128040257477050723e+00 1.504975599599440717e-01 -9.913070616094949994e-01
9.495822391814064289e+00 4.839636595867709445e+00 -8.380312236338878229e-01
9.069762947397448372e+00 7.126408689162926358e+00 -6.209768322312244626e-01
1.423649400369321638e+00 1.345262700414267210e+00 -6.359734769047109548e-01
4.182683956338631326e+00 9.893379847411058137e+00 -9.742286771083750185e-01
6.967425616976752778e+00 8.042783578591977900e+00 5.077765523667254755e-02
1.123567727509431485e-01 3.726554353284569743e+00 -9.946190553755003272e-01
8.882914413086252736e+00 7.016906504048376902e+00 -5.536722190788416764e-01
4.363918294351279314e+00 3.868442764166766246e+00 -3.066301641295510194e-01
1.272751340556786293e+00 7.330654662852132297e+00 -4.457568523397363869e-01
8.461815373614484770e+00 2.702133880646705233e+00 -7.715576730966228203e-01
8.009852009733462452e+00 3.650902978945613220e-01 -9.874368142054320563e-01
5.865967620398747862e+00 9.172790353380010586e+00 6.360286600229203557e-02
3.761197368361018700e+00 1.734899014243190818e+00 -7.104517536781151943e-01
3.120301777395031007e+00 2.779786081441809387e+00 -3.681305472436808834e-01
8.945304027649136458e+00 8.076022545932600494e+00 -4.157341764473658774e-01
9.510800158456316211e+00 3.969859289203254260e+00 -9.034615372019175750e-01
6.724264958582998553e+00 9.698205764817181773e+00 -1.709186467923765607e-01
1.331640893894404432e+00 8.409450880857489707e+00 -7.025264661852945736e-01
9.457209343217138908e+00 7.718337339492266302e+00 -7.334397141787534213e-01
2.199100509146675542e+00 5.206527835599477960e+00 2.224815072975516728e-02
8.981111035092746775e+00 1.894859375206157659e-01 -9.988389889952782319e-01
8.315695081578027725e+00 4.046532842876927383e+00 -6.613028405164137480e-01
5.623866187663294269e+00 5.124837373310670685e+00 -2.417311394819832149e-01
1.662893574996627599e+00 4.989038629776614719e+00 -1.071018500273943630e-01
5.487131746253496978e+00 2.339652259182956495e+00 -6.855776656837671013e-01
9.673200310463258234e+00 9.459225540524002440e+00 -5.071293683912265760e-01
6.157882306890309465e+00 2.752667453489289873e+00 -6.456340854678985774e-01
8.657168231238378198e+00 5.486186516653705603e+00 -6.163926587287773540e-01
2.490691467094528377e+00 9.395665850750988923e+00 -6.030376391130114477e-01
8.246544081752222866e+00 4.958298804633412438e+00 -5.754507585540621362e-01
2.856330053620659282e+00 5.492109474905861433e+00 3.942407882502374505e-02
5.524174039894241828e-01 5.437727339053409992e+00 -8.321162041166658696e-01
4.233673854176455364e+00 3.550297501146693069e+00 -3.611625483072646858e-01
8.023326052585117552e+00 5.172676040468026315e+00 -5.189160975456501568e-01
8.329720001714963074e-01 2.734902330345422072e+00 -4.419288941615073796e-01
1.526283087186700582e+00 1.220767083225653415e+00 -6.855963734077656913e-01
3.321600223999981338e+00 2.322137726052335704e+00 -5.452107283311327102e-01
2.977267600714919027e-01 6.898389807525399320e+00 -9.711856976315975665e-01
7.910902125271410235e+00 8.690226419077426101e+00 5.300133125494942837e-02
2.843144182263890318e+00 9.527553962110072661e+00 -6.066772257232035948e-01
8.513055631054774253e+00 4.972509401680110130e+00 -6.194786168766682755e-01
5.986676958439062446e+00 7.579028445379069723e+00 4.443623164267207493e-02
1.030293427590176059e+00 5.805488050368898811e-01 -8.521315647223954848e-01
5.283072234163059377e+00 9.822138599863119879e+00 -6.694813148276742565e-01
1.137018081466963038e+00 7.581528960250357052e+00 -5.714535248178815863e-01
6.891969023658027993e+00 5.664835817078286428e-01 -9.915761083760153971e-01
2.213213154273872441e+00 4.861645097200491428e+00 3.080837571564654098e-02
5.860076064712147037e+00 7.823824457729749327e+00 4.704168004708231265e-02
7.843992471975378855e+00 9.188554421380068504e+00 5.976056537630264343e-02
4.869361025904603402e+00 3.452142285642587627e+00 -4.486777190787836211e-01
7.321066955690652689e-01 6.344509020002946365e+00 -6.984165525449741452e-01
7.627316375513747637e+00 1.643392338109613382e+00 -8.383286131317975176e-01
4.419457534920121056e+00 7.806658720056607770e+00 3.905269349973350401e-02
6.738554379098981272e-04 1.668434779412190760e+00 -7.830364320357134922e-01
9.044314807854050287e+00 7.060536262076730019e+00 -6.174999707762420798e-01
8.415146829083866464e+00 5.098712522104881240e-02 -9.967899484357027884e-01
5.602675800527189942e+00 1.062601268284221745e-01 -1.006251452956169690e+00
2.372288094566057416e-03 4.122790408737799339e+00 -1.040740917106778962e+00
8.010022404651024885e+00 8.525690057775481279e+00 3.668295793060655230e-02
3.054748036556870883e+00 3.460396960205513461e-01 -1.000812171764628999e+00
8.209858922116227475e+00 5.767551862153874609e+00 -4.967054591088778670e-01
7.680248233672036129e+00 3.982059307951956395e+00 -5.920143582692387607e-01
4.967259584413453055e+00 3.219197444071452807e+00 -4.958729677165396588e-01
2.323444796952826241e+00 5.842916601221571860e+00 3.060051921992634760e-02
9.633259521002001335e+00 6.881590117531713346e+00 -8.765733649681565209e-01
3.143198434192645774e+00 7.749311594943353310e-01 -9.541982770082013676e-01
2.435708662292077165e+00 8.134764053925895411e+00 5.208628375924728715e-03
8.095907290831288350e+00 7.829925680210622296e+00 -1.397585718524734233e-01
8.203954390988497991e+00 4.024628733678483172e+00 -6.465576759723972167e-01
6.104005939312807882e+00 6.870521329979507819e+00 3.101857546839292823e-02
7.501443928038819209e+00 4.082020744622514741e+00 -5.678562599102786601e-01
3.577047785349891651e+00 1.873153926554636861e+00 -6.752968150454710106e-01
1.496972939924829715e+00 5.961741068916125208e+00 -2.703603026903973472e-01
8.175967115823899789e+00 1.771748086922230181e+00 -8.283848571926515358e-01
6.330129071469213997e+00 6.131810657785097263e+00 -1.404035203250555419e-01
1.662888840593053308e+00 3.987616896721738247e+00 -5.344894185618764837e-02
2.832317734640366069e+00 3.016911770540133819e+00 -2.254201303526262024e-01
8.522301375550449976e+00 1.426639131113010273e-01 -9.997024744773895799e-01
5.592203271580098445e+00 7.053626073774313276e+00 4.486375516077290015e-02
7.709439412631510891e+00 6.766809922705175895e-01 -9.607802028698104735e-01
1.138649267882922977e+00 6.811399711747544439e-01 -8.248053489905893265e-01
3.084425889518056962e+00 7.564108446554473453e+00 3.795672251743509307e-02
2.519500095861968880e+00 2.365038281956634236e+00 -4.355231806042665355e-01
7.167664841201367709e-01 9.636477828016197122e+00 -1.022487165351658511e+00
4.242954234848369310e+00 4.501937922071704179e+00 -1.003900014914442806e-01
9.534691777428037085e+00 7.985031394394392024e+00 -7.471167907907512173e-01
5.518845999735110475e+00 9.255313700924638454e+00 4.199690588823790094e-02
8.560122278730226242e+00 5.627441251479098350e-01 -9.925218966750760652e-01
3.501804573394298181e+00 5.297055707779960265e+00 4.044757088160277902e-02
8.412148894438976399e+00 3.999314671435310942e+00 -6.790670299948549093e-01
6.205781727947088378e+00 9.422699041276286214e-02 -1.006257112884937133e+00
9.693677176889870850e+00 6.247754807227307028e-01 -9.909218978391607369e-01
4.034305795900306357e+00 1.680629375978217599e+00 -7.307465347858219662e-01
8.627903710497962564e+00 2.492110759684935672e+00 -7.786815288492507925e-01
6.353266082875060228e+00 9.691500893864120059e+00 -2.204494257994180639e-01
5.593291265470225149e+00 4.965778682551791334e+00 -2.654964330143256834e-01
6.932401617946111649e+00 1.951028069458362879e-01 -9.999961066589420078e-01
1.973427202975717609e+00 5.669720136169633662e+00 -2.203888870379877574e-02
3.712561326796876671e+00 4.173073005494894794e+00 -5.629836219725925517e-02
9.459141355324524270e+00 3.424296584664591414e+00 -9.632694666875813994e-01
3.410621494902488671e+00 3.786903845926660184e-01 -9.873402149313456055e-01
2.819609663403093602e+00 1.407427827241926277e+00 -7.580001137625538288e-01
7.416213437871239655e+00 6.925922920935482452e+00 -1.846526332724722774e-01
5.668108347768778366e+00 6.546049485139536550e+00 3.087024522243630997e-02
7.338473779144667475e+00 6.966709747600151381e+00 -1.605448549282462167e-01
3.171929535244883080e+00 2.421937929494503816e+00 -4.993627996325904483e-01
2.117499280138112727e+00 1.205651620068030505e+00 -7.540770791025697140e-01
5.303528089742695073e+00 1.297562695986713699e+00 -8.634949624193534179e-01
2.828191432093544844e+00 6.622854774612270568e+00 3.990861455221184073e-02
1.065152815497284911e+00 6.912335459776093316e+00 -5.253664541973339652e-01
4.047772672958658724e+00 7.498361728196295539e-01 -8.993687260711410447e-01
2.304906588104408183e+00 4.034466551318481642e+00 3.987646894736185388e-02
9.792551379959903102e+00 9.651254322396084717e+00 -4.266666713211462181e-01
8.102623518522197088e+00 7.133705490113370296e+00 -2.896334767250162701e-01
1.784159243971273678e+00 4.860574128714986841e+00 -5.062700600203484669e-02
4.736521369961053551e+00 2.263744804942914080e+00 -6.662611445310751002e-01
1.958778313402792515e+00 6.127761626329761846e+00 -4.116627333929745447e-02
9.039423410697150274e+00 9.573659546600657322e+00 -1.823431611595300872e-01
5.285829831888401387e+00 9.423400942516714451e+00 -2.079479723162531712e-01
7.735792884250389356e+00 3.080477412657910419e-01 -9.892350940334857512e-01
3.830806526983435156e-02 8.975434866550029867e+00 -1.003494087077664076e+00
4.118482097955644128e-01 3.978702503271793756e+00 -8.419952752040735788e-01
7.291805805568556842e+00 3.407094814598838894e+00 -6.102246761192161584e-01
4.780879530662495824e+00 3.530578499946875226e+00 -4.274834579813369118e-01
8.804387155174946855e+00 7.623664319880019136e+00 -4.268514243468150005e-01
6.146013658160404347e+00 6.559321507298879084e+00 -1.682123368217247616e-02
4.726087449776823490e+00 8.702324918863586944e+00 3.339914700831725369e-02
4.760760400768807798e+00 2.280852454235633431e+00 -6.642567871538209712e-01
1.437414045014487218e+00 1.090800166754234413e+00 -7.174243377936109223e-01
8.944552542779623749e+00 3.782507333656303761e+00 -7.891259039998483882e-01
1.113038637163417555e+00 7.695765050627902504e+00 -6.269149539268346061e-01
1.236537021065644698e-01 1.289699133611752480e+00 -7.613919710273502339e-01
2.323312503343130775e+00 7.287265172781674849e+00 1.086197627267271315e-02
3.308452305285764172e+00 9.258699921900704899e-01 -9.072932142793801447e-01
6.792984299556953154e+00 5.278649092603308057e-01 -9.958038100254489322e-01
7.423105124260501064e+00 3.158638272583808693e+00 -6.543680285211563863e-01
9.319295849329524373e+00 9.625003696551534205e+00 -3.360327652954111510e-01
6.610048263666896684e-01 1.036335320059167814e-01 -9.804811246474469666e-01
7.388171427630825683e+00 2.924229759745339940e+00 -6.895035476094101279e-01
4.193371163272307633e+00 8.989216788724149865e+00 -1.455720964811546558e-02
7.982485596470660028e+00 7.944813049970744778e-01 -9.514039190473679852e-01
6.813616108434080054e+00 8.707333590805435009e+00 4.947178271808616579e-02
3.892755814541891457e+00 2.625415849266203416e+00 -5.368591716770061417e-01
8.190255405459707205e+00 3.198301333816030656e+00 -7.204282590313539902e-01
5.068670158411077153e+00 7.888714618962396230e+00 4.560001332712193545e-02
6.471435871194307632e-01 1.897116265556153980e+00 -5.533186834992620540e-01
7.774353253003909003e+00 6.177105331177873415e-01 -9.667349472533725008e-01
8.560465004904534325e+00 6.773001815059820352e+00 -4.622528580329837711e-01
4.599752649679636818e+00 3.456334561556770324e-02 -9.776918989225852341e-01
5.963216617222780513e+00 9.687479638154767869e+00 -3.330654144160500874e-01
8.232507910497830039e+00 5.688280077652462019e+00 -5.091363303467562051e-01
7.345444549395121925e+00 6.340284286409111125e+00 -2.723229003508422785e-01
9.794346948529287999e+00 5.205346864933166451e+00 -9.319069002106059596e-01
4.647737701790906506e+00 7.758643125524071316e+00 3.910215025262209210e-02
5.284598497418278029e+00 3.829354287463927253e+00 -4.250065261429414321e-01
2.349605986863542717e-01 1.356921454351778245e-01 -9.983928509395454398e-01
2.772158349339282069e+00 6.000008793682932939e+00 3.970146719898082210e-02
5.278450368291431882e-01 4.713016496156497759e+00 -7.763810076131605342e-01
1.128807151050810864e+00 8.138272753601833998e+00 -7.809572870673586742e-01
6.032244827343290261e+00 2.392802071633433947e+00 -6.931360529696236616e-01
4.841850036536353485e+00 9.566786339765510405e+00 -4.622877682753996353e-01
8.084974853348708024e+00 8.202548325984695410e+00 -4.301184950711686716e-02
7.215533434252180633e+00 7.911124682581188727e-01 -9.600652028336560395e-01
7.652812692338247125e+00 8.415298059348861770e+00 5.198574104643927107e-02
9.834485716581029990e+00 7.965173390802902931e-02 -9.530472566447329985e-01
6.423357173729388414e+00 4.620270560085926626e+00 -4.037679014458805948e-01
2.292574927514150041e+00 3.008432079008614313e+00 -1.180940621644874788e-01
1.642621298080110481e+00 6.355594025369112110e+00 -1.911794626838094757e-01
4.881338853550071910e+00 9.161570345150082062e+00 -2.691920487769605685e-02
9.498421246104772564e+00 5.371796934626462239e+00 -8.592805902646679650e-01
6.348655409886470480e+00 7.369639269863345277e+00 4.724490308176831910e-02
9.861460887664762254e+00 1.647627671689078976e+00 -1.007462781361686988e+00
7.653115614387280274e+00 7.071408081917744948e-01 -9.577221638355336575e-01
1.999153280139265965e+00 5.905263453363263082e+00 -1.785266350966807636e-02
6.605547270990369313e+00 1.073639925745935475e+00 -9.655921003917276035e-01
3.143672813225375062e+00 3.301204107456904846e-01 -9.998321557831373330e-01
7.746576818638659212e+00 9.035403358917164507e-01 -9.341569092193668933e-01
4.257818510314338667e+00 2.127285045752238979e+00 -6.678985973569946388e-01
1.069334007146518717e+00 9.293201642742300095e+00 -9.986850613320059633e-01
7.529931246402230549e+00 9.574217828377308948e+00 -6.495144147672632373e-03
7.143331010175145046e+00 7.148798737408307069e+00 -8.007986524135213280e-02
3.815776625244435838e+00 8.635750577975477071e+00 3.148361933887278141e-02
4.517760554537487039e+00 1.083408505443324232e+00 -8.636146194408089727e-01
9.714854822347930963e+00 1.921523434106521266e+00 -9.967841634966829734e-01
7.276695716349673937e+00 2.725786515283210587e+00 -7.127315432419101260e-01
3.847492835164870950e+00 2.632630411037830687e+00 -5.307455184246867574e-01
6.345484319679473906e+00 3.796323251232295082e+00 -5.093782074210539967e-01
2.323449416761807829e+00 3.579068567517746491e+00 3.182278702021701378e-02
7.120455339955350738e+00 6.567709850667963423e+00 -1.898888913013794255e-01
7.899263859850844227e+00 4.773833380916290281e+00 -5.415870595710329249e-01
4.232690615067810747e+00 3.566673477672925419e+00 -3.567293648823754992e-01
6.197308268274163368e+00 2.942461269743144925e+00 -6.194255395068295478e-01
3.340848242090776132e+00 6.884969169076847528e+00 3.987489838040403356e-02
8.646078461129947712e+00 5.064128338728447254e+00 -6.367239120104208894e-01
8.390559084249677113e+00 2.267320038843410490e+00 -7.731166131086828486e-01
6.866312229146007695e+00 5.855190596262369596e+00 -2.844283873366419968e-01
3.860594119671362456e+00 6.294758315413662153e+00 3.841943001583203454e-02
5.493137592463041230e+00 8.178600294109013902e+00 5.100737693362122904e-02
7.021881738819653052e+00 5.698398788777310209e+00 -3.273843084965355477e-01
9.303564028443853218e+00 4.568541036954111512e+00 -8.099874196513388025e-01
1.318387167052790243e+00 2.699113698389981497e+00 -2.255213924500645284e-01
2.458912594476677871e+00 2.145494015005408706e+00 -5.142081542431169439e-01
1.819570915683524692e+00 8.667329231188700689e+00 -4.837391642073323172e-01
9.761602774965551177e+00 5.800385439295498990e+00 -1.006856290353570715e+00
4.329819545942306114e+00 5.772020522128662456e+00 3.649369475776298444e-02
5.740978406999137640e+00 5.561208799589311802e+00 -1.475914009867334009e-01
3.083982958099500848e+00 5.562030938803270708e+00 3.875764023512084933e-02
8.084292676516474430e+00 6.992067339760779099e+00 -3.101117134555433363e-01
9.439341496083001104e+00 4.534070202901081537e+00 -8.406919056488366682e-01
9.309776477982461884e+00 9.607272843371715609e+00 -3.293825922384117089e-01
1.209174822979468100e+00 1.234149638739238108e+00 -6.585968534287376386e-01
4.467821531529707180e+00 3.172331875784919930e+00 -4.677950386596467780e-01
8.366171592276238300e+00 2.861316131754894077e-01 -9.970226160409196847e-01
1.444970279298283256e+00 1.317693568211116606e+00 -6.468136283947141241e-01
8.846332321823812350e+00 4.154288602624621518e+00 -7.492854705714091512e-01
7.780951473061494816e-01 8.320711328814946128e+00 -9.419121168710660186e-01
4.880723958282768393e+00 8.616632167480251070e+00 3.383803564990994772e-02
6.274683369535711819e+00 2.097729771569044832e+00 -7.333271154461188379e-01
3.603821001150169234e+00 2.597210529332458773e+00 -5.051182916020096059e-01
2.012033525763049724e+00 7.469520288424669197e+00 -6.745490357176953111e-02
4.865265470711250373e+00 5.575314538916297913e+00 1.999053644554349418e-02
9.239613081193695621e+00 6.917383305519919645e+00 -7.193293401322866654e-01
7.692379708148646245e+00 4.989493479120263864e+00 -4.916643781286849091e-01
5.895627077102494340e-01 5.724212164187659768e-01 -8.628787987211250510e-01
9.059452187948663360e-01 8.161672356540991657e+00 -8.782732070039154237e-01
2.390193565068556847e-01 9.478827740164097904e+00 -1.000204414149514331e+00
7.581652404225077690e-01 1.361495960901220270e+00 -6.466611145371270464e-01
9.591361781358545002e+00 7.604598257547169560e+00 -8.317008639310408125e-01
9.760824173762269851e+00 3.798517986399636559e+00 -9.685768250070904140e-01
9.822005497128703411e+00 2.036848705869021003e+00 -9.998063065007432026e-01
1.226818731774830917e+00 5.888071581259621823e+00 -4.443522272948383645e-01
6.663835771135089736e+00 5.516442070618797544e+00 -3.109429303683637347e-01
4.289441365217554925e+00 9.648626741391350237e+00 -7.024288060100346565e-01
8.473842140002014744e+00 5.503727591435003674e+00 -5.747074881489149245e-01
2.442281429182010299e+00 2.465716003665856970e+00 -3.760385349931727461e-01
9.285341216704008360e+00 7.666409216996938447e+00 -6.389117790667873109e-01
3.150172847990124314e+00 7.762064882947411704e+00 3.763752751374660477e-02
7.333354416806647791e+00 6.970221704989319811e+00 -1.587455323023625464e-01
5.409586525230007048e+00 3.097646738776060449e+00 -5.431075598262740112e-01
5.038175167997085424e+00 9.853111919746933012e+00 -7.046502542371527733e-01
8.547012594055246382e+00 7.800123651445582951e+00 -2.928314913773772954e-01
4.137702915098198098e+00 2.559990625233928174e+00 -5.711411955747389690e-01
2.579246661916496652e+00 5.653169536254613270e+00 3.855951368444632266e-02
6.857349168197579559e+00 8.589615119787095132e-01 -9.776610257514473101e-01
8.860725947690749393e+00 3.165145105662194425e+00 -8.299740200591670947e-01
8.938644248673504933e+00 6.027293906937784662e+00 -6.655965516457920117e-01
9.548328200030631763e+00 2.470605544448900126e+00 -9.655587843882972310e-01
9.285818197146129549e+00 3.773424447723542574e+00 -8.754981807725280563e-01
7.809416202333802737e+00 8.129175923476502419e+00 1.804696444948628020e-04
6.439368006647474552e+00 2.961826755306497638e+00 -6.313364072150399187e-01
2.300240023874031703e+00 2.194759761664223152e+00 -4.697696332108192152e-01
6.700324830368428408e+00 9.193013202719992449e+00 6.959248394131622995e-02
2.849855924191138978e+00 3.491770158190140583e-01 -1.002174116904641199e+00
9.245392661394751244e+00 6.399742214652724748e+00 -7.337514408372327601e-01
7.896894362157556024e+00 5.721414448365180760e+00 -4.437655104391535765e-01
3.570209804189649283e+00 8.983084461448598290e-01 -8.988992888705678030e-01
4.973920991795468538e+00 6.635011367849551256e+00 4.095635318021129123e-02
3.813508281997337601e+00 7.532254795938515102e+00 4.109216116429204035e-02
5.676359116642946123e-01 1.967218723076189502e+00 -5.849317709723225178e-01
1.983754064000803341e+00 7.733222342214635781e+00 -1.020000183619620415e-01
8.654421760717166734e+00 4.499610958112585379e+00 -6.858575696466220339e-01
2.928689825176193473e+00 9.161668711419036271e+00 -2.944476324418432434e-01
9.156796466368721354e+00 2.295846276285012699e+00 -8.871762500341813240e-01
9.858708633138530075e+00 2.104489488390853147e+00 -1.001231288553639853e+00
7.580357589163040366e+00 1.332378339198490858e-01 -9.971181695608866136e-01
9.734294693988321256e+00 2.873342315049554410e-02 -9.547534211810029259e-01
6.282896625422614179e+00 9.776228198695337213e+00 -3.087813669627776925e-01
7.969959245766604639e+00 8.095527446034559205e+00 -4.142538493664210675e-02
7.169033375860223600e+00 2.003085768656829302e+00 -8.124534891337483744e-01
3.420789293460217539e+00 8.509143858315830755e+00 3.145731177144650559e-02
1.465086320977160517e+00 4.842330307537562994e+00 -1.899848689075902541e-01
6.995299364926358621e+00 8.546267282879158600e+00 5.052546839734950446e-02
5.834028150834764226e+00 8.818847884565640394e-01 -9.486058876567062814e-01
5.185032973755126839e+00 7.950200551296950913e+00 4.735310830044392461e-02
8.443073655993766025e+00 5.891950415711560751e+00 -5.359441026529975227e-01
8.653290212645481816e+00 7.849715926461136029e+00 -3.244060428721363687e-01
3.039536180512396046e-01 7.212202823141858232e+00 -9.777772602387071466e-01
8.355251993427325274e+00 3.154109786346949384e+00 -7.438274951770439403e-01
6.711847649807574534e+00 7.661801877577064879e+00 4.656816584711065410e-02
1.031852826343410134e+00 6.531604934711099375e+00 -5.258858311702763189e-01
3.332927085717182436e+00 9.637699451626659197e+00 -6.639765972184807907e-01
7.882358690485598451e+00 4.338105419151073172e-01 -9.821884059230985287e-01
6.710322233196249542e+00 8.261377313111090359e+00 5.049218668742794236e-02
6.073621448858118610e-02 4.103296776105080923e+00 -1.024987981758324729e+00
3.578490830635574937e+00 4.264800445406605967e+00 -3.870612733630096614e-03
5.957774821690518863e+00 9.252885687005280246e+00 6.238547890861201317e-02
8.992589383157648442e+00 5.435399827207919587e-01 -1.002351421149076494e+00
3.790073298435049143e+00 4.900797868694115600e+00 4.051467431504640615e-02
9.748381637460709070e-01 6.531366262628222508e+00 -5.498718671576625638e-01
1.271309609309380639e-01 9.124963114496493333e+00 -1.003585291068329832e+00
4.360524167920927674e+00 2.989788930158673086e+00 -4.979533062528154197e-01
8.681095518289248858e+00 8.100068048560881806e+00 -2.826380305450911234e-01
9.134352576401841617e+00 4.663525696389699604e+00 -7.669477468943645126e-01
9.268273819879807363e+00 5.561493245814105535e+00 -7.965440725849599612e-01
5.729533401780214641e-01 8.071181154377782718e+00 -9.475897085623570248e-01
7.228680539118962578e+00 6.175352827853612503e+00 -2.812883281918896472e-01
3.982417683142527309e+00 6.653057200168817076e-01 -9.156368594891318713e-01
6.000035347091218441e+00 7.950456286118783744e+00 4.622507192244462715e-02
7.836098126821243737e-01 6.173362622752196494e+00 -6.752733773631582892e-01
7.639272470733351028e+00 8.977285181667811642e+00 5.847591948289740382e-02
9.797210737667476632e-01 2.372749823572400107e-01 -9.339204295726486471e-01
1.436644965508866667e+00 8.419407702670250515e+00 -6.401771320373894625e-01
4.783726601437614967e+00 6.593910563968187200e-01 -9.349844841156382813e-01
4.950771647651299179e-01 2.561827021959198092e+00 -6.803421045965611924e-01
2.052178221788493406e+00 4.468135298566759950e+00 2.487879554153149542e-02
9.250350700253247016e-01 7.497139087422326931e+00 -6.833039473970643485e-01
8.135597811065675700e+00 3.225013488919312166e-02 -9.946713333666339363e-01
4.138950315730141050e+00 1.423411437429514592e+00 -7.881412687431026409e-01
2.059087000693721414e+00 9.663331625944215020e+00 -9.141965227780127767e-01
1.903288218395968512e+00 9.760190043422841910e+00 -9.901709604062799430e-01
5.125053879850537619e+00 5.410311172740555286e+00 -5.216234898481131310e-02
2.666194234129181773e+00 4.779056119689289339e+00 4.117332036552268093e-02
5.014969013626197736e+00 2.683402759157086148e+00 -5.982084164733043607e-01
2.034734200377579683e+00 8.897998413832015174e+00 -4.711219415077434469e-01
1.948652388855051099e+00 8.764912410835059120e+00 -4.488559416865238738e-01
9.593455763270975822e+00 4.871112164111539022e-01 -9.897956902259040790e-01
1.588755959221488601e+00 8.731140509683904538e-02 -9.430452113902618727e-01
9.061534337599752575e-01 2.961806575452701207e+00 -3.965789461632214241e-01
3.256135051560637095e+00 6.670610463051607653e+00 3.916591702696425870e-02
3.547624730793997205e+00 7.948698524589962844e+00 4.285199010399454167e-02
1.744734147872467167e+00 3.619060247218780724e+00 -1.482547405195733248e-02
3.192636758639354699e+00 2.859271569429176374e+00 -3.544170314421242196e-01
7.108180131421717896e+00 8.368702767143570753e+00 5.144854085842265334e-02
9.235107510349211069e+00 8.875546992860771311e+00 -4.114984659750731133e-01
8.814016462988137235e+00 3.461962555163520250e+00 -7.964768781914223217e-01
5.149551899248595355e+00 5.956082767813228429e+00 3.059552178680613466e-02
4.396158932674473441e+00 9.148586505869266361e+00 -6.483223467432353004e-02
2.695984999315346187e+00 6.006377541377322160e+00 3.973479893593889756e-02
2.262837081256164229e+00 8.487201815534879401e+00 -1.193314847802384726e-01
6.430022139980641205e-01 7.177471222644121518e+00 -8.043471055950326409e-01
3.082316426158729250e+00 6.775645812552649971e+00 4.127488529164224929e-02
4.415649253730345336e+00 1.278872914756258750e+00 -8.261390175179086359e-01
3.881808260537784161e+00 7.984355148629838084e+00 4.265248519851239095e-02
5.298912438065195296e+00 3.612310430366048042e+00 -4.579669193213911083e-01
3.057988842253668071e+00 5.403324715211171636e+00 4.046206280037578651e-02
6.586321726782481178e+00 5.269478389355387371e+00 -3.365116084645445316e-01
8.747446709644346896e+00 5.999947473801761078e+00 -6.066560327733786506e-01
6.134834806111137517e+00 8.157324274993282387e+00 4.709312149774991241e-02
7.145889862528481018e+00 3.041729814361456619e+00 -6.571245242305253642e-01
4.107197915234815255e+00 5.375846179179163187e+00 3.909769381410654887e-02
5.059726095383185296e+00 4.076233931272690292e+00 -3.670191329099918853e-01
2.480153194109645742e+00 1.019077688844778118e+00 -8.358590567323567200e-01
5.458498083083741292e+00 1.942577339631294642e+00 -7.647424208046911254e-01
1.707507999667305931e+00 3.109560976863183335e+00 -2.122679678203232001e-02
1.403117745576426545e+00 1.992863637540496669e+00 -3.985874243975939812e-01
7.018275898572117200e+00 8.852379946678679445e+00 5.291871233888911785e-02
9.338766804736952309e+00 7.443462320833938994e-01 -1.000241322626334028e+00
7.215216139385385752e+00 7.329812402356209233e+00 -5.578418931916973023e-02
2.634511537213490850e+00 7.382924878227625776e+00 2.108321874317642397e-02
6.378549745306098195e+00 4.504918054837558472e+00 -4.151587647859988905e-01
6.491567629999472011e+00 8.682870071415058177e+00 4.953231833926330374e-02
8.140507105984587710e+00 2.160213509239479746e-01 -9.940802895877003387e-01
9.929728382337174031e-01 2.840578658855916316e+00 -3.453713886454607973e-01
5.078304342615006739e+00 6.781554819699141312e+00 4.262535620299301442e-02
3.154048142077662487e+00 4.713736407001714923e+00 4.377824768716731541e-02
7.145149645712708164e+00 7.780010935853407084e+00 3.662319927710777634e-02
6.857552563120655975e+00 4.336824244539561946e+00 -4.779301125301760322e-01
3.387101135473423064e+00 7.855837827586977795e+00 4.143105038748995383e-02
7.675482683039225762e+00 4.929280391092533797e+00 -4.960486098366982954e-01
1.345687873351166575e+00 5.000818567343906729e+00 -2.638153678284069770e-01
7.717667020224037167e+00 8.899034963160827871e+00 5.854800173349081205e-02
4.640321386120569436e-01 6.235766164857263760e+00 -8.631047761309691424e-01
5.699102729856101668e+00 8.554408456369120728e+00 5.264024577256498638e-02
8.037737291466770628e+00 9.250194600058035732e+00 6.070339915202532799e-02
1.175632203221476546e+00 7.108637401415238699e+00 -4.806923743714359709e-01
4.192805941719482732e+00 3.418658789370140894e-01 -9.558422025357897756e-01
5.994904448528116880e+00 4.193182692373425446e+00 -4.266170421540780300e-01
6.274884676982527054e+00 5.468330205886410056e+00 -2.608790305961177225e-01
7.010253198147085030e+00 9.029251277235468720e+00 5.785415044208286339e-02
4.374572155719399724e+00 9.598381709613647672e+00 -6.105984165398490315e-01
9.159030969704993197e+00 8.694157105429409782e+00 -4.076892271738656870e-01
9.039891487229064992e+00 5.276117036789643500e+00 -7.035649102120316023e-01
1.331015020021771633e+00 3.704642338169203075e+00 -1.977536190610367228e-01
3.706789149091862967e+00 8.903537500966614004e+00 -9.091447373790195741e-03
6.947017173107413734e-01 2.619929869366828701e+00 -5.402148562150834721e-01
6.112250243559257612e+00 2.788734839293469658e+00 -6.373696656688276896e-01
4.642372549463028797e+00 4.748827556917039949e+00 -1.194975722171425225e-01
2.431251988358519300e-01 9.822169891884172443e+00 -1.005214228383266573e+00
7.164929898970789246e+00 1.240545861364676705e+00 -8.908674705668591098e-01
4.736947387708355883e+00 7.909517071927462339e+00 4.028815435579735649e-02
1.516072596533481809e+00 3.037266398051565730e+00 -6.564171230936644008e-02
6.261107979189496575e+00 8.875246558583995693e+00 5.334424168116425058e-02
5.525247058929535271e+00 5.165783602935492880e+00 -2.178959371073170281e-01
7.569024423984201277e+00 8.213777255832580337e+00 4.204526528942587049e-02
5.989030816765158249e+00 6.062778355969330235e+00 -8.240669985903936734e-02
7.399511663083142565e+00 6.900838312418304810e+00 -1.852974029874259188e-01
2.583304210801303125e+00 3.551388866790666121e+00 -6.606841165470278554e-03
3.327529854044041446e+00 1.812239502320040163e+00 -6.798433452167738089e-01
8.058986964922606688e+00 1.188077266510678687e+00 -9.040226039313938866e-01
4.171923133523976368e+00 3.907825789464438593e+00 -2.557823029403327730e-01
3.918413528766063525e+00 8.694002859858148469e+00 3.202003396722252759e-02
2.809443614560745983e-01 4.795615785161620792e+00 -9.369531885308335362e-01
8.259043734087216038e+00 6.308038990036047622e+00 -4.428775119657318848e-01
3.773758748059878876e+00 2.258666894504218536e+00 -6.039087415926633895e-01
8.585279818178275235e+00 4.540855783637610443e+00 -6.699243776209874435e-01
7.512641540284699104e+00 4.214143625032970242e+00 -5.542790000166951669e-01
2.959373507282229809e+00 4.092091205279096755e+00 3.779376586155125395e-02
8.147159938379205713e+00 7.016124524070566970e+00 -3.207375676301023049e-01
1.549508951265674339e+00 9.304017933324443490e+00 -9.411695139297944213e-01
9.151554675092876678e+00 6.708650524945606541e+00 -6.892210008882817540e-01
4.554865424872128976e+00 7.109555465027636245e+00 3.889795335029155865e-02
5.328252533797559032e+00 4.218065466833642141e+00 -3.697853653913933947e-01
3.359093605665349980e+00 3.917776795863686878e+00 -5.059297009587959693e-02
9.551842465837937723e+00 8.414067930158335429e+00 -7.270389737011079268e-01
8.554437376848056829e+00 9.519693518978247226e+00 9.100366508035606650e-02
2.921424359081495226e+00 3.441362742431673283e+00 -1.021873018854262405e-01
8.778821571403495838e+00 1.041671834176518097e+00 -9.664646989670072630e-01
1.910000064176399670e+00 8.171197460305375415e+00 -2.495579192414867364e-01
8.210122230005872268e+00 2.529045879070713543e+00 -7.598519019106679817e-01
4.030754613061416691e+00 1.737889503217073583e+00 -7.198775900833451757e-01
8.353686145091316462e+00 2.061596555099556860e-01 -9.975427854793120774e-01
6.563915954821617937e+00 6.039681264214898926e-01 -1.000493727719935055e+00
9.347004224111189474e-01 2.126869990861727455e+00 -3.939655869266718291e-01
1.734698673670490576e+00 5.603351786715347060e+00 -1.112548637319630274e-01
2.156882603178392088e+00 4.982561430641760936e+00 2.273352104927717221e-02
6.295591431655429560e+00 1.120371737978906879e+00 -9.425870069595606582e-01
6.035508712152257704e-01 8.748085430452189337e-01 -7.704593707623745846e-01
3.739800078410849160e+00 2.561599273347340056e+00 -5.336555189522251830e-01
4.159431148028389202e+00 8.149246160698437880e-01 -8.908904986361187994e-01
8.564032688565475837e+00 9.178241507954099987e+00 5.488709629604382467e-02
7.830875277153895198e+00 7.029291957366404553e+00 -2.497450704985864078e-01
5.715021638734159026e+00 2.330110018109692871e-01 -1.007835796297474440e+00
5.998474474324738459e+00 7.279956096384457176e+00 4.573882242591764680e-02
6.644069420048575481e+00 5.308668236925654149e+00 -3.377717244145386211e-01
7.479285487437908664e+00 4.975166422372989117e-01 -9.792420196630224893e-01
5.662208178575140138e+00 8.447943486882719455e+00 5.220036353115209415e-02
2.353480495120629179e+00 8.775267037125612291e+00 -2.016856520779874984e-01
4.055932715988103787e+00 1.272019457386588837e+00 -8.167647975817622363e-01
3.503586759296645425e+00 4.783369885289213030e+00 4.267494772136570802e-02
4.652497009651762383e+00 7.917314913917817165e+00 3.931242777780052933e-02
7.645526615317227659e+00 9.177743162821219158e+00 6.072170195564505213e-02
8.987713834340850028e+00 4.822771903127234694e+00 -7.230258069786881236e-01
2.973765016570147246e+00 6.727035156274406624e+00 4.187902504314955365e-02
9.217452716532660517e+00 4.814158013205119602e+00 -7.735655486484929177e-01
7.180886667809675217e+00 9.617461425485829274e-01 -9.402338224629022134e-01
9.484530448589131524e+00 2.634083003292412961e+00 -9.610135047171741718e-01
6.865674675776956448e+00 1.395833639547670924e+00 -8.993953501605924661e-01
1.447509187525911845e+00 8.306876458428098076e+00 -6.047632997785297171e-01
8.253917524293912678e+00 4.175476073190230508e+00 -6.436428320744245202e-01
4.194483863354978581e-01 3.804273429665055301e-02 -1.001084643586797496e+00
5.844238104536865208e-01 7.489260520806451105e+00 -8.569859833378128400e-01
1.410224329363741758e+00 7.932791968696670359e+00 -5.271671321416855349e-01
7.199626390872832182e+00 7.521490908887673577e+00 -1.137144263807865485e-02
4.622287224443241804e+00 5.660532593559296499e-01 -9.401734372515616611e-01
4.266160314331696846e+00 5.213063288636066162e+00 3.260612183731792513e-02
6.816551563324525276e+00 8.617185391016800367e+00 4.928801785301817340e-02
8.235549280836039543e+00 3.128476331432285651e+00 -7.321668577449027548e-01
3.788924532793473965e+00 9.823095239881412866e+00 -9.182742478490251159e-01
9.868563696638194216e+00 2.240786832966005448e+00 -1.002449054329806355e+00
5.206821165169478682e+00 8.193431924741529926e+00 4.880937443201949222e-02
8.758451581472920466e+00 9.261562785014220367e+00 7.480808116802739605e-03
1.147402582436936047e+00 7.920936703954938318e-01 -7.937334763497858603e-01
5.481243349804745257e+00 9.136419736085247933e+00 6.808251682007471217e-02
2.410284555263904060e+00 5.312981887755819699e+00 3.400163673882783399e-02
6.799776902789419708e+00 6.723430913102668605e+00 -9.589533569994812545e-02
9.297861186116508136e+00 5.063483081832859334e+00 -7.755017045501777506e-01
7.893308518991313250e+00 4.020075942549534709e+00 -6.089853111401222208e-01
1.181090332024386180e+00 1.765312948131126936e+00 -4.730810608754238977e-01
8.808952218382570365e+00 5.809313567856976057e+00 -6.426358218931097488e-01
5.340412340360361831e+00 1.219167867616158807e+00 -8.719739750164301473e-01
7.169795303281628840e+00 3.156043191567698081e+00 -6.408285329582514844e-01
8.476649759414484064e-01 3.662899533090346882e+00 -5.045457794326644319e-01
6.694874392301337629e+00 8.552480557772116354e-01 -9.880347056100731162e-01
7.562025585548021178e-01 3.798510234242067352e+00 -5.837841069862608201e-01
1.697681373958017437e+00 9.434040498055212609e+00 -9.335812828994856094e-01
5.614701901192003852e+00 8.941968656677712346e+00 7.532700733603481247e-02
2.694921606257379754e+00 7.416421890764830493e+00 1.805334814464831794e-02
2.512366966578906680e-01 4.686888153663326229e+00 -9.376395895718374618e-01
3.082355863661123241e+00 4.966240762967169542e-01 -9.914241019599745464e-01
7.655398130967729031e+00 5.033845064704662864e-01 -9.768803467089659520e-01
1.900912164599589449e+00 7.373982728516439877e+00 -1.099357941248384485e-01
2.616761206484437441e+00 1.716513899606198157e+00 -6.635469430727205520e-01
8.458406481827235979e+00 3.745585488667268592e+00 -7.003704110904467317e-01
6.453625652296127946e+00 4.478392611087189223e+00 -4.252586045462483089e-01
4.613795523703933199e+00 4.375675787175770992e+00 -2.351972267572666198e-01
7.359374368268284172e+00 6.990901181815261545e+00 -1.609949688910810028e-01
7.290036278055381125e+00 2.095170006186509060e+00 -7.992313278012987965e-01
9.492502602740207962e+00 7.125202128868978413e+00 -8.162311252646491377e-01
9.216927789142847161e+00 8.576577660142111981e+00 -4.777073792178827549e-01
6.625434768769463467e+00 2.504472375065684986e+00 -7.068353097954662712e-01
8.371163217779399091e+00 8.117504406639453052e+00 -1.531035947213246207e-01
3.516725956745714754e+00 7.497612150315916324e+00 4.047667316923675429e-02
2.970973954088040436e+00 2.141603269479023020e+00 -5.736602657888489887e-01
9.602568921123957324e+00 1.129088506555359084e+00 -9.982000751439386033e-01
3.047305624061407592e+00 7.267018270200569674e+00 4.055083957865424082e-02
2.614558695681646672e+00 1.975689189333906803e-01 -9.955630463626563564e-01
3.984903697976720921e-02 8.978249964265085481e+00 -1.003505588400246840e+00
1.405317174874244568e+00 4.689480389441637698e+00 -2.125417581453241667e-01
4.524336051119230540e+00 8.150431081146800594e-01 -9.038300632548678104e-01
5.936790128649679588e+00 7.523323236722222696e+00 4.485939696696794599e-02
1.125723251657258617e+00 6.178983473006217864e+00 -5.185447114101293664e-01
6.794178392421435397e+00 6.499637783726400109e+00 -1.459443063506729032e-01
9.091328801850812047e-01 7.737646816876533329e+00 -7.566055295509124257e-01
5.262858000018890259e+00 8.168857216661928433e+00 4.948343378004471660e-02
4.959871998556174971e-02 4.304615842073761023e+00 -1.012855048299878824e+00
9.826591321429424042e+00 6.447986047797660270e+00 -9.596620011069615375e-01
6.937857302773124957e+00 1.499393966552335034e+00 -8.834184282924609777e-01
1.781042336242515400e+00 3.299587180070140402e+00 3.763426824521687308e-03
2.592893596346704577e+00 9.872597779371137250e-01 -8.514941951003469622e-01
2.668074201025729231e+00 7.530404707673842957e+00 2.337569782979764810e-02
9.861874585333897159e+00 2.994389219039658823e+00 -1.016513801068221978e+00
3.223929252638155329e+00 8.263698500568006367e+00 4.087624942994150246e-02
3.120208980259882026e-01 8.451974345536559241e+00 -1.011938141829541671e+00
2.634181491909587169e+00 1.770507886623832183e+00 -6.502985578752662477e-01
8.060087729778079080e+00 6.172981722635229929e+00 -4.167509350017679637e-01
3.339052065845041106e+00 4.235853065131261808e+00 2.293978377475092145e-02
4.091408069735392061e+00 4.398292160692758301e+00 -9.377943761345308715e-02
9.109512830928053972e+00 6.633675967094952775e+00 -6.634257778791500249e-01
8.239740210091463624e+00 9.473361037958602182e+00 6.457199083699183273e-02
1.799921861301053694e+00 3.001770854902801933e+00 -5.121334623023976462e-02
4.249901275242464749e-01 9.615517398120472237e+00 -1.010124891814504267e+00
6.019215464073939259e+00 5.415902614614577004e+00 -2.296796172305786143e-01
1.922573558901055080e+00 2.311361052960476226e+00 -3.531681297647595308e-01
4.126750498461759231e-01 4.931753570630548644e+00 -8.709357920433467015e-01
8.396940148175259466e+00 1.391564705412479563e+00 -8.947120713809366688e-01
9.889113804766116900e+00 1.588468890710917902e+00 -1.007324591296083760e+00
2.601912548226990030e+00 5.536945323549621989e+00 3.939904828552975857e-02
1.368927642538287914e+00 9.467343633283599402e+00 -1.017114141023773399e+00
5.169781129599390290e+00 1.713251652786274226e+00 -7.973998026776303316e-01
1.535819084879048502e+00 4.174825122923487619e+00 -1.198097046220816253e-01
9.282407273033213002e+00 1.701123830535121950e+00 -9.631356606069246817e-01
8.434685879707265466e-01 3.444514545792200622e+00 -4.815219852301706460e-01
8.419229545875789311e-02 3.686272492075409080e+00 -1.001868178071189774e+00
6.749372509416913246e+00 2.450408547532240799e+00 -7.222013445396154863e-01
7.625988281110062772e+00 7.919580403149546477e+00 -1.503596511179605688e-02
2.915435425820869675e+00 3.075768669547832346e+00 -2.222077335939096621e-01
9.668091685359518905e+00 5.771019867413795801e+00 -9.805950616142452558e-01
3.808158304515695813e-01 8.899559196597492061e+00 -1.005186948000894587e+00
9.656066513466347701e+00 6.854866271539816758e+00 -8.857740784932405242e-01
4.758796277257560270e+00 3.962851967525391483e+00 -3.501796166862347626e-01
3.752336300431044602e+00 9.222643137981307859e+00 -2.389604983974926711e-01
2.846225077624310984e+00 1.036459615979492099e+00 -8.365878876008014942e-01
8.663309146209131839e+00 9.637859085223313471e+00 6.567062912787924311e-02
7.165500683931225190e+00 9.523100658798201223e+00 -2.593187391301182698e-03
4.190196966583680016e+00 2.899566551561091110e+00 -5.029080487901191887e-01
8.498915045130130963e+00 8.996122161446424847e-01 -9.625504525883838980e-01
1.344448849021473213e+00 1.942425265596579020e+00 -4.117216430283114903e-01
4.246896708197430925e+00 1.099599571288423672e+00 -8.525249789696704994e-01
4.785848637116280280e+00 3.003118326927194381e+00 -5.240490349177535645e-01
5.638093319001625581e+00 7.691675793634877856e+00 4.758578659610335215e-02
2.075546105886366899e+00 3.059206263236783130e+00 -6.417060061851032060e-02
5.345703043234655283e+00 2.804411540451577256e+00 -5.902885027359274783e-01
7.938785529874516911e+00 1.886432599097036089e+00 -8.095336203817204979e-01
2.983562651236207230e+00 1.117923961023679080e+00 -8.341714328978862003e-01
8.775268987385423713e+00 7.618912524134455744e+00 -4.158919695813166895e-01
4.415750031338182779e+00 5.441159432408883001e-01 -9.367944237636378624e-01
6.456586120104828019e+00 6.478309734603375780e+00 -9.115927896524733676e-02
1.252632051470985663e+00 5.332398742906740985e-02 -9.476329792491036130e-01
6.408330402264666326e+00 4.116439044867512109e+00 -4.703657419915241444e-01
9.524830801816909442e+00 1.829796003188002063e+00 -9.885345347689411533e-01
2.496101920836202748e+00 8.529960562656073719e+00 5.500128199414699992e-03
5.648990385684535376e+00 1.415206760375819162e+00 -8.438176678764628402e-01
1.593928373425232525e+00 4.346225583470504916e-01 -8.937033575356920778e-01
9.018239229659124945e+00 7.196214879542491616e+00 -5.886396996054644726e-01
7.955035726718291400e+00 9.013502860411380269e+00 5.393335286681161245e-02
9.513356262633552163e+00 4.007685506995690261e+00 -8.995139176530415615e-01
3.012132367205632821e+00 2.185079356823114161e+00 -5.629276138232524040e-01
1.558180125349456713e+00 9.101375068157112835e+00 -8.335901584329914460e-01
2.090292744925260404e+00 4.392616651871557032e+00 2.937607890749927009e-02
1.487104577400023830e-01 3.868319972313207789e+00 -9.914496007066517791e-01
2.646948442622576003e+00 6.837536743913482873e+00 4.062342034847565841e-02
5.741529366166103543e+00 3.630216125404852168e+00 -4.882237361627765893e-01
8.388980123270894040e+00 2.394246302494186462e+00 -7.663649175849728268e-01
2.282119881634751213e+00 6.743436992280897428e-03 -9.775405136147863328e-01
5.001805023299139563e+00 5.112538245402059367e+00 -9.901165404955225569e-02
7.824250453928918603e+00 3.909831872438575662e+00 -6.103212544987239863e-01
3.708290141442053933e+00 6.122578378645130215e+00 3.920403712533460094e-02
3.138968645370416422e+00 3.791032035936706457e+00 -4.276789255225388331e-02
9.004901396643910871e+00 2.684095435763837578e+00 -8.605538122515199451e-01
2.516574716605998852e+00 4.659238597658875491e+00 4.102143078018105626e-02
4.205751051011482389e+00 9.406909784359731574e+00 -4.086408173126282461e-01
3.483768415407075381e+00 3.424658941125702682e+00 -2.380689650807354951e-01
5.701574173507991672e-01 3.501277561248612891e+00 -6.770720093552413665e-01
4.522322020559220945e+00 4.751665087323814873e+00 -8.957190299331996286e-02
2.757376894970737347e+00 2.097606976889157870e+00 -5.710747311067314591e-01
3.949975168212639609e+00 6.054245301746846941e+00 3.611809459182868665e-02
5.805672803937770077e+00 1.700327623180814651e+00 -7.966587467976025128e-01
3.859259979815240715e+00 4.835504242160630906e-01 -9.481439935695873400e-01
5.408652122374006943e+00 7.539386153444048944e+00 4.685807595345892196e-02
7.687607476121834260e+00 1.555096501534986908e+00 -8.476005196280846921e-01
3.617444970189923836e+00 7.723466455899616889e+00 4.230763516758084819e-02
1.285986493589720281e+00 4.783023925247163355e+00 -2.825718813298241372e-01
9.445094363152113814e+00 1.333988768370238942e+00 -9.911130521281753536e-01
5.243197862453059521e+00 2.953155625268744089e+00 -5.582215565595001205e-01
1.861433662453120919e+00 8.734273854642024659e+00 -4.882998860581637679e-01
9.740180526819999685e+00 4.019870089347556963e+00 -9.373459214024666419e-01
6.109964405165648316e+00 8.539538924259142405e-01 -9.747567701436163912e-01
2.360718329257404324e+00 5.596805323511110153e+00 3.574792110508351328e-02
1.626047815179163747e+00 6.291818045113229729e+00 -2.001574544928184096e-01
4.857449000443970100e+00 4.388100224981032582e+00 -2.849097785854914910e-01
3.925655166237688398e+00 1.559007673228889057e-01 -9.749574968177476819e-01
5.328621984216429297e+00 9.898171323238095454e+00 -7.256189347682787671e-01
2.057323755642338714e+00 9.826471445874325639e+00 -9.848242380595150225e-01
1.169268873815954901e+00 5.378206163658206584e+00 -4.293194124516874766e-01
7.252785440746339241e+00 9.116672500023566883e+00 5.442098559853969508e-02
2.810062616401090452e+00 2.742024047494166783e-02 -9.991034628819289720e-01
1.112513479884298828e+00 9.786924520792830151e+00 -1.031885684183150964e+00
2.302860447531664967e+00 1.529915378908805468e-01 -9.738478342043621616e-01
5.315411024116618144e+00 8.994153537571728307e+00 5.886793113645150122e-02
8.800910643148336376e+00 3.869437416739248903e+00 -7.556562204456540588e-01
8.151988451937832281e+00 2.420637679027140443e+00 -7.637155517787925785e-01
8.318954633491710382e+00 8.544810340842087015e+00 -2.571681532847372442e-02
9.401270823202750648e+00 2.682970085878431110e-01 -9.883522916202160946e-01
1.370806446852266491e+00 4.190852571013215844e+00 -2.086872155916665861e-01
1.904747110722335712e-01 9.602255683893123006e+00 -1.001482958506602960e+00
2.291812183610402176e+00 1.211490799512392469e+00 -7.690692619187600165e-01
1.924687256505280608e+00 6.119146073105331318e+00 -5.270053712470712526e-02
1.084157157781336034e+00 3.733684613895178028e+00 -3.513040625716694620e-01
9.068491215281838436e+00 1.871673005823648150e+00 -9.092412770944314770e-01
2.769785840279097577e+00 2.266296062484469687e+00 -5.211898236923349081e-01
9.036062847411207244e+00 2.541018931958478166e+00 -8.602976877928354416e-01
5.161895743676082837e+00 6.408264950849863695e+00 3.950477114394912448e-02
7.543205266906984008e+00 5.368470481774962444e+00 -4.311828534377113442e-01
1.140168517405807658e-01 1.728608074538909301e-02 -9.850163429547275085e-01
5.743609534368495417e+00 7.960548167969412781e+00 4.876921333688355453e-02
3.712377641682750529e+00 3.990582677666917100e+00 -1.106499182603237763e-01
9.666522322260359346e+00 3.541158002074769051e-01 -9.817280554726077746e-01
4.141170481609789178e+00 4.953041777350992270e+00 2.105057465647508508e-02
6.833664419211636698e+00 6.032573846003385754e+00 -2.518828112179110068e-01
6.388715633750171818e+00 3.948286482420730881e+00 -4.917065834656215717e-01
3.570784202694214482e+00 4.947315962271455980e+00 4.280987680875680823e-02
6.516817077796503987e+00 5.714460701853361968e+00 -2.552466474486982939e-01
1.346396767106236014e+00 8.767455110932118600e+00 -7.876649408991482915e-01
3.098814138408363394e+00 7.533279409286268269e+00 3.867490749443369680e-02
1.321967339442519984e+00 5.305837709171999705e+00 -3.113206399456593942e-01
4.903192773000015769e+00 4.912860339160377010e-01 -9.597762924217188019e-01
6.711272778998563782e-01 7.777900711150207869e+00 -8.665426599637164884e-01
5.532630765209467505e+00 3.239699436576189306e+00 -5.296260789895261833e-01
1.623070333858168901e+00 6.589342888850048041e+00 -2.041288866387809264e-01
2.000059490428208964e+00 4.915339531692575648e+00 4.212125647489628477e-03
6.203855091583529102e+00 3.850019351990275673e+00 -4.904172652887193173e-01
4.956853727744656268e+00 7.258687208992878226e+00 4.358093151940911625e-02
6.410726167916565466e+00 5.746961737840408979e+00 -2.308915199483945191e-01
7.212973695453546163e+00 4.523526710434715881e+00 -4.878085702130898760e-01
6.969543355205197521e+00 5.901072131478968252e-01 -9.876639128765936082e-01
6.795057491994604071e+00 5.375600954458163550e+00 -3.458754329011506368e-01
4.512614921767774123e-01 2.760162508458121167e+00 -7.136451520636817314e-01
3.446531567032933285e+00 4.366768191055246717e+00 2.595960922051343545e-02
1.312053837126328393e+00 3.945691045192980528e+00 -2.275426430537224043e-01
4.907573008990297581e+00 6.928808538942166528e+00 4.196069437406579894e-02
5.716959027742683830e+00 6.951133691462459296e+00 4.412777237603693337e-02
1.396715789443774058e+00 5.488012481041391943e+00 -2.870867674203188002e-01
9.526012467466703271e+00 2.319985311745316636e+00 -9.615644484005037018e-01
1.748476294939712572e+00 9.224961869333389686e+00 -8.154271597112532355e-01
7.366463931508398844e+00 7.206359189322823156e+00 -1.169644126287621155e-01
4.265931269874747578e+00 2.750536872542746814e+00 -5.405733009692501589e-01
9.416203259728135322e+00 3.916841684501698673e+00 -8.898813115225812087e-01
4.362966386399373064e+00 7.871396656158260896e+00 3.954532266891908066e-02
3.183591867091734029e-01 5.178900399305388369e+00 -9.242265346366451695e-01
3.614362299607707385e+00 8.432363181609110470e+00 3.750650553184886604e-02
3.235646856740714838e+00 9.437930686618351217e+00 -4.829508987398127839e-01
4.849235683600634950e+00 6.184616397997063864e+00 4.090515973404684757e-02
3.680652398546292670e+00 5.386717482617612296e-01 -9.524023095376714654e-01
2.806286921875687401e+00 7.260811278763350529e+00 3.333025026609837127e-02
8.601714959851038955e+00 1.222664368202071472e+00 -9.328989419693414220e-01
6.977802527761540752e+00 1.217436770518367961e+00 -9.159234203771310368e-01
9.279431333102841961e+00 9.047145075405079950e+00 -3.928209410932890222e-01
5.123270064935011803e+00 1.481233767085517794e+00 -8.364380621531092297e-01
1.729362150393437769e+00 7.195586556781552900e+00 -1.807487294104759279e-01
2.052476468666851961e+00 6.760410741063153317e+00 -2.280136127536103174e-02
3.661681873385011610e+00 9.304909231966554728e+00 -3.314910543213692717e-01
3.737547875549595222e+00 6.427458161235242606e+00 3.962657909477140805e-02
6.522052536594529215e+00 1.006336611248130453e+00 -9.775001773460412213e-01
5.817296663722663297e+00 1.265913446548830645e+00 -8.719225763465194845e-01
4.457100263706432308e+00 4.064263162271397611e+00 -2.839934477368961652e-01
9.027970453050921940e-01 8.441133008686936279e+00 -9.207629980410225734e-01
6.206627651696098091e+00 2.786298724986973951e+00 -6.433354041813099666e-01
3.442785346871839902e+00 3.879989343298761550e+00 -7.982215417016158554e-02
7.071905991387175128e-01 2.714303746809841655e+00 -5.285279511836931121e-01
7.535858821759807924e+00 4.275701409408626752e+00 -5.497159180155574143e-01
1.206560974051153368e+00 5.302633456559294522e+00 -3.867575735605077725e-01
3.525807099783290433e+00 7.537898608341997431e+00 4.078682855091519954e-02
7.005874098465115551e+00 2.081859426748539743e+00 -7.962346573901957214e-01
8.761085816525117309e+00 7.622761021571044182e+00 -4.095858510572697453e-01
9.409945332071619761e-01 2.178721213610092633e+00 -3.951741662631400587e-01
6.770995586743920214e+00 8.477592472493810760e+00 4.886393076740480623e-02
9.102862208949826339e+00 8.127293396711953832e+00 -4.914217224425324604e-01
2.443877667213023130e+00 7.894270178752194056e+00 2.177720988611708819e-02
4.691135250532177281e+00 1.528801067208854780e+00 -7.964904659752911620e-01
5.117791112386919750e+00 6.090591756139836832e+00 3.838853519995533148e-02
2.713082239747139468e+00 9.386140801383390908e+00 -5.280794842419127555e-01
3.932430121856206995e+00 7.677709577641400607e+00 4.170187822492454899e-02
9.568248581362725602e+00 1.399205345403460310e+00 -9.972577002943978641e-01
1.467873082878358604e+00 9.677290702277904444e+00 -1.017989369342205741e+00
4.588013495598105784e+00 1.329736062199738944e+00 -8.257668610896378159e-01
8.212224869998266286e+00 6.441567054401304837e+00 -4.157673970098932914e-01
4.586950877073333821e+00 6.992935548649590771e+00 3.927674976386619221e-02
2.189336042164673479e+00 7.114998583811421362e+00 -1.014826027660564733e-03
6.187611559560569852e+00 5.886570859586876203e+00 -1.604240269369936467e-01
7.148246651508004534e-01 8.780691991535956475e+00 -9.886630075301594545e-01
1.190498067162177209e+00 7.813857171700431259e+00 -6.306980754032318615e-01
8.652588536367519012e+00 6.508724224746787357e+00 -5.175118223617829472e-01
6.168286051542967385e+00 1.759994131641041681e+00 -7.935279782341149168e-01
1.972537996968074303e+00 7.571153897421257994e+00 -9.245343066949018862e-02
3.769736195200180884e+00 3.275126981046110775e+00 -3.593556013209351363e-01
1.215301904026736102e+00 7.951059539816206501e-01 -7.943359921703474491e-01
5.033694741967268627e+00 9.545261406968542417e+00 -4.084037115917120708e-01
1.213852476475244968e+00 4.999128662466858053e+00 -3.385203656356408075e-01
3.329098492513922647e+00 3.445991669774177257e+00 -1.922917475274048549e-01
9.522152404667686199e+00 7.685907183210503035e+00 -7.762099317225417128e-01
1.311020778315709290e+00 4.882837715233066866e+00 -2.743685500370354191e-01
5.607969180007345678e+00 4.448157071836074117e+00 -3.567624757620717624e-01
2.949319246547875029e+00 1.598249554008229989e+00 -7.187224833992480466e-01
5.679776182006552432e+00 5.678983442657999703e+00 -1.064422547888508319e-01
7.984300887881387254e+00 2.394270654361296824e+00 -7.651616436771712104e-01
2.538769283666136634e+00 1.114911703174008117e+00 -8.140275199315425425e-01
4.020885044556059107e+00 2.846614517471806938e+00 -4.977423566256033993e-01
4.891621938969214156e+00 6.203458193100101603e+00 4.093661293415973290e-02
7.391676525983208457e+00 4.463127577757612485e+00 -5.136625894040236506e-01
7.019341843402007619e+00 1.750071300971328403e-01 -9.996555347580996509e-01
5.732947791153943928e-01 1.466005072813257648e+00 -6.540870151420306033e-01
2.780134436834478695e+00 9.529727276277947468e+00 -6.206472063268292372e-01
7.775624553343584822e+00 6.041687993267554013e+00 -3.847094919238478461e-01
4.023061027634468267e+00 3.962080498163945919e+00 -2.026665227388058099e-01
9.556839934442894702e+00 2.079061809149849172e+00 -9.732876202240192676e-01
4.678052293569484599e-01 7.031426932591300361e-01 -8.173608223328114875e-01
9.750831542220558257e-01 9.455300382292989525e+00 -1.019864461552584478e+00
3.522726397778967122e+00 6.524476694716654368e-01 -9.511042192850176491e-01
4.665586575989860152e-01 2.307312980936990776e+00 -6.706886849549893448e-01
9.451100658493182038e+00 5.888519872011754863e+00 -8.906159639753012947e-01
6.130735967965596167e+00 5.338805316620131691e+00 -2.628926225247760762e-01
3.895404698817792166e+00 1.938005465269575067e+00 -6.773166106810495357e-01
2.225719780189566510e+00 4.358915253784552135e+00 3.830640478147717687e-02
6.612354895044768810e+00 5.387628901171459539e+00 -3.231010896245289921e-01
7.155968933807187682e+00 5.684197912958751431e+00 -3.454663244037383674e-01
4.255900652963445552e+00 8.669225016056476107e+00 3.584069397361311360e-02
3.420489737999389490e+00 2.042660659126677380e+00 -6.273816329232282385e-01
4.114330751455296031e+00 5.693497531525539834e+00 3.647751787441277926e-02
2.603538277218294006e+00 4.598154419250836789e+00 4.219774156325639680e-02
8.890132932086999062e+00 9.369569250363797508e+00 -5.082520501512921562e-02
1.648941866237902953e+00 4.659918442667076555e+00 -9.264761085162476206e-02
4.870912646097765197e+00 5.232861661183906499e+00 -3.865905967019767075e-02
4.534553881645850965e-02 9.270947647067663056e+00 -1.001278518404858264e+00
7.418465986966358727e+00 1.339739629890336792e+00 -8.747431557769009824e-01
9.357819131977866078e+00 6.825532879737695735e-01 -9.998714936272993237e-01
8.859726223283757918e+00 6.090573190646671797e+00 -6.303143492017491134e-01
1.259941351579704216e+00 5.308061224434761360e-01 -8.647793025612986462e-01
5.711806619927994877e-01 1.064142592972210366e+00 -7.308989474400553465e-01
9.496439222887854470e+00 2.061115588784741437e+00 -9.658564985373728762e-01
8.252491275840017071e-01 7.544397376519961895e+00 -7.481964827383431604e-01
4.650600960109740889e+00 4.967232719272886565e-01 -9.489685051248696324e-01
9.063984063011918835e+00 9.055934853005958018e+00 -2.318654775950030889e-01
2.178708825280383454e+00 6.876444274913889210e+00 2.864754982414563500e-03
3.433567227915459874e+00 8.304556812862990967e+00 4.186562383167746759e-02
2.563601234037438559e+00 2.758039366147721605e+00 -2.709929447175030148e-01
6.677293139292895141e+00 7.938457099129979655e-01 -9.925274225314699716e-01
5.573952302726927321e+00 1.274028664349296180e+00 -8.648021061779334051e-01
3.250712003929173921e+00 7.051312029406232362e+00 3.934598264001332169e-02
8.192560337051126851e+00 3.946565300220272299e+00 -6.499574296080737890e-01
7.022494521930985556e+00 3.119132657488050686e+00 -6.395235427246372950e-01
9.055882812028368534e+00 2.513969406976635845e+00 -8.638512974974400516e-01
7.982268541083947788e-01 7.203280994484793531e+00 -7.162146711060741744e-01
2.311642364859159748e+00 6.098548106947985215e-01 -9.174006907348550843e-01
9.720401684091765304e+00 9.168045451472801588e+00 -6.704816303102441033e-01
6.161589587720041727e+00 5.359735438677980746e+00 -2.636055882235159853e-01
3.515260197493996763e+00 4.842346732720794300e+00 4.326709046068932807e-02
1.226601509960403291e+00 1.080754758164728324e+00 -7.089821305167711696e-01
6.334370837637671947e+00 9.136601881139441161e+00 7.538149198667065676e-02
3.927498731678592314e+00 4.832628071284427174e-01 -9.452361327857727868e-01
8.666893765382566173e+00 4.719079128698164816e+00 -6.693585866146167795e-01
7.848587867349119840e+00 5.639187960505435804e+00 -4.448307382984244551e-01
2.801458666387661278e+00 9.010844618689590746e+00 -2.066978366135658884e-01
6.251595722677983913e-01 8.902936436635092710e-01 -7.664809403596617443e-01
2.734306729293356941e+00 5.364939841387140973e+00 4.012329194912123143e-02
2.828269215481259979e-01 4.555650065072343047e+00 -9.108228893604417564e-01
2.018761577660045603e+00 2.508384209056547576e+00 -2.813341267313562710e-01
4.711882091823491159e+00 5.283726050173985556e+00 3.123536059796983011e-04
7.280529950961232899e+00 8.482486774249888839e+00 5.309348290044457741e-02
2.331150737160610831e+00 6.026454184274526504e+00 2.803481813110320076e-02
1.895191904590753484e+00 7.083738578485615278e+00 -9.306456746243219058e-02
4.529069931591512277e-01 2.070505138957137170e+00 -6.465465024916068337e-01
8.936945064322557641e+00 1.640349525838240341e+00 -9.168728422305105763e-01
6.415281254689229051e+00 8.473493453561347977e+00 4.906796493712928253e-02
7.248449572158989440e+00 3.345126177373154874e+00 -6.164585916748804850e-01
7.563350763032261170e+00 9.206929266856155536e+00 5.950942415479211489e-02
8.515439613451111001e+00 5.166009640943940440e+00 -6.050303890979021881e-01
4.639984818645696230e+00 7.024026127093724092e+00 3.954581077465357808e-02
3.645138807308720530e+00 9.583441702970960097e-02 -9.857871610374013827e-01
6.027951587742520267e+00 2.503322566311446007e+00 -6.771750208353770617e-01
2.456291440145116134e+00 6.893002023654219990e-01 -9.136876631830057605e-01
1.240055861335215281e+00 7.664878890001752154e+00 -5.316980315532475743e-01
8.620046564597460659e+00 2.112708772922133882e+00 -8.005278016379542283e-01
3.389008167553851258e+00 3.633535206122870065e+00 -1.453692683906231409e-01
9.014140643253551133e+00 2.408879439346845341e+00 -8.505150974016529863e-01
7.535460525012764421e+00 7.830991097328005246e+00 -1.560890745296483750e-02
8.543397836206800378e+00 5.448443741965000697e+00 -5.930127925607171502e-01
4.743689123901677185e+00 8.007971312027681421e+00 4.023085175829166360e-02
6.374747468782635984e+00 7.027031972243938718e+00 2.441382183446805243e-02
5.619502781309225981e+00 5.652766663555383708e+00 -1.014400683278076087e-01
7.150563769700917227e+00 4.697255800904323486e+00 -4.621585961977077162e-01
8.256531071889879669e+00 6.773579014135320264e+00 -3.818041150293686181e-01
6.867474323169549422e+00 7.745138969299167897e+00 4.493113652265323665e-02
7.254683915547047945e+00 6.911425316348235093e+00 -1.517696745415331172e-01
5.902765937263136031e+00 2.803510636590527128e+00 -6.220690596084779145e-01
2.098128273387404263e+00 5.392574773800715704e+00 1.353311956427916130e-02
8.025278177987905437e+00 2.852957233515517110e+00 -7.381280173703105296e-01
6.224889802895456015e+00 1.458405741747769380e+00 -8.575078720957109990e-01
8.338248000840110308e+00 3.172083144216905737e+00 -7.401686335445640808e-01
5.509856237511304933e+00 8.754583794669704488e+00 5.745392929483128519e-02
9.572203422236134074e+00 1.720921808383710561e+00 -1.001424486747035214e+00
1.144499340224378603e+00 3.058592517738047523e+00 -2.546442974600799936e-01
4.148912288371571222e+00 3.357227759771282960e-01 -9.567469639960511918e-01
1.628607089568053223e-01 6.347977216259409694e+00 -1.008380589857314824e+00
3.405473961026331153e+00 6.228433005628780883e+00 4.046257752084825299e-02
8.165665442284531395e+00 7.677825082475024487e+00 -1.944800302693515670e-01
6.069260728716328046e+00 4.336556432026799968e+00 -4.121057326748145400e-01
2.844316030505009252e+00 3.904367444440112411e+00 2.310194307052038099e-02
6.035930095469581147e+00 3.896168526100187712e+00 -4.707869623306246698e-01
9.593361497374798930e+00 1.591925372307297026e+00 -1.001216786648246870e+00
7.669009390618657385e-01 7.997749710064234741e+00 -8.868489638912313566e-01
4.828682397720814201e+00 8.355614687070227475e+00 3.755635925994793567e-02
4.745117754683254141e+00 9.358693236284999273e+00 -2.298596106856067856e-01
2.257853282420171137e+00 6.620372685264473311e+00 1.158082753875966375e-02
3.167048207842519947e+00 6.954778553335650315e+00 4.011515241338514670e-02
9.502930761767371948e-01 5.854314295430325110e+00 -6.266098902226167056e-01
3.680255302554653163e+00 9.483763219511788023e+00 -5.417125418136741200e-01
7.745699682119146168e+00 4.681249806522674639e+00 -5.309926163646065955e-01
2.943404108747354364e+00 2.427512127289126020e+00 -4.721707239226726749e-01
3.059378836724072404e+00 3.674403413683242636e+00 -6.053134094503320739e-02
3.930823866481047979e+00 1.225636839477233675e+00 -8.233787237720515684e-01
7.895327215022737377e+00 8.233938663828741511e+00 6.699071949174739693e-03
4.443041490203865074e+00 7.380385907201588713e-01 -9.117701322697419064e-01
3.539011960015987945e+00 7.888056493907888544e+00 4.275046117595948658e-02
5.639254622405079687e+00 9.097397380641346842e+00 7.560168999657790323e-02
9.360216716216219979e+00 9.741383558668083253e+00 -3.801144682160684241e-01
6.299225784883337731e+00 5.843342499285837377e+00 -1.914699729241826631e-01
8.681821945727877576e+00 8.665530354512354094e+00 -1.232445405518566295e-01
1.413633300353931421e+00 9.699084885495054209e+00 -1.021930630138868423e+00
3.167294081698270425e+00 2.471704379707929444e+00 -4.823166413009771780e-01
1.225498694588753601e+00 9.333052780011723115e+00 -9.987663394310846154e-01
2.987473417836877143e+00 3.019062408221293570e-01 -1.002706808265774630e+00
7.985253531181706332e-01 8.315738663499400829e+00 -9.353665921322322774e-01
5.030685127447475091e-01 6.106806821691375120e+00 -8.481590252187363177e-01
4.103119144315180655e+00 6.674252470170729534e-01 -9.144982171151209149e-01
4.291250850567663200e+00 5.054401414632502920e+00 1.589979993096779509e-02
6.113510015278002641e+00 3.641718826738086223e-01 -1.005352450700684797e+00
3.582185791967861910e+00 2.126683256065935446e+00 -6.179544866462425290e-01
4.249114995838147557e+00 2.054301782046824343e+00 -6.823049916537571313e-01
4.575359617998671524e+00 8.856948347473368344e+00 3.477840413204069669e-02
6.552194613646244115e+00 2.517579989918742989e+00 -7.007449739061611949e-01
5.995184941536574996e+00 6.088249235079978838e+00 -7.770413096600736758e-02
8.782443584608460085e+00 6.682715247712596174e+00 -5.387920361386572266e-01
5.377041031092772094e+00 1.064815838014253169e+00 -8.927877998072598631e-01
9.857699116431691166e+00 4.491085195844108924e+00 -9.211332271036614117e-01
1.868566006271279667e+00 4.116830022226086960e+00 1.755207724014606896e-03
7.409633504686436112e+00 6.876980805835003707e+00 -1.914456297968276655e-01
4.672404377046898816e+00 1.356618401652406325e-01 -9.754925370237432780e-01
5.077812524842221897e+00 8.253344892864408422e+00 4.619296770412617548e-02
4.848533390564898626e-01 8.051499834399429290e+00 -9.620530318775362133e-01
5.834991435990208863e+00 6.971198580321886773e-01 -9.773339782252331576e-01
1.272278765130070433e+00 5.106877167937385664e+00 -3.150794880341143411e-01
8.076309178499741392e+00 1.721483532405705397e+00 -8.339054398973326787e-01
7.650886808508204240e+00 9.335394705546674388e+00 5.796533230766509615e-02
1.212448106380940471e+00 7.290903586357988964e+00 -4.774590946687520265e-01
2.151273449400394888e+00 3.947632996058425103e+00 3.574794811022119490e-02
4.055862669396317344e+00 1.343326960572246875e+00 -8.021944819016286754e-01
9.617246368808805457e+00 1.178220289178743219e+00 -9.984152978227078812e-01
1.499682338539445103e+00 5.248219022670109979e+00 -1.998563045812513650e-01
5.093033905969024389e+00 2.465597991067213002e+00 -6.447409743876264532e-01
5.967837170740048158e+00 9.012485020660705004e+00 6.734401389389255144e-02
5.573376684569112172e+00 1.259059563714662877e+00 -8.667658536971363237e-01
8.221341620174571929e+00 5.701783577676050818e+00 -5.055804030286535911e-01
5.180375589667756131e+00 9.249022026870884261e+00 -4.673386771018006591e-02
4.086923047845315793e+00 8.105488698420459937e-01 -8.890540258762165138e-01
4.219914199396519905e+00 8.691135593590521680e+00 3.576520107857117381e-02
3.633898883056110307e+00 5.840893386540115806e+00 3.829218782973509150e-02
8.789629399305542989e+00 1.807123827518229531e+00 -8.737001763108944719e-01
3.062543728971727663e+00 9.098355405468234736e+00 -2.159426061213427506e-01
7.986043856305471422e+00 6.581773152798429116e+00 -3.506028018392804979e-01
7.714980205647814060e+00 9.687699579620764112e+00 -6.768165206486376206e-02
7.871544533622611084e+00 9.378418687320561276e+00 5.507846089150314484e-02
4.877865691587474295e+00 4.017226274647518913e+00 -3.560672300871710050e-01
1.739622475093472120e+00 9.328966983061832252e+00 -8.727156140849416932e-01
3.084412155324600668e+00 1.834594326823441701e+00 -6.637728818789032648e-01
9.193270100670462242e+00 9.307151155155407807e+00 -2.652973158438376444e-01
4.755844780103744007e+00 8.039631623398648230e+00 4.021825456329386483e-02
9.070010629023503412e+00 7.231264469082510082e+00 -6.067720675255647844e-01
6.502407605823013803e+00 2.379717196629330012e+00 -7.158265470482372272e-01
3.377563973496544580e+00 8.109953964587383268e+00 4.189658723883882274e-02
2.477968811407391947e-01 7.242435251774355098e-01 -8.206668920610415974e-01
6.013258896758041594e+00 7.442560808186889254e+00 4.475616986931818531e-02
4.883629902904505826e+00 5.381160554789887307e+00 -1.159571337860354490e-02
6.273428768422365742e+00 7.593943072673680739e+00 4.581244664842332170e-02
1.434741620486499114e+00 9.146614129612338218e+00 -8.992992771618006920e-01
1.169743441549385254e+00 7.410886822758471659e+00 -5.180259354649474623e-01
5.454803179848754624e+00 6.818385993634054287e+00 4.373584176217359953e-02
7.660816836216295833e+00 6.537518050788491131e+00 -2.963631068358251186e-01
9.502199425178595504e+00 1.151137602912813973e+00 -9.960313782859144816e-01
9.808066224133724087e-02 4.733541951380291657e+00 -1.007693952158217776e+00
9.002583757421881216e+00 4.681748779298455787e+00 -7.379551266971567935e-01
2.037115822961705014e+00 4.614618355261168148e+00 2.074757515748260062e-02
8.038796942893524644e+00 6.490281655958201057e-01 -9.676561223969517567e-01
4.426326404794768798e+00 6.764777660908870338e+00 3.881729883680762327e-02
4.929907041122776334e+00 7.910496664903563513e+00 4.332180310784883304e-02
8.116852862919447631e+00 6.747223249092861863e+00 -3.543699739453735065e-01
1.787303142474836237e+00 4.556075467627471176e-01 -8.999879312529497355e-01
4.577478517978792460e+00 6.029282478134489587e+00 3.915581618279340148e-02
2.618637705620509681e+00 7.265733356560098777e+00 2.796075426307131906e-02
3.280814752310744709e+00 6.115780387308822341e+00 3.946172776827605588e-02
6.168527919074468180e+00 2.319390804931563910e+00 -7.071533068193827098e-01
9.117334091361211090e-01 4.972709364586804348e+00 -5.260692736978143103e-01
4.206104192089019200e+00 6.018006764400150033e+00 3.530481135410923343e-02
5.283424158636756962e-01 9.687398813919427809e+00 -1.015974993724215736e+00
2.247898498464164785e+00 6.930900766477817498e+00 1.361915644919431401e-02
3.243443763632089194e+00 3.284891851209003621e-01 -9.971616085434542587e-01
7.318735868906667719e+00 6.884271889953400780e+00 -1.707153952523494667e-01
5.850287303905796765e-01 1.363357746053377673e+00 -6.714026166551965158e-01
2.316095181958417015e+00 4.342968105961258374e+00 4.129771635290646614e-02
2.796334201532364033e-02 8.348102088119718545e+00 -1.021661134116753633e+00
4.076153465741367832e+00 9.878947548451053606e+00 -1.007726600315038024e+00
4.741551175188926770e+00 6.032233682446555889e+00 3.982002581819665821e-02
3.644300290185030988e+00 5.852610625830644508e+00 3.827506447326634031e-02
1.547570570445385485e+00 7.874644957582279226e+00 -4.094824910806944551e-01
8.213232609216237989e+00 7.138224210319906504e+00 -3.166888946936811666e-01
7.099380785782915204e+00 6.230385015593459030e+00 -2.521966058340050498e-01
1.095070626811808889e+00 4.282845406442321590e+00 -3.816894873275629152e-01
2.283569540315277369e+00 5.265802786882931130e+00 2.875842215110679945e-02
5.970767263463911512e+00 7.894549556236953869e+00 4.626293408668069596e-02
4.310241516946827112e+00 3.085691279374316309e+00 -4.741271349650508782e-01
4.031566874985233362e+00 4.556496832439387745e+00 -3.302314820726071076e-02
7.926536860163716725e+00 3.526099893537422147e+00 -6.515277482674892706e-01
9.732320338545280336e+00 4.271812631346669775e+00 -9.129382327928683427e-01
7.674863493663298675e-01 8.396771487259115929e+00 -9.581299034009580495e-01
7.114805159880684293e+00 7.430729996360128098e+00 -1.509854474736971319e-02
4.251951750230783311e+00 6.116016330811216761e+00 3.611969995279684653e-02
1.330254893466827681e+00 8.652466944251791858e+00 -7.624438957259613847e-01
3.572012551936389002e+00 9.939864206264773516e-01 -8.770893488051560993e-01
9.180545474709624898e+00 9.822418995183063162e-01 -9.927660906389518258e-01
1.229177704937542748e+00 4.394697096023634231e+00 -3.012584161581477460e-01
2.878610458496963620e+00 7.953653331401158155e+00 3.367661782135256132e-02
5.041499419829761131e+00 3.631520825208798264e+00 -4.342606417609853331e-01
1.608264576980284188e-01 2.713097179538916492e+00 -9.003916327192147406e-01
2.381848093643771591e+00 6.622598560115844357e+00 1.976697197043097987e-02
5.106203508026402993e+00 9.026925465041864882e+00 3.808627741078995932e-02
5.362645699552596845e+00 1.117479531471883281e+00 -8.847626814186796418e-01
8.817113372158500439e+00 4.744693971553282097e+00 -6.955487408542182504e-01
9.258425128468408261e+00 6.246672136488739646e+00 -7.622258404880895011e-01
9.443874603390383982e+00 5.187454921199080360e+00 -8.175440603535296669e-01
2.327730933546941827e+00 6.201523836624362573e+00 1.817932738454075547e-02
9.495839794268702505e+00 3.926232181568788615e+00 -9.058490758833315226e-01
4.682093952683311078e-01 3.156959722259723655e+00 -7.069853280323226130e-01
3.628443417054400655e+00 9.690443111418236555e+00 -7.572013993768135220e-01
7.056084484709503002e+00 2.652508493554772251e+00 -7.110966527489686051e-01
8.209460679654950965e+00 7.147797268712699825e+00 -3.140352939062587279e-01
5.775176253542025684e+00 1.846799745880796761e+00 -7.747692796676578508e-01
4.927075734466612289e+00 6.733735668959278442e+00 4.139194447558169898e-02
3.474111370855727632e+00 2.806571713025558523e+00 -4.244752935316524756e-01
3.186906056394943842e+00 4.777983462215062538e+00 4.434517187321596055e-02
1.791360530588949063e+00 1.114395982890405756e+00 -7.451200175831063088e-01
6.500085613735902434e+00 2.244191286471425073e+00 -7.321096942001262819e-01
7.918359101299787817e+00 4.273656686850282327e+00 -5.913411672095214566e-01
9.126367210492913884e+00 2.808533314596670660e+00 -8.955728234902786689e-01
4.718655325057543592e+00 8.862011303065004952e+00 3.247868372601159237e-02
2.860390056380547108e+00 3.332494097663767807e+00 -1.249634935642647271e-01
2.296646983531664077e+00 4.860163605929823660e+00 3.506781066879671727e-02
8.358097110069047986e+00 9.414999152531567717e+00 6.136308063911455335e-02
1.490476232832275372e+00 7.450189140670125276e+00 -3.347085713707729226e-01
8.568270793821522346e+00 7.415864045443605335e-01 -9.807420581779993096e-01
6.301175024576648909e+00 7.292620833445795370e+00 4.618422582133052678e-02
3.377310333373859663e+00 2.845901781745638903e+00 -3.944421326296385644e-01
9.388592727317490727e+00 7.986825183914869619e-01 -9.995122842925083795e-01
9.533270316771584874e+00 1.813159041302391250e+00 -9.910733530483090137e-01
7.296572725726203856e+00 2.494559028280771695e+00 -7.472860946106756330e-01
8.127717590303543460e+00 4.381389729693919155e-01 -9.856614814106032796e-01
7.098412080589689310e+00 7.161912761152434470e+00 -6.789253940577610891e-02
2.708159728024188251e+00 4.182750189384478290e+00 4.419380505837722239e-02
5.140427127254313611e+00 4.498999035549126724e+00 -2.963473186670828596e-01
4.555872233025636930e+00 2.630563151595611160e+00 -5.842230020686860481e-01
7.250529584670810657e+00 2.877949535210704735e+00 -6.882156846528548755e-01
1.789587252358401104e+00 4.644362800998991681e+00 -3.712716485176592585e-02
9.500173579690564196e+00 2.485101247018389470e-01 -9.834684340688472082e-01
5.788532502637018240e+00 3.128368673923597854e+00 -5.641837744118598508e-01
1.476941956225783503e+00 2.539254405778293422e-01 -9.208134272586325775e-01
4.689278245966477243e-02 9.173943341219676029e+00 -1.002539288376022908e+00
7.480417684633470010e+00 2.989720646690028349e+00 -6.857668711114270899e-01
2.172516977267286098e+00 6.342804899452882061e+00 -2.990080532397243473e-03
3.509737898694922809e+00 6.699169251173755946e+00 3.969921988140745484e-02
9.221346111412875857e+00 5.347401412912889951e-01 -1.000748211288295275e+00
2.300250444259931637e+00 2.201350081606326725e+00 -4.669625492411260126e-01
6.384213526708247599e+00 6.163839926316676543e-01 -1.002174446983822964e+00
7.648934420864728523e+00 4.789743277416895317e+00 -5.076815072568929832e-01
4.544844573912047991e+00 1.021556433911523509e+00 -8.743130055270006418e-01
9.019646137103411121e+00 2.610738686384509233e+00 -8.600139492280730602e-01
4.056806058054426956e+00 6.863547581926703778e+00 3.944787691135598351e-02
1.572929970245005915e+00 8.693622935851436750e+00 -6.445295461885591770e-01
7.490239257495550085e+00 1.629340330349801080e+00 -8.443758611248373125e-01
1.632266728882621143e+00 7.653292192714594933e+00 -2.920908069672871754e-01
1.673509178154891863e+00 5.652154976298929823e-01 -8.717524610921683070e-01
2.250259277489656817e+00 2.638609605079826892e+00 -2.629421971197225538e-01
4.643347351124571531e+00 5.808839909097498477e-01 -9.391353425448449865e-01
9.712251190244252541e+00 6.615499132937974203e+00 -9.140851657425898003e-01
3.904504212886844794e+00 1.880092309914048077e+00 -6.883224762153032916e-01
4.752904514315297035e+00 8.029746334267340302e+00 4.023474938950855062e-02
6.414460388738091545e+00 4.239011011302309839e+00 -4.542046075140822037e-01
7.568600218999974594e+00 4.563763867213495473e+00 -5.221160362606338534e-01
6.769050919489405516e+00 1.855510012781873774e+00 -8.256274995374581760e-01
9.196637054142991374e+00 8.569169890919880572e+00 -4.653550293415462669e-01
4.233318856269815633e+00 2.838542524167002590e+00 -5.194803538453514058e-01
4.138308925049161147e+00 1.549927759465933752e+00 -7.623691820823739196e-01
7.459318026401425605e+00 7.978207732091620485e+00 2.143657062731962881e-02
3.738034373793423626e+00 9.227449119456755611e+00 -2.444303767109361480e-01
4.749788905615115020e+00 5.105628850850000511e+00 -4.263577417166208861e-02
9.471473531567076165e+00 9.449811974883131072e+00 -4.072288837527493488e-01
2.101888915061826069e+00 2.314285644921702190e+00 -3.826456245268992085e-01
6.623414412590769018e+00 5.593796227705670754e-01 -9.993893301523139039e-01
2.877545957383352615e+00 3.904548539992833245e+00 2.082303665508655754e-02
2.354232178595738301e+00 1.389284331414102125e+00 -7.276548637386586194e-01
5.903759550838723946e+00 7.774684429414131515e+00 4.639886433403206389e-02
5.915070301768917460e+00 1.839768787215770640e+00 -7.745439754086582695e-01
6.444382177911632148e+00 2.216629810567525283e+00 -7.309901579906485924e-01
9.243249441940907474e+00 1.609221121011483513e+00 -9.630752620804488018e-01
6.137736474466259473e+00 2.162959757883065048e+00 -7.245020160774965357e-01
4.048994030079116069e-01 5.614594297764804232e+00 -9.012206924449506218e-01
1.136936262075802784e+00 6.553226151276215106e+00 -4.732006388534699681e-01
4.736937375864294641e-01 8.709524496045998987e+00 -1.008209393468381565e+00
4.711462455395798443e+00 8.997961100572435811e+00 1.604579821898832748e-02
4.183706512303873026e+00 7.816409417342131682e+00 4.098147762818005191e-02
3.839437890308216250e+00 9.814659453230028419e+00 -9.321648460709583972e-01
8.461118554072216469e+00 7.253580126439876707e+00 -3.686739747003036083e-01
3.823270371887335983e+00 3.137170448784858845e+00 -4.043654648808394647e-01
8.316132721405615769e+00 7.645443835549472489e+00 -2.465438636406323270e-01
7.213923248841474845e+00 6.579663581887967183e+00 -2.051366633271756168e-01
6.344766850445493489e+00 4.310340525338667739e+00 -4.386933095403442451e-01
2.840830190699246138e-01 9.818844461579976368e+00 -1.006880814477294717e+00
3.629857566205770159e+00 3.571603685082205271e+00 -2.264393856835109631e-01
9.275011752046518509e+00 8.183424210130036514e+00 -5.816136967782956635e-01
4.511457244116614973e+00 6.388617593916113613e+00 3.857594476420622698e-02
1.982154464820605311e+00 7.057004282064750278e+00 -5.463280237238965498e-02
2.603744029393098458e+00 9.649875020045422858e+00 -7.419216287545850053e-01
6.380922114421859526e+00 8.595254837402542591e+00 4.983421616515015806e-02
4.138261315055348000e+00 1.747300646768191301e+00 -7.247448027691856254e-01
9.271579046267644841e+00 5.041525319659520221e+00 -7.700199528120841297e-01
3.944768793779029004e+00 1.084554592669344064e+00 -8.482589808413125709e-01
5.911745861750979714e+00 7.456323114782152928e+00 4.511474325102460270e-02
6.749337447596282402e+00 6.270891973626806504e-01 -9.948841441666534946e-01
7.463514067778946881e+00 9.797221734122581793e+00 -1.496278106866146262e-01
8.547461315829067985e+00 3.060604451387139324e+00 -7.766097622821004354e-01
4.145653460471828922e+00 1.290484144739326045e+00 -8.152185780414487049e-01
6.786988960183038877e+00 1.204923293189785527e+00 -9.435677205473035345e-01
5.849111290294715104e+00 4.535917436759000054e+00 -3.634500452616142852e-01
9.763260037431823690e+00 6.205764253427323851e+00 -9.725842499483223769e-01
7.805378351108237744e+00 2.659037596237925349e+00 -7.439588077928442900e-01
3.906161053246169690e+00 6.626268079165474667e+00 3.895999357807244934e-02
6.552159305473881368e+00 1.784807714877131968e+00 -8.177999666233835008e-01
5.508522338061269785e+00 2.383637775273745874e+00 -6.777659101540531861e-01
4.110448040571769823e+00 5.211882183970206306e+00 3.731213590496240684e-02
4.685368936002350715e+00 8.596741584187423513e+00 3.337284839229326394e-02
3.577101257090030906e+00 6.163562900077874218e+00 4.040758127477106498e-02
1.100913362110549354e+00 7.039434525279777866e+00 -5.176202891183780963e-01
2.346883314052772285e+00 7.360370207310288571e+00 1.194463221948716125e-02
9.199866101694649245e+00 8.610659784777215719e+00 -4.578829693155608282e-01
6.937453625605524365e+00 8.887029291163205613e+00 5.272290688757363952e-02
9.412038801087529549e+00 5.744520685269232985e+00 -8.741181891595152242e-01
5.687297907066271918e+00 9.612966844527544907e+00 -3.785881036885929696e-01
8.387042270304348790e+00 7.119859634742956800e+00 -3.678568900337469971e-01
4.077102207882753682e+00 2.788423464887241909e+00 -5.165138183910649161e-01
9.421007522629189168e+00 4.616870566258662878e-01 -9.945066872733376862e-01
2.669087955386427513e+00 8.564118246319315730e+00 2.547243500187512666e-02
7.537680827799690952e-01 6.158341993369002232e+00 -6.880120596227170537e-01
3.151505160936999284e-01 2.345170137256870291e+00 -7.733912174105501691e-01
9.539529866175964656e+00 1.702221967873583652e-01 -9.770338026758071948e-01
2.037311331696132655e+00 1.090208409628871111e+00 -7.773283666583368223e-01
1.116031019436686950e-01 8.214634056207462010e+00 -1.018203670057795218e+00
3.386476015936815687e-01 3.766514632417676811e+00 -8.706050399799907247e-01
6.467868411858919586e+00 9.434225932876138643e+00 6.066409856623455887e-02
6.105674594143018830e+00 1.240722964732193345e+00 -8.973563402792614774e-01
3.639557525229430546e+00 6.730905022038457197e+00 3.948761027114722211e-02
2.943696926110167311e+00 3.594575359006009663e+00 -6.093699189813417405e-02
2.810542919634366754e+00 3.128060091703488421e+00 -1.822049813773625182e-01
7.187552045925591493e+00 2.279680448379838076e+00 -7.727952914817229901e-01
9.219172930563473756e+00 8.573332021715289741e+00 -4.799944874568611297e-01
7.568516281444241045e+00 8.785846930015308587e+00 5.613276127374300373e-02
8.968472520512859703e+00 8.205374620385576634e+00 -4.030778919527686632e-01
3.394083173525139330e+00 7.558847319372080875e+00 4.114150451967946154e-02
6.326786542162692761e+00 5.733771201133589734e+00 -2.180498024216612762e-01
7.810913872869780228e+00 5.263035539968643484e+00 -4.771622499957413055e-01
4.093986863247871533e+00 1.737629272673078651e+00 -7.238143901923046464e-01
6.015965044471864864e+00 4.078049143120721531e+00 -4.443372470059621104e-01
3.340052226217043452e-01 8.884273645459970017e-03 -1.000209853160175966e+00
5.237719348004477027e+00 7.855255946816927626e+00 4.745193140648806818e-02
2.066703386813330545e-01 9.294124818218437056e+00 -1.002316651861857588e+00
9.247983872038254560e+00 5.561533972331733633e-01 -1.000566707136467892e+00
6.248354439226254442e+00 5.913145258520536629e+00 -1.673137419347285881e-01
8.989792345852922750e+00 9.896901613350017612e+00 -4.658534592117236084e-01
8.213707914686679601e+00 9.353885039174921090e+00 6.061577288754671500e-02
3.559187234306086189e+00 3.656745428692657729e+00 -1.797379857392393809e-01
7.549260158055275838e+00 9.874435954266827409e+00 -1.887431661325839061e-01
2.375865418654248273e+00 7.929060626259829547e+00 9.651502763522668005e-03
7.951996327657973040e+00 2.632023897782870048e+00 -7.494406373958324430e-01
4.069810461517667122e+00 5.725889334882850595e-02 -9.760818195630630578e-01
6.019409717189587283e+00 1.948372499153339543e+00 -7.566094669310431398e-01
6.279399889020760739e+00 3.105425593490100944e+00 -6.013371392683000138e-01
9.402852682159874576e+00 7.161691228351966032e+00 -7.731358919930759743e-01
4.493445525636672322e+00 8.659100980319321295e+00 3.203312935859936594e-02
3.476239447897680357e+00 9.479143599655200703e+00 -5.211433785901816718e-01
4.696664410012505897e+00 3.498138904793915316e+00 -4.252785519193338359e-01
1.000034431190495399e+00 2.135880247316246372e+00 -3.749660223240462997e-01
3.922754593387586475e+00 5.592189228331561957e+00 3.723422257587838402e-02
5.832129568371247963e+00 7.524387547413753374e+00 4.566407665640204172e-02
3.490500869478296297e-01 4.850615413652699104e+00 -9.047983272673558730e-01
5.377762943122372796e+00 4.275970920283844734e+00 -3.647635318109552216e-01
9.449499767351554169e+00 7.779173209911703246e+00 -7.224424838884643263e-01
6.266635787248952205e+00 9.458605237679318378e+00 -2.549338129966161048e-03
4.009256045768228027e+00 6.756439472906925481e+00 3.912157533483906491e-02
5.602872702425370832e+00 2.675194884096030457e+00 -6.272140964373427163e-01
2.562118784296599117e+00 4.627716908740795887e+00 4.171284538752750848e-02
1.187646085289076225e+00 8.360965809656191183e+00 -7.765842078794227277e-01
7.921241957571861114e+00 5.583262970790872970e+00 -4.624097658198085270e-01
5.842976982193967217e+00 6.233208773368971833e+00 -1.993325965190217985e-02
4.867310739835759570e+00 5.672586538465546724e+00 2.835783993647522649e-02
9.313082283074921364e+00 5.772392511072525600e+00 -8.309569123660944800e-01
4.099619843809495734e+00 2.233229915712641400e+00 -6.346035528089026823e-01
3.485831970607946584e+00 2.310156809765970820e+00 -5.647567055256024204e-01
1.427788685094047327e+00 1.889038063934597167e+00 -4.438736602665604991e-01
8.793609665336886039e+00 5.035001607645117616e+00 -6.670217147083933318e-01
4.178144932811127532e+00 9.171180242375683633e+00 -1.431924871065624050e-01
5.998715087520927192e-01 4.854761654531804638e+00 -7.375688591699791630e-01
5.517098137558535065e+00 8.716329433912251901e+00 5.488177742902244916e-02
1.872752287541187499e+00 2.147766805665441314e+00 -4.160260833099393984e-01
3.374776550942872433e+00 4.621269309558881488e+00 4.096671698652043503e-02
6.331657343017207396e+00 6.116209549610100105e+00 -1.439933597173690405e-01
8.714930683551740387e+00 1.520064142266268847e+00 -9.052796027103147125e-01
4.287258601167696526e+00 3.914400422679511493e+00 -2.809838200607641667e-01
5.235098407425652134e+00 4.303465306039694127e+00 -3.467927676268778292e-01
8.160057978672632828e+00 7.133054854683001267e+00 -3.039507020338934051e-01
2.706330735033597001e+00 6.475739364762250538e+00 3.207692517316917957e-02
1.271002468841826660e+00 7.587603251587052178e+00 -4.812378470747558090e-01
6.816128000033753409e+00 6.120957259205535017e-01 -9.927997067507756679e-01
6.397689023082322457e+00 8.572888894504501422e+00 4.962524157385383994e-02
2.376574059959021490e+00 7.144237837231592003e+00 2.157739217542786747e-02
7.299106356179763111e+00 5.322872896658331854e+00 -4.075062444928290173e-01
7.641618873821873770e+00 7.545230644462185943e+00 -9.655020513722323283e-02
1.912316970935310056e+00 3.186384014774588547e+00 8.918498133336782985e-04
9.804435687900872054e+00 6.732290863131535907e+00 -9.375973918124183015e-01
3.929288624482238035e+00 6.331795787091759387e+00 3.794293607607679419e-02
1.731560392848207952e+00 9.862344957320491545e+00 -1.007791510392876067e+00
9.880978167920760669e+00 2.677941638722183826e-01 -9.658018758720149366e-01
6.777727245144362644e-01 7.546640748783563168e+00 -8.215433861092136247e-01
2.326652983905273420e+00 8.272189098494003190e+00 -4.412962996986458108e-02
3.822822168687822320e+00 7.734070946042363559e+00 4.217392535557129563e-02
2.558801933061043421e+00 4.123579147690023206e+00 4.440711265492636173e-02
9.601918263862375014e+00 4.194435841609685411e+00 -8.969885017637296842e-01
8.220085264126410607e+00 2.170015478274110343e+00 -7.819372004839073576e-01
5.631953058633102138e+00 8.345886642041193682e+00 5.183810107170772064e-02
5.649912603820363088e+00 3.582936178739996702e+00 -4.883692841353404201e-01
6.940480924771400772e+00 4.426234282352496940e+00 -4.730625477631713593e-01
6.667666907526932363e+00 8.084251165995571142e+00 5.034182973574474751e-02
5.017682308256502743e+00 7.972418168939920946e+00 4.478063012099031681e-02
6.776623454674067126e+00 8.347434878152522941e+00 5.029941224332490357e-02
2.791379228713131155e+00 1.842125810688307386e+00 -6.438695603292230452e-01
5.444037999105228565e+00 2.644277442999096284e+00 -6.254465862222893247e-01
3.193235267133093469e+00 2.459185340701304234e+00 -4.895931220027520681e-01
1.007041249708264807e+00 5.297808468806945115e+00 -5.255223107378634850e-01
9.062065125637458252e+00 8.939543544254801688e+00 -2.654806601288688395e-01
3.472627176630395773e+00 6.723850789422284535e+00 3.967442452233793659e-02
7.853280324428365766e+00 4.632379155400851545e+00 -5.496291475801738935e-01
5.670346658474048951e+00 1.337071916113455661e+00 -8.559388322978044306e-01
9.694826488495341010e+00 3.372848000893271969e+00 -1.004569637742900312e+00
6.758546378753677253e+00 6.706297604960148817e+00 -9.170441130648465666e-02
6.572970171496891112e+00 6.556492758099151885e+00 -9.243924185137952776e-02
4.795943183161525347e+00 8.824085335313363032e-01 -9.051530815290875776e-01
9.255273245357138023e+00 2.398859083016181781e+00 -9.083421321453781783e-01
1.236011349315349950e+00 7.208561908600967794e-01 -8.155563766865787656e-01
4.077413343371314447e+00 2.824050008057710226e-01 -9.625785744395994881e-01
3.930497879323064048e+00 1.400474888064908496e+00 -7.871646736585939941e-01
2.049661056593644393e+00 9.181046775615689270e+00 -6.429468930686228489e-01
9.158565852013937914e+00 8.621011773264795508e+00 -4.265529962162420974e-01
2.104142485374815852e+00 2.941293841766526196e+00 -1.143297790183201990e-01
2.911261067553227555e+00 2.075258477521365830e+00 -5.891475691310317231e-01
1.450129810618183912e+00 7.194713054023596399e+00 -3.307554737497016006e-01
4.701732155818801218e+00 6.947617543209550384e+00 4.008412038221820239e-02
6.687350071358761028e+00 9.127279326487601097e+00 6.650852312550803447e-02
1.767615706332903214e+00 9.419098805540775388e+00 -9.013391243162707234e-01
9.141941136452008010e+00 9.844710104259156935e+00 -4.405294578038372322e-01
7.845228572592607641e+00 6.860626358611964015e+00 -2.821785542013911519e-01
8.709343256858973703e+00 7.409041369105618280e+00 -4.272169005814311360e-01
2.719754996763778632e+00 2.721900668432612580e+00 -3.162171181120112529e-01
3.359363601092697493e+00 2.830107802758865532e+00 -3.959715511393393506e-01
4.370251089594668237e+00 9.775389550265312977e+00 -8.048799309835465987e-01
4.658133863324818158e+00 6.966059659089734346e+00 3.973254821998306596e-02
5.148356811542242895e-02 4.630290832423491487e+00 -1.014733385757709883e+00
1.851028415307563568e+00 8.855796954470337212e+00 -5.565085907862428183e-01
2.229489833697167356e+00 8.003871589272866238e-01 -8.684392588895195608e-01
4.898942507844679994e+00 1.894257578125610353e+00 -7.444016699089672784e-01
9.052279600280563443e+00 4.745685550298540001e+00 -7.429590383628308370e-01
5.006003745853081277e+00 7.320303399450900805e+00 4.421094683674153814e-02
2.139838129561239199e+00 8.985736709324623206e+00 -4.661639079602923896e-01
1.340603424800277166e+00 2.708769417498336107e+00 -2.164703964158012361e-01
5.972316550918690403e+00 5.477286440616666141e+00 -2.084254897064066192e-01
1.924192548560599014e-01 9.533458122393797751e+00 -1.000528182396997590e+00
9.602397951513269803e+00 3.315218379501446044e+00 -9.969785868422815778e-01
7.535528442193748511e+00 1.184192912157315591e+00 -8.926831913683159758e-01
7.363747223468913639e+00 5.068281377112204389e+00 -4.438650432092678955e-01
1.720505567907279820e+00 6.235890470712553979e-01 -8.622825917991239209e-01
7.112628371154444018e+00 8.522066113370632578e+00 5.095527454821768831e-02
2.545231244556744876e+00 3.826863728790945718e+00 3.415436597925980422e-02
9.250935130496477754e+00 4.626987068846226236e+00 -7.946066395267571414e-01
8.448109819585020830e+00 1.023156138160643547e+00 -9.460059124513082729e-01
1.578045217552414003e+00 8.289500988122112446e+00 -5.110610309084027136e-01
8.231276899969069305e+00 6.189570323122040030e+00 -4.513986027814029800e-01
5.741795264683426048e+00 3.300453988632630509e+00 -5.357053632239245911e-01
5.094193271615212737e+00 4.555091212176314741e+00 -2.753460926318123114e-01
8.990495440310148467e+00 3.061305450484952395e+00 -8.629745913464320628e-01
8.460329045188808905e+00 6.544504777460971034e+00 -4.621404640997340829e-01
6.835569737872970730e-01 4.590463952577594209e-01 -8.978110943796675514e-01
2.916557547632955938e+00 3.438679735827192108e+00 -1.020338595303829088e-01
8.106791832571676792e+00 8.687840189368987609e+00 3.879574338497909780e-02
1.424061328721934805e+00 2.289690785831798081e+00 -3.046994587491576034e-01
5.932890283339208537e+00 7.960528108384973933e+00 4.708896162891029746e-02
5.500018178354108223e+00 4.935121678401150014e+00 -2.560172229962143220e-01
1.542545683612179142e+00 4.625291112645071756e+00 -1.393948826865889501e-01
8.516358256017351636e+00 5.244406759000853846e+00 -5.998634381340712807e-01
1.518285264965451242e+00 8.907685437185710597e+00 -7.599157732950538868e-01
9.658653708943271354e+00 4.176548504720596355e+00 -9.085135182428716316e-01
2.865716789257971353e+00 1.292887767247786979e+00 -7.875271243640746821e-01
2.796594218844107083e+00 7.960312885685009165e-01 -9.006320870219073349e-01
1.256385540971936221e+00 6.245809831911719456e+00 -4.320262728225614524e-01
8.810419630068537344e+00 6.901409369983996456e+00 -5.357084413941759493e-01
2.593296290562923545e+00 2.442420752853710297e+00 -4.146603933611894277e-01
1.853656591629659456e+00 2.167197858332288729e-01 -9.385788557585534875e-01
5.247813993563990920e+00 8.132913892305440484e+00 4.907718410779304818e-02
3.476593085483652423e+00 6.383403217939296326e+00 4.053781182935756178e-02
5.072822585734028777e+00 1.206092531176945412e-02 -9.902439374695349850e-01
2.140114381612021610e+00 6.635267805265275542e-02 -9.672238690205905431e-01
5.175474295857675600e+00 3.261946253276489793e-01 -9.877663315637255081e-01
8.338715198400842965e+00 6.172961579425680689e+00 -4.782756216405753547e-01
3.955990860012298160e+00 8.979320009195415508e+00 -1.948113337075274565e-02
1.797042275906442610e+00 9.701019409811916461e+00 -9.866990378722482191e-01
5.267156704613557672e+00 5.269872187397821151e+00 -1.239408274622966211e-01
6.216284139750235305e+00 6.960728670916472183e+00 3.261351946294688275e-02
8.688787174112531986e+00 1.009272464316122164e+00 -9.634874326568662051e-01
6.561373334852509842e+00 9.517655391814686894e+00 3.473364057284378248e-03
3.148975580534754570e+00 2.027010221050778327e+00 -6.160920874460522612e-01
3.181647308257856022e+00 4.559583524818267009e+00 4.001627304907007243e-02
2.038267627359949152e+00 7.701512735378397423e+00 -7.244600701534098519e-02
6.924894059603714958e+00 6.779262762314175461e+00 -1.085361534059141597e-01
6.732826046652307106e+00 7.705489597910439414e+00 4.718201810750488612e-02
2.616185672357300263e+00 6.409443688352941315e+00 2.578573194726141438e-02
2.524349865517833802e+00 9.535604337644278061e+00 -6.897416879815848612e-01
6.357153603278224985e+00 8.289664912891813842e+00 4.768512724340223663e-02
1.028916385638509068e+00 9.242015669618000473e+00 -9.925721768204458506e-01
2.194824484561007427e+00 2.030481065136351404e+00 -5.233051835034201460e-01
9.675608703237500663e+00 3.340909710085406381e+00 -1.004011844126191599e+00
6.008428556100930962e+00 4.752253248288214493e+00 -3.457498806053100893e-01
7.405089837366840566e-01 2.348056711683654818e-02 -9.783989770987240320e-01
1.829916676424759858e+00 1.275450195927608776e+00 -7.037277243734845200e-01
4.904211846955654153e+00 2.593363908025912767e+00 -6.104225357168906463e-01
3.425868663483489396e+00 2.798779791591046617e+00 -4.180083438345816305e-01
2.850420423038355078e-01 2.051200352562464690e+00 -7.267000781378176733e-01
3.698078177282912993e+00 7.820990467688382353e+00 4.281747786925249599e-02
5.501517219212326282e-01 5.647955741256254214e+00 -8.486407579741257479e-01
8.219084427490997768e+00 9.391471157930696423e-01 -9.433388791955952257e-01
5.618923026322226733e-01 5.574069772690150693e+00 -8.414937077082784711e-01
9.393900525200040263e+00 8.404247090071059745e+00 -6.271044925342950105e-01
1.826641106871156994e+00 4.756696440876979182e+00 -2.815919044965831119e-02
6.038884130036327846e+00 8.119661430699603999e-01 -9.743777947822140906e-01
8.548288049830317092e+00 2.405531073341754755e+00 -7.691108093071278295e-01
2.660653249695658751e+00 9.463165407200872181e+00 -6.002728206627623297e-01
5.459888208398688825e+00 1.036318224772739160e+00 -8.978526702092428646e-01
2.799582438237620430e+00 5.067631652742829118e+00 4.060592953485997469e-02
2.736679060964082755e+00 5.662686701597792194e+00 3.858316108624748608e-02
2.195673326972482187e+00 2.926470027183061262e+00 -1.336662736578744237e-01
5.114512801387035346e+00 5.360574581628850588e+00 -6.203370141566200147e-02
3.906281422887236676e+00 8.816573455569981732e+00 1.943958430138170712e-02
8.392726400186054647e+00 7.117235290617485610e+00 -3.699362432046083837e-01
6.054008740663591404e+00 4.906837559008212502e+00 -3.273562890230026223e-01
7.467667726713104415e+00 2.537338741021240018e+00 -7.493302824468521806e-01
7.576071510318488578e+00 9.397634978775046832e+00 5.362137004640910032e-02
5.781489232526189070e+00 2.035418934523045564e+00 -7.438737332434007810e-01
5.214352084681021182e+00 8.466150967191442334e+00 4.977317847238582615e-02
8.270403149667286513e+00 4.323678708893091915e+00 -6.352218037070367362e-01
1.470814674758460505e+00 5.250128727563978082e+00 -2.157929792239841049e-01
7.215597833681642648e+00 8.351213328321881235e+00 5.257118173700359165e-02
2.678314949582969451e+00 8.797985881556735777e+00 -7.135406447834236054e-02
3.282296036490652380e+00 2.360590398290070446e+00 -5.301613895181902514e-01
7.476306034474466067e+00 5.402510122880592291e+00 -4.191062548526653941e-01
3.147526570675585500e+00 4.827496397956307916e+00 4.439777317973359061e-02
7.874147237519202314e+00 5.562275635331435986e+00 -4.569126773642158135e-01
4.602561239348205824e+00 8.720027794397999799e-01 -8.987419209111908724e-01
6.074429314221059251e+00 2.342556333508381883e+00 -7.012590428580948165e-01
2.381753339577208362e+00 1.691837827417443485e+00 -6.482595824367209936e-01
6.156644454074133854e+00 2.811105656065864267e+00 -6.366029888890165633e-01
1.846852754756108217e+00 8.865022106952863412e-01 -8.109110492684974414e-01
1.616899350609815933e+00 1.735941798285307369e+00 -5.292640553891452271e-01
3.986759663623993255e+00 6.977032761207886402e+00 3.971095381821498904e-02
1.244161750263129029e+00 1.963253131892490400e+00 -3.958761291021795081e-01
8.262276911129378121e+00 2.738753859585804751e+00 -7.563974072123754722e-01
8.037478044624388751e-01 1.984282451890528209e+00 -4.624986713702097241e-01
3.877460882116129604e+00 5.270099795715999846e+00 3.910791589899931253e-02
3.458500257997960237e+00 2.275851370626805537e+00 -5.709408646008653498e-01
8.921190618490230761e+00 3.098385135295261161e+00 -8.460400545565724961e-01
9.440456983193215024e+00 3.511093855438423450e+00 -9.507580702153157759e-01
6.851110486903560393e+00 8.205708268802306193e+00 5.183660528547284763e-02
4.007228345107869849e+00 7.972949254985841172e+00 4.213461172009491662e-02
3.375301972875740519e-01 6.709022697164910731e+00 -9.435071364633031976e-01
3.993786453357366373e+00 6.956724869437498349e+00 3.967024550647257897e-02
2.635246584657252367e+00 8.715455070803443505e+00 -2.841655603954817977e-02
8.240869191189823084e+00 4.269315676824334105e+00 -6.349264384259017957e-01
3.067693673834804846e-01 1.775954052480443579e+00 -6.973103718299564768e-01
6.915168329005827452e+00 5.026995932942171841e+00 -4.010929602891575296e-01
4.996302793879659809e+00 6.963853808870402062e+00 4.281337816721153544e-02
5.581488501263059732e+00 9.218229733889570454e+00 5.262792676121619273e-02
5.673027437315977251e-01 5.983975278987572199e-01 -8.541196878544194959e-01
7.904749533960937491e+00 4.528450606405582946e+00 -5.664221946482428383e-01
6.192516266453620410e+00 3.395124263430645550e-01 -1.005493449105894888e+00
6.859115214579256659e+00 7.916799515394837172e+00 4.960975338176121241e-02
6.475558003213158109e+00 8.098351661604622720e+00 4.790617548454045860e-02
9.615505220396267649e-01 8.020469986998483236e+00 -8.350172370252635368e-01
8.600317068580546120e+00 5.718537140304068345e+00 -5.902697967320641448e-01
1.217232674273207360e+00 7.276843033968443564e+00 -4.730752902029711215e-01
1.114126056941930759e-01 5.753334806882870467e-01 -8.767222913366801151e-01
4.955118966464294061e+00 3.903735487209737176e+00 -3.832301309618331153e-01
1.216845565813271524e+00 5.302220648523170432e+00 -3.797699217598147214e-01
8.388882132962008242e+00 5.375229578691742560e+00 -5.661505646140950754e-01
4.278811652459911130e+00 5.682070374335409513e-01 -9.310910680214883328e-01
9.211738919004744730e+00 5.437520968613116068e+00 -7.571517511157223046e-01
7.334247276738361521e+00 5.578026753439617735e+00 -3.808958651285285768e-01
1.524195042798345501e+00 4.900028682146397863e+00 -1.643316464257527088e-01
2.188515967579307109e+00 5.018271188305059027e+00 2.457323684943268916e-02
2.735204909950720964e+00 4.573715252078194737e+00 4.327911635162040582e-02
7.391066598152947975e+00 4.253152498270904580e+00 -5.383197435625062255e-01
4.626036974927904666e+00 3.453016548826199017e+00 -4.267312198980852678e-01
2.548970641991209263e+00 7.562249409846412362e+00 2.383810231502714316e-02
2.542226718687701670e+00 8.394325387274705008e+00 2.804055115788806063e-02
7.983472976081763761e+00 4.714686249927307671e+00 -5.590636375946628212e-01
5.102759678300130552e+00 6.633946439587056432e+00 4.141535329620005257e-02
8.441836728504236831e+00 3.960486664586163830e+00 -6.860178915336683225e-01
7.437775953078030078e+00 2.129781791177790762e+00 -7.940417994141426572e-01
5.027225237310941175e+00 3.875945778360886163e+00 -3.949694196103124000e-01
6.926224239545923034e+00 4.778709155173495482e+00 -4.308529503972033936e-01
8.262596296177625588e-01 6.203756537044791131e+00 -6.577989275945936853e-01
1.142466527862986414e+00 6.528007048215074271e+00 -4.728193351485927565e-01
5.890791109276545257e+00 3.876685766683169443e-01 -1.004590130412479576e+00
6.055445963032518364e+00 5.234068067872327035e+00 -2.720979364570457193e-01
3.974710311991795919e+00 4.750419128992182216e+00 2.481931702865791678e-02
1.726545329301374609e+00 9.178359304170889743e+00 -8.002843071959468979e-01
4.009386930723799480e+00 4.708214877627072248e+00 1.162083060909147036e-02
3.059610110940923278e+00 4.036410382289474796e+00 2.468979875359922360e-02
6.956156083055902606e+00 3.593199342453670564e+00 -5.777265087308994795e-01
2.402948881741932829e-01 8.528815826684953194e+00 -1.013042742816531838e+00
1.899534527058503341e+00 8.133397681382747990e+00 -2.452610299496225110e-01
2.269758370431294026e+00 8.923879423959553137e+00 -3.507933528790931899e-01
3.767810300275815649e+00 7.809216060566987139e+00 4.270609743420106241e-02
7.083586033125579995e+00 1.064849123456423075e-01 -1.000061540651549397e+00
5.502025050339782730e+00 9.824247014027696068e+00 -6.934259785060761239e-01
8.350010266724513741e+00 9.491519561594623511e+00 7.197123997702925546e-02
6.775814349716463347e+00 2.051405567666571450e+00 -7.870094992380823884e-01
7.062602186475235300e+00 9.400010021068597510e+00 4.320534246943419365e-02
7.797805986046750792e-01 7.283882315645971772e+00 -7.354367041004170602e-01
9.747943326257916041e+00 2.110091349233357561e-01 -9.690746985989933115e-01
4.524781975748131124e-01 5.641869129499715640e+00 -8.852411586112394204e-01
7.169206372119610648e+00 2.187326558102186347e+00 -7.851890683826685535e-01
9.781409075606525283e-01 2.254982330184754691e+00 -3.851189156718057838e-01
3.166871637667191930e+00 3.588347720701807742e+00 -1.085828950174416718e-01
8.723910900574949778e+00 1.985942009601340041e+00 -8.353497397458766738e-01
4.997660178256388974e+00 8.480896233786644700e+00 4.128735952571216394e-02
5.830351679283917399e+00 5.607529891197245986e-01 -9.929328282987338605e-01
3.136709667432397541e+00 6.127746141691614135e+00 3.838537737353764356e-02
7.694588649393557800e-01 7.214304894545825242e+00 -7.342522086308895801e-01
3.589904312602949954e+00 1.984361267701313825e+00 -6.510254525438945450e-01
8.398877205963357628e-01 3.634015654310202237e+00 -5.066329684172288239e-01
5.135833622503994889e+00 3.113700315986270839e-01 -9.863589008819073634e-01
7.271912944675084089e-01 5.352905471372571888e+00 -7.283366489170619573e-01
5.788512423055946599e+00 5.436078896461738807e+00 -1.871872155071476751e-01
5.135950068404517843e+00 6.492920599622774347e+00 3.984353273949636787e-02
8.432892833605132310e+00 6.368239852297437942e+00 -4.768972210579868198e-01
4.513312699320665367e+00 6.420795375802298643e+00 3.874975791319323903e-02
6.475149967933132800e+00 1.444487163912261174e+00 -8.817709224329963735e-01
8.140932230413033821e+00 2.925422143498775718e+00 -7.401133169611202600e-01
5.284353681522826029e+00 7.805965879259056273e+00 4.752617478427367814e-02
5.694822239350263438e+00 4.572271875768511684e+00 -3.439482915051654821e-01
2.681418427943047966e+00 7.936626296136557457e+00 3.587799939095015489e-02
8.439478625051366478e+00 3.029366628724468935e+00 -7.629333018259120136e-01
7.412803250178022552e+00 1.857459779511211106e+00 -8.234215699219978868e-01
8.504730230472208774e+00 1.866394990627348927e+00 -8.330719624407518786e-01
9.347238898822260111e+00 2.908695132655834126e+00 -9.598295644058855158e-01
4.886694911755337323e+00 3.707542377574219561e+00 -4.078419137099493774e-01
1.618481365239620384e+00 2.726697224847629553e+00 -1.611715669215549873e-01
6.428678316248622515e+00 7.243718684003507491e+00 4.225619800572899543e-02
8.290429830795323696e+00 2.542575249903587409e+00 -7.615406800034104640e-01
8.991246961291915696e+00 3.765922974827796921e+00 -7.997717326040006958e-01
5.928585795788956503e+00 6.585635302886317932e-01 -9.857908142865707823e-01
4.906150584591047803e+00 5.252803782908149977e+00 -4.177602183559381288e-02
7.142993863630437090e+00 1.283920584293452238e+00 -8.863194989076157437e-01
2.182663368378597202e+00 3.361714884164689998e+00 1.060304331314076975e-02
4.437146184003002425e+00 8.281954359210276451e+00 3.824714502464621191e-02
8.171500908796454077e-01 6.563718475287754650e+00 -6.139900867825325292e-01
3.335153276677025325e-01 5.765760829158272038e+00 -9.315155940371493415e-01
4.371560052832995424e+00 9.579994555732792350e+00 -5.886678460405223579e-01
9.326832981067717299e+00 9.223805529054903474e+00 -3.768125446689050140e-01
2.852322945717358227e+00 9.810452281076219805e+00 -7.950270641289202134e-01
8.105716669954696751e-01 5.630731952641058413e+00 -7.412365593500682692e-01
4.656571413971885676e+00 5.836392692896127388e-01 -9.392794155655973531e-01
5.141807749100526514e+00 9.417036717941623891e+00 -2.295170085264870430e-01
9.399184286503233565e+00 4.883398216874812015e+00 -8.124841832186714408e-01
5.054288803044816092e+00 1.757873028180964248e+00 -7.814213791051551894e-01
4.067651605049475705e-02 8.326052970380498408e+00 -1.021617329534990404e+00
7.220896689234731269e+00 1.971073675317903673e-01 -9.982596859328296546e-01
5.443187582761756182e+00 1.128387507823496616e+00 -8.821911306755960691e-01
4.172940833725305332e+00 6.549921318315887753e+00 3.839677197337021397e-02
1.644728654273379442e+00 7.938369329941068919e+00 -3.613431222394103415e-01
3.732339731755700551e+00 3.726373355469544624e+00 -2.002149618441526613e-01
3.430401414592708087e-01 6.467818907183739974e+00 -9.269785837017359142e-01
7.155713677785743521e+00 4.792637709051113859e+00 -4.521500941379494876e-01
6.657343866907931229e+00 4.885634523396189977e+00 -3.921463508828071376e-01
7.077715011463071804e+00 7.571960150193886463e+00 1.465110386951629096e-02
1.294405102656808748e-01 9.833235443564520395e+00 -1.000758057099259579e+00
5.816917486660835301e+00 3.482587900684776194e+00 -5.149443926018479889e-01
1.397737408716101859e+00 8.286974695363554133e+00 -6.333057414755733916e-01
8.455567193748890986e+00 8.994145675394630501e+00 3.892345049461798379e-02
3.985143323179205499e+00 5.103401864725212907e-03 -9.786215824178137179e-01
1.684746178469181510e+00 4.730915062640518975e+00 -8.120996278910919131e-02
4.645341655887173182e+00 7.978032978156957000e+00 3.947323904889277202e-02
1.528703865577319965e+00 7.206779470336027948e+00 -2.882422477789332582e-01
6.975596939779387995e+00 8.301173973566335462e+00 5.208109538047245302e-02
2.204989408022967723e+00 6.593190479704736262e+00 5.931840922799302973e-03
6.892289686254735592e+00 8.912181478451257632e+00 5.249013358016008102e-02
1.672255074291420618e+00 5.815697730360278150e+00 -1.595730655436122802e-01
8.425371465195051757e-01 1.280699061508813408e+00 -6.587852487278313962e-01
7.299898279914572186e+00 6.363622473186243411e+00 -2.604626746608245114e-01
6.040281531616490618e+00 7.920722146834198618e+00 4.564223241089870875e-02
4.409935078417064780e+00 2.874281672383123709e+00 -5.253830666853922526e-01
1.002900757084028843e-01 8.202841783288905120e+00 -1.018892327729159941e+00
3.515364158692932506e+00 2.191026920894044050e+00 -5.973562114492771968e-01
4.210273526267057420e+00 3.124810411339940419e+00 -4.576712161536296009e-01
3.638439328475606249e+00 1.323136503477509107e+00 -8.011724678526634946e-01
1.179802876454656424e+00 3.276067072180899764e+00 -2.440420554961302280e-01
6.250645557620078563e+00 7.407390895193502800e+00 4.681049154013328106e-02
2.839707871919643356e+00 2.173449191727661489e+00 -5.563912437760136775e-01
4.954116443196561193e+00 8.637752875317694645e+00 3.460017945740201384e-02
2.297298645764904279e+00 9.801967017443695696e+00 -9.047578245757472715e-01
1.844402964748157459e+00 8.140544608247241243e+00 -2.834903432557558389e-01
9.137941200606769954e+00 6.929644363946145802e+00 -6.723063680255129126e-01
8.195659087154187894e-01 6.431056996300616113e+00 -6.367310160955543807e-01
3.797983914183281851e+00 9.247221813606987251e-01 -8.743592020157520128e-01
9.561321770772494233e+00 1.721095095629445293e+00 -1.001121848677502868e+00
8.203950069315650850e+00 6.262498441827076157e+00 -4.360264648719429648e-01
2.543498235642284833e+00 1.048706065443065993e+00 -8.324428545407718261e-01
2.996356364433041097e+00 5.357788108969394614e+00 4.077775085936297117e-02
1.976249779551924046e+00 9.785202453330828831e+00 -9.850245003202637850e-01
4.623821490719601801e-01 4.597885593656331871e+00 -8.109273396021929869e-01
7.629716333645756521e+00 8.863091430491637723e+00 5.773715129627154941e-02
6.480421620141619599e+00 5.000421997175231503e+00 -3.595851912840926090e-01
6.431459273788252773e+00 6.672010804586404831e+00 -3.587512476215293233e-02
4.590789184707893433e+00 4.284110195523242126e+00 -2.555745654158267932e-01
3.485617283139442968e+00 3.929568033128969518e+00 -7.445244903778602819e-02
1.603832705119784485e+00 2.700259043104455969e-01 -9.212964223557635890e-01
6.104076339518179850e+00 2.990601420899772211e+00 -6.063191945559653906e-01
3.759070254769234509e+00 7.168433030750970048e+00 4.052634578542102517e-02
1.660948528908248178e+00 6.035619154862792435e+00 -1.759639245060435897e-01
7.047383528392361818e+00 6.370842859843363293e+00 -2.168382290863815065e-01
6.163881552536051522e+00 7.744575073664107911e+00 4.463073130465033955e-02
1.614135150078811698e+00 8.116091176715496402e+00 -4.359699386028799140e-01
8.350110449100194288e+00 8.074909916822770484e+00 -1.565852704821190655e-01
8.174305094960080398e-01 9.818808621514847346e+00 -1.028006637048176852e+00
6.256477115572699255e+00 9.894118289970345259e+00 -4.077377660414530647e-01
1.366004577349846150e+00 4.781994748699157860e+00 -2.383865762476293781e-01
3.373932109144059499e+00 2.254718820832839921e+00 -5.686955740956798344e-01
9.190872642614287713e+00 1.570474392410364350e+00 -9.583391613850174018e-01
5.626545929863736362e+00 2.841696345519027431e-02 -1.005122143596407058e+00
1.720504429908283062e-01 7.730199551458073692e+00 -9.988066252666496503e-01
5.036430286482884711e+00 9.884275344621110682e-01 -8.989571077591437254e-01
1.086208514447737139e+00 2.670519516608473309e-01 -9.233152856003232767e-01
4.531436111047499438e+00 8.290869932715432711e+00 3.736350519163256223e-02
9.847230684091984543e+00 2.768939745335212699e-01 -9.683446971014568749e-01
6.759181072533251289e+00 1.427273630671750670e-01 -1.001725911658863710e+00
3.449640530520077686e+00 3.603221194054305077e+00 -1.701636718715318075e-01
5.847668487654779312e+00 2.807118916918795559e+00 -6.179782193059755180e-01
4.813135405243027520e+00 2.075280055979242366e+00 -7.058448579870078010e-01
1.706897178511002755e+00 8.589958936080591689e-01 -8.050501071270408371e-01
2.268751697915937449e+00 3.627383447559196394e+00 3.727183997354677203e-02
1.174447588575862733e+00 4.230496633056495814e-01 -8.894862914957399891e-01
9.176262588133084819e+00 6.684923472542858569e+00 -7.009495365577814718e-01
4.987566185881259884e+00 3.879615422269901082e+00 -3.904208119079823902e-01
6.894903529014809962e+00 4.218652249333681326e+00 -4.972927185836870656e-01
6.362058089974231834e+00 7.229404284347469734e+00 4.293396895362477927e-02
5.535926787641685110e+00 8.438796246861267392e+00 5.227735698377933282e-02
3.831258842301032086e+00 9.594188907006312661e+00 -6.970274103828609791e-01
4.296628670058171728e+00 5.772018889783967488e+00 3.630047331500163565e-02
9.007191991802729447e+00 6.506981065166448808e+00 -6.031497716389188080e-01
2.764506764709115938e+00 1.427562752762331799e+00 -7.497798940897060227e-01
8.527657684303710184e+00 8.693968294818947840e-01 -9.672557201858705822e-01
9.036938109647623563e+00 4.737398236428755460e+00 -7.404309498553196534e-01
9.265559136113505900e+00 8.096425158547660983e-01 -1.000157164989075476e+00
4.622068680234475480e+00 7.712262185444406448e+00 3.935048461223455973e-02
5.614442579743132988e+00 9.808565917124244748e+00 -7.011536176085555461e-01
7.032388554213983234e+00 9.660535187129420720e+00 -8.960498058640312125e-02
7.534418031579214414e+00 5.755719234518045901e+00 -3.848211682196001071e-01
2.216844182413374220e+00 6.941512035364244326e+00 9.161146656956109524e-03
1.108271882998858038e+00 4.472863320041595259e+00 -3.789136883415835655e-01
9.857433600304378984e+00 1.601848348506925257e+00 -1.007223029560723848e+00
7.366715324955788624e+00 7.575257220733830010e+00 -3.061984681766638516e-02
8.197489655944442788e+00 1.290448632367542592e+00 -8.965484490242946469e-01
2.733030149739090309e+00 3.362018802102925141e-01 -1.002042801223551161e+00
1.178464982858594912e+00 1.442581480442715502e+00 -5.925664792725311436e-01
3.651752902291300007e+00 3.504142562526815219e+00 -2.550316534957963732e-01
2.063453958145111122e-01 9.472783402813007569e+00 -9.999849837813028497e-01
7.645303199111562975e+00 5.184604513130466330e+00 -4.642199749973459078e-01
2.783602130821057230e+00 6.436718619888973869e+00 3.476494751649239490e-02
2.281109336662381804e+00 7.512416758571238695e+00 5.689024754456539767e-03
2.043860024427377908e+00 3.135731883357097960e+00 -2.993041219199366054e-02
3.488072290292547617e+00 1.173315159948645103e+00 -8.370373463287670290e-01
9.770441141983750910e+00 2.434891424782299474e+00 -9.944854000869057797e-01
7.433004799247145300e+00 4.425243937303068087e+00 -5.223608213653738730e-01
2.788943016464721758e+00 9.378051495158212347e+00 -5.024836040680054072e-01
1.897921100184144283e+00 7.751635183466335732e+00 -1.522749891454906468e-01
4.950224492753782179e+00 4.148575300387139286e+00 -3.431820695048202197e-01
8.763256910024502133e+00 5.503515024087715979e+00 -6.409404309572324099e-01
4.301034160390220684e+00 8.104394481085504864e+00 4.010149806663587668e-02
8.555393249261676658e+00 1.386110479807477924e+00 -9.080395818940697472e-01
3.841208430167633026e-01 4.879637750713921029e-01 -8.990825143846623568e-01
7.025080102528771242e+00 1.120568599999526363e-02 -1.000363869973760256e+00
5.015274959442947988e+00 4.926007714092528467e+00 -1.535170122626676736e-01
4.918482955917268917e+00 4.522173819538862105e+00 -2.557306264401653095e-01
4.420990066881300251e+00 9.043192758459412062e+00 3.869946331082951829e-03
5.233356961969328758e+00 8.249202101622914896e+00 4.955559108188678508e-02
1.412747742388721806e+00 6.503170721201699145e+00 -3.200265442287504314e-01
5.070789479506164987e+00 8.432181358628611179e+00 4.506056282925863243e-02
7.075736411093132006e+00 3.548377657896770732e+00 -5.884704959059605667e-01
8.844121466308800805e+00 5.433979971061529746e+00 -6.612427285348445594e-01
8.518032660867712380e+00 6.927130942496862787e+00 -4.331848454492860934e-01
4.080113736445213912e-01 4.195701892905930208e+00 -8.421524653356557977e-01
7.797259800172343880e+00 2.392983460204886281e+00 -7.660896756723796219e-01
1.692562556104353577e+00 4.924461814147376160e+00 -9.048983310926139723e-02
6.599697611225370686e+00 2.566339706217883876e+00 -6.967435755119333329e-01
7.522552956978383054e-02 5.045760824736903238e+00 -1.026466455745030260e+00
5.576410446995581971e+00 4.125838384199816744e+00 -4.044744895052321265e-01
5.954671816048662247e-01 2.195634156533416981e+00 -5.773512509298686091e-01
4.604480506422234498e+00 2.737525786578758336e+00 -5.656378906693992903e-01
9.083419060234261266e+00 2.688584583521551163e+00 -8.791487523020635741e-01
3.937425296733822133e+00 7.565938355121064163e+00 4.126957846969725452e-02
3.602875236191255826e-01 8.327192794190933611e+00 -1.004682667020918796e+00
3.840049696881277175e+00 1.909140860315822863e+00 -6.796385354257132860e-01
9.198280085751168400e+00 3.452203494218688995e+00 -8.927991024816578358e-01
3.262898547951578632e+00 4.643751473393784579e+00 4.226917095578297534e-02
4.874869733652686499e+00 4.359674017275132485e+00 -2.945165664698072838e-01
5.308014733703227073e+00 5.523291756213594361e+00 -6.840072242386074919e-02
1.864893090995113578e+00 6.720342470441979188e+00 -9.168782921788576346e-02
3.257201780139846736e+00 3.005141320753379031e+00 -3.191264724950730880e-01
7.627393468963668433e+00 8.588839797508744933e-01 -9.398188469408770285e-01
5.983517874508743617e+00 8.338317630990045970e+00 4.986755894226457819e-02
5.302797714453310718e+00 5.752083875683715597e+00 -1.492588484412227245e-02
9.265790983803697145e+00 1.551968134200452543e+00 -9.691046730410789456e-01
5.402133882297630585e+00 8.621250787128170501e+00 5.039954610877805941e-02
8.667345664763061563e+00 6.039984377307874297e+00 -5.786402060834754391e-01
7.547150447870693668e+00 2.503447846084315032e+00 -7.562202017281011157e-01
6.235235525990591832e+00 6.978081460007303782e+00 3.236834849368186440e-02
8.978113154598833745e+00 4.845357291444170045e+00 -7.191329643325690135e-01
8.324794409719931565e+00 3.330687974918106420e+00 -7.230038062669005283e-01
1.023891060164087152e+00 5.322369953158180955e+00 -5.203000137389333091e-01
3.539478165227507134e+00 6.130885011210396307e+00 4.042910192481619092e-02
7.456162925598964542e+00 8.090997996183659779e+00 3.706832849538876928e-02
4.831337505724769166e+00 9.515444951261651241e+00 -4.026793242710717813e-01
2.147540077686813653e+00 5.268309979132820509e+00 1.706497084339275716e-02
2.877762256120912632e+00 8.843057407993212493e+00 -7.931716006350542081e-02
4.222962350811550358e+00 1.920413336535560234e+00 -7.013422652947851610e-01
1.580291459101656582e+00 6.918599799389324900e+00 -2.439286401201821164e-01
3.083099154298459155e+00 2.859198857994051934e+00 -3.330653422222429327e-01
8.671162087481641967e-01 8.647798132572853902e+00 -9.544009465446328111e-01
2.753372914107459657e+00 7.647331715243455008e-01 -9.089788228816810811e-01
4.297507460071163798e+00 6.970575469704598959e+00 3.944985217473506722e-02
4.405680053827594755e-01 5.000163131330238819e+00 -8.563295758063791396e-01
6.024701035397864501e+00 3.435978945179771760e+00 -5.368459737962614220e-01
6.292876930085200549e+00 9.836331784218486973e+00 -3.555951959397432027e-01
7.170707210644434504e+00 5.193212985731739950e-01 -9.846494713447231373e-01
8.716060434456577966e+00 1.817720631776780893e+00 -8.624784568986172406e-01
4.397390581010391486e+00 2.894187981112082753e+00 -5.204000843581830793e-01
8.444970230125562471e-01 9.363195655004595608e+00 -1.012699463549296963e+00
3.902644233908548199e-01 3.763066409794186828e+00 -8.362828655611709294e-01
1.731546928265989216e+00 4.361852511418211620e+00 -4.048434844091453044e-02
5.562786721966736181e+00 6.900643220453027915e+00 4.456779243229336274e-02
8.354455212676997533e+00 5.763170930248974422e+00 -5.279810067099711679e-01
4.422159320674346361e+00 7.419750772664250871e-01 -9.105201773776778751e-01
8.864355910657698345e+00 4.225103886359115712e+00 -7.474475869839130038e-01
7.544740651858381497e+00 1.707988436081009365e-01 -9.969079843537945740e-01
9.060126602232507764e+00 5.076794576155034378e+00 -7.174723257909464413e-01
7.004098404573557701e-01 9.422006442854222286e+00 -1.014985196002214263e+00
1.058026988462905799e-01 6.820098336321625432e+00 -1.036643933965523789e+00
5.525493526356393126e+00 3.195669338361035172e-01 -1.004949671580661619e+00
1.683974981685705474e+00 1.523775255710887899e+00 -6.097607234842268298e-01
3.885674306222413943e+00 1.359771077166184616e+00 -7.950783085887986879e-01
3.817662566629741683e+00 6.777534802247729973e-01 -9.206266244955318978e-01
9.104419408554059956e+00 9.990038351354998403e-01 -9.892560055310677392e-01
1.135886489725316917e+00 1.663909053928060100e+00 -5.140997240417561898e-01
9.710886352224429308e-01 3.837519034933782436e+00 -4.369999729832749757e-01
5.863424690693070040e+00 4.317728369308754033e+00 -3.981851832706164718e-01
4.331604354784873046e+00 8.868727264233800867e+00 2.605405365450885746e-02
9.724719500909179359e+00 8.623979669983189211e+00 -8.338111041157374448e-01
9.149057502735651326e+00 6.204224958552490676e+00 -7.201665715405995982e-01
1.379037487169978204e+00 3.003236048835074889e+00 -1.289662738514221196e-01
1.204134684020747026e-01 5.511073725891738384e+00 -9.874160893550909535e-01
9.439812224938801677e+00 4.010846748073285895e+00 -8.842178915510235937e-01
2.541620911167377650e-01 3.181148755190333355e-01 -9.571187978279109831e-01
9.442983819538884660e+00 7.025092340714574668e+00 -7.972469950097442748e-01
1.716162915770517161e+00 1.983996140072835423e+00 -4.564143786802317138e-01
3.407998497739015420e+00 9.476101945878806276e+00 -5.156943828561723064e-01
1.262836898748723069e+00 3.230428380011987066e+00 -1.919249989757281227e-01
3.083025133801835516e+00 3.589377158547080615e+00 -9.031649536015740054e-02
3.723786543537628724e+00 2.395718628966446495e+00 -5.690917741956780240e-01
3.034159807499051009e+00 7.528057976366125281e+00 3.696512644075644616e-02
4.539595683479325849e+00 7.385376306594331197e+00 4.098715646004924551e-02
2.081766234296647866e+00 8.912067737273089207e+00 -4.518717054459975291e-01
8.234904983420152647e+00 9.460849310121599132e+00 6.411837558047339680e-02
6.904166601619018406e-01 4.183254413208794986e+00 -6.533381087726621850e-01
1.271885655235625467e+00 6.506489281232817667e+00 -4.026166857101545205e-01
4.685219445459837928e+00 3.823177390205374504e+00 -3.653420724627829408e-01
7.034034294549522670e+00 3.756202981062945589e+00 -5.669227097372967483e-01
2.288428620473806685e+00 3.864128382173994680e+00 4.183396799398808596e-02
2.133890170640208694e+00 5.839967755652074821e+00 1.053772718218937143e-02
1.474427829189477457e+00 1.549796617356514195e-01 -9.342020937023565175e-01
4.455437598489971229e+00 8.877595930494722509e+00 3.170783031955837217e-02
6.670416881202600123e+00 4.782807150156645370e+00 -4.059970370537524520e-01
5.088681991695879425e+00 5.212764166348096140e+00 -9.398059567638838985e-02
9.570107416738574457e+00 6.249715892540502971e+00 -8.996114179010866740e-01
9.963973381386741490e-01 9.778975152357427092e+00 -1.031483145200552176e+00
8.768004844867334668e+00 6.514828148163214649e+00 -5.466739698852034479e-01
8.678696988037644111e-01 5.589355627897202972e+00 -7.118257569051937850e-01
2.728235560661443682e+00 2.509648127079080471e+00 -4.080052196011880739e-01
7.586219989606779457e+00 7.946718149232172124e+00 -2.653167437233872050e-03
5.878507043558625078e+00 9.308779653447523117e+00 2.820951292467333005e-02
8.662965958780816322e+00 5.376657036227192599e+00 -6.221786620236775533e-01
2.792847864726542895e+00 2.803543999943244103e+00 -2.973985006709503054e-01
8.253889675941474380e+00 5.795791856768108374e+00 -5.029557208608429475e-01
6.704304803826882875e+00 9.264940914320737519e+00 6.849269382040812371e-02
5.651117894792305307e+00 6.536475654268770974e+00 3.130922628973120680e-02
2.946663475887210948e-02 9.242397746702738504e-01 -8.096159148759713986e-01
8.881379479286040990e+00 3.762946116504872318e+00 -7.786487680713133352e-01
8.936783967216291202e+00 8.811080977682381743e-01 -9.913791492662745730e-01
7.686753861015547251e+00 1.407067754790340963e+00 -8.639464081382156602e-01
8.433709028499894345e+00 5.380526936108177338e+00 -5.746258236344342629e-01
4.154439250980472842e+00 3.598565132457037130e+00 -3.347876992989600176e-01
2.984105901530698546e+00 3.059366905020174943e-01 -1.002654088968412127e+00
7.372421536857699742e+00 6.570784841213673566e+00 -2.368433251526778083e-01
5.609274929599604498e+00 1.286539308428182204e+00 -8.633443867948047412e-01
3.498681355787581104e+00 7.846981821255583078e+00 4.246378417406360128e-02
2.552759600715420518e+00 1.484316144860189590e+00 -7.202064074363649926e-01
3.602818902729764350e+00 2.292615809978463481e+00 -5.806106091379947820e-01
6.830655371501624273e+00 1.565869391093533070e+00 -8.769065872409732565e-01
2.131310736409867346e+00 5.103439405139590157e+00 1.617757279349252286e-02
3.178811678322652212e-01 6.017246743612822968e+00 -9.702763089588808398e-01
8.563173389164967730e+00 9.155395763509412532e+00 5.233269762855585761e-02
2.037536951796079965e+00 1.151049513459557527e+00 -7.608936225322928681e-01
9.076045756344335302e+00 8.322294371170492200e-01 -9.995043419409015417e-01
5.613273201230601472e+00 2.876100307420610402e+00 -5.918463655294070591e-01
5.173032494610904308e+00 8.179784771294846379e+00 4.815073195390029426e-02
1.254114073773240801e+00 7.706313822889374165e+00 -5.405965077610570546e-01
6.222215785438987012e+00 6.406048366185599363e+00 -5.872038758001707492e-02
3.767189705346571937e-01 6.787642554465919353e+00 -9.257635727699318196e-01
8.221581986025242372e+00 9.011074139175379027e-01 -9.478404072699285754e-01
3.647670556508415096e+00 6.133118902085589852e+00 3.977596438658892453e-02
2.669625382835988159e+00 4.462873778661138879e-02 -9.964871521420103351e-01
9.090100842999051522e+00 8.574321412227067896e+00 -3.919869912341918949e-01
5.750922925271502173e+00 4.594172165414536657e+00 -3.454727184979387022e-01
6.661587837004043777e+00 6.265680224975041845e+00 -1.801113535108287422e-01
1.082893902418820664e+00 1.969911547112050687e-01 -9.352993315642716965e-01
2.891995232900705926e+00 8.934072948915977364e+00 -1.342261368834021251e-01
6.261822069161302906e+00 5.271945879652656153e+00 -2.943700665963306928e-01
8.739728472440072338e+00 8.449399685763220091e+00 -2.203498458057701059e-01
2.356106550827558710e+00 3.848046184602784692e+00 4.183589016003663730e-02
4.795120845862704151e+00 6.665855487707315952e+00 4.020589423000009432e-02
3.693365650905165332e+00 6.435653930351424634e+00 3.990429985879107022e-02
1.095782536440093491e+00 6.115561356222735251e-02 -9.521481193878991167e-01
4.762056426192931902e+00 4.099234872872371760e+00 -3.264466230358968879e-01
7.608459221275125195e+00 2.595667548759814092e-01 -9.926370801967949742e-01
7.806726424186784252e-02 2.595004206465016949e+00 -9.583412934639725655e-01
3.697918739432877189e-01 4.944344317901624208e+00 -8.991290337522501730e-01
6.548861503814968898e+00 7.746631871064130870e+00 4.844295293733758001e-02
5.098110366653047620e+00 3.804227565060056104e+00 -4.126963184431688969e-01
6.299786908730854229e+00 1.685887349424453951e+00 -8.166077785630350139e-01
2.420839189063734576e-01 4.851479440900600681e-01 -9.022382392502088511e-01
3.353218771983728530e+00 1.766494967521505588e+00 -6.919363093060066916e-01
7.155554317589716717e+00 8.950675797723604887e+00 5.518736615443753379e-02
5.332231465947368854e+00 2.705466164688769659e+00 -6.085927648400946133e-01
7.366485078367064787e+00 8.197119574321446223e+00 5.059285499553400900e-02
3.230251524052404344e-01 7.854778063059105087e+00 -9.736661025027109062e-01
7.727705541760642838e+00 6.404302837229725043e+00 -3.280980390404590885e-01
3.538609063668442634e+00 4.818966408301644577e+00 4.276079673397781278e-02
6.942628604529982317e-01 7.165526223543783324e+00 -7.736626887465285485e-01
4.945551942418106250e+00 6.553446988737855250e+00 4.019737511473664426e-02
3.660033660855821491e+00 1.905058448153728490e+00 -6.719133117419338053e-01
3.638650256489184276e+00 6.051150982473032514e+00 3.936447668157594393e-02
5.846142656818886785e+00 1.025652222178876416e+00 -9.225496432545906567e-01
3.419532399845890858e+00 1.827784439566151886e-01 -9.929544176952969092e-01
3.486053062695131377e+00 6.467894060770927211e+00 4.023467759961363299e-02
9.197742096684166313e+00 4.407906364817493206e+00 -8.000399598416564340e-01
8.825812077608985007e+00 6.892286001583103783e+00 -5.422822592232228178e-01
1.693729553415977973e+00 4.251712111949275119e+00 -5.237590610029307925e-02
5.040816141635673375e+00 2.733101506674510794e+00 -5.897915975907579433e-01
5.502213448998610978e+00 5.315864607978070921e+00 -1.675034871584273333e-01
2.284118325121100579e+00 6.000477568400483186e+00 2.538366286765025848e-02
5.726165074231721164e+00 3.512481865670153081e+00 -5.040565065299182912e-01
8.209395246021697901e+00 6.948334914077078039e+00 -3.462660355703516268e-01
2.963515939980532643e+00 3.768201411663952616e+00 -1.870934987085748347e-02
1.838488183364365369e+00 8.146432333999047870e+00 -2.891720802014345892e-01
4.584865204000624139e+00 7.057076446507078993e-01 -9.211533724717709815e-01
6.306695397369534994e+00 9.460410849174607506e+00 4.735617703801153766e-03
5.376432611852970389e+00 8.806101827038018470e+00 5.727569986186620277e-02
6.061746395678695443e+00 5.554895461556035308e-01 -9.981246624101063336e-01
9.564915841702733346e+00 8.811951390635401893e+00 -6.810014253839584697e-01
8.395416139542259515e+00 8.618944196822557302e+00 -2.845409995440456585e-02
9.735448943819896783e+00 6.044193231433490965e+00 -9.955243388156368445e-01
8.269479848772981256e+00 6.419049667166142115e+00 -4.315351958157483958e-01
8.544629509292107628e+00 6.941000733544793633e+00 -4.398503968641792050e-01
4.080449854389825992e-01 8.008911296517018386e-01 -7.862148218844555725e-01
4.521254411513029758e+00 3.586287885233443440e-01 -9.581427036984033752e-01
1.591554855351044573e+00 5.182899071671832836e+00 -1.499223598618071307e-01
5.549636455962606796e+00 8.578581530222184170e+00 5.257965489712224105e-02
4.065550212862884538e-01 4.182064440093167690e+00 -8.435551575482818087e-01
2.183165303704934335e+00 5.529990041331208417e+00 2.526373584267105343e-02
5.867144698474426434e+00 2.071761567654282210e+00 -7.373928137275523875e-01
3.848497887585424770e+00 4.654317851526148520e-01 -9.509634498220443932e-01
1.478858779055380879e+00 2.120034639961922984e-01 -9.268315027326399225e-01
5.929722462331443733e-01 8.167472478073364073e+00 -9.581010746333444850e-01
9.576413759660932001e+00 1.136538772067136938e+00 -9.977664771659343623e-01
1.041076553343445177e+00 1.308765701782698132e-01 -9.467856886639463010e-01
7.692479934138241049e-02 9.060995137067493488e+00 -1.003600302710454084e+00
8.176995534436272806e+00 5.970316848637359008e+00 -4.672494588611305621e-01
2.647155534988155257e+00 8.803979464281194822e+00 -8.153642926740101160e-02
9.837947751613823399e+00 9.067942432041267153e+00 -7.683418875476475396e-01
5.141571184792259608e+00 8.310054486617893588e+00 4.791380035175185625e-02
4.903147268127753478e+00 3.881436672514756658e+00 -3.812060357474806871e-01
5.761947586290151690e+00 5.367760185855423138e+00 -1.998393313623885170e-01
1.013905451052687701e+00 5.308827952142265438e+00 -5.236866691825765585e-01
7.265647554098767280e+00 7.068454713397693823e+00 -1.239724482825548257e-01
9.099494641214626256e+00 7.582404222374055536e+00 -5.613215062006473577e-01
4.657096321411328788e+00 5.868085047365348972e-01 -9.389177009768852056e-01
1.608942030025023673e+00 9.745821765662977754e+00 -1.007805072531654078e+00
9.375128587389655266e+00 3.159197259155024362e+00 -9.709387714372207379e-01
1.777204687030368824e+00 2.112755237837595335e+00 -4.138695624492401137e-01
8.012495209543271102e+00 2.201468356004967930e+00 -7.793402002323924771e-01
1.506909490263194318e+00 5.838708496636272338e-01 -8.590771109520658477e-01
8.900021302713854610e+00 6.423951409966015547e+00 -5.850200491292107952e-01
4.133463487531689573e+00 2.694598322237760524e+00 -5.420999799237784522e-01
8.988220361030352379e+00 7.193225610035208994e+00 -5.758842652441147347e-01
2.937237011176963453e+00 8.157802404099824045e+00 2.915276162438518170e-02
8.506988538829205027e+00 2.143965405058856355e-01 -1.000218397250956404e+00
8.852923021277003812e+00 6.597283239793749754e-01 -9.979076677125412465e-01
6.279126096409583191e+00 6.307236658335464874e+00 -9.144814339164986094e-02
7.979775522908876262e+00 8.923947511400539767e+00 5.353347620851536814e-02
2.871976044507980941e+00 4.979562177841073023e+00 4.137817104145069536e-02
9.162395411343343454e+00 6.503967016531007950e+00 -6.826552637823211089e-01
5.134419205220198457e+00 3.671816856276278962e+00 -4.359590558178765285e-01
5.475862396371297125e-01 4.429626593281321689e+00 -7.515671220989856849e-01
2.142359428264999810e+00 1.657649021212737717e+00 -6.315836879551368632e-01
3.594283907195828132e+00 7.721686414398519105e+00 4.227768664319908609e-02
3.414559853117720589e+00 5.184325781674318234e-01 -9.772532422246542616e-01
2.452577811577444589e+00 5.474498742527437400e+00 3.808507158368978907e-02
5.469654826902390354e+00 3.732257684263306508e-01 -1.002480820838475228e+00
9.778550642291358175e-01 5.704405874537315846e+00 -6.208832328262268163e-01
4.680513269746861660e+00 8.882603707367943358e+00 3.264839939484565079e-02
5.106944173620543204e+00 1.424564547764377798e+00 -8.433588010894276232e-01
4.667669572789336030e+00 2.449150361384391239e+00 -6.265523115562741108e-01
5.936622233613846333e+00 4.058982299719549047e+00 -4.410659587326906106e-01
8.522472802211229492e+00 4.070034600483721121e+00 -6.934151419108249836e-01
1.733446357303862317e+00 7.784321675550900821e+00 -2.598539008392739547e-01
2.305280314538023845e+00 3.103075772933921783e+00 -8.517598122300329422e-02
6.257242254783292879e+00 9.084161181027878840e+00 6.883968578582799758e-02
1.750409698115388490e+00 7.112070932349014996e-01 -8.447240167113496678e-01
6.974514716446441831e+00 9.167427759860217185e-01 -9.634040263742389421e-01
8.058425768695718361e+00 8.743350352667551562e+00 4.659279532378036992e-02
3.650063112902472984e+00 5.483896517897086653e+00 3.864322396627439815e-02
5.427779923665765338e+00 5.294895603584443000e-01 -9.868841918758730625e-01
2.888355331926804936e+00 4.525563893957083472e+00 4.411424758462745288e-02
7.268137167876655091e+00 8.504993287182950112e+00 5.285574296861184074e-02
4.524367951101179841e+00 6.641630090978010159e+00 3.905873326899689246e-02
7.437155718891310663e+00 6.571035572976406058e+00 -2.490797780819569152e-01
7.396569185969092963e+00 3.150437168735290783e+00 -6.539481823100724567e-01
2.932062121616335393e+00 1.389590786210811668e+00 -7.683543647027697432e-01
2.464548812762535901e-01 1.154561909894897376e+00 -7.534960217458359644e-01
8.124151065721422427e+00 3.686414594838584247e+00 -6.590528258144243701e-01
9.764860544230888451e+00 5.750940101914766345e+00 -1.008173901302662490e+00
9.629390641177220544e+00 8.381860262018346219e+00 -7.746608180989874581e-01
5.652827520428914454e+00 4.570829643244767482e+00 -3.403139072849288294e-01
7.562786169804935454e+00 1.340896359263773263e+00 -8.709346761486015387e-01
5.422505087462869078e+00 8.089117269792268416e+00 5.024425633984130890e-02
8.013674602513491507e+00 9.592939109434022171e+00 2.216070473642095529e-02
5.887142552918642302e+00 4.834936396179274176e+00 -3.209480532429704880e-01
6.468659407242769888e+00 5.345187569940021977e-01 -1.001644490800371878e+00
4.181095730287192502e+00 5.786292362084892282e+00 3.603554540654130278e-02
1.393256324128699708e+00 7.181008719431195786e+00 -3.616049815267881051e-01
7.248324352723061637e+00 3.936678789485660968e+00 -5.677837782077401751e-01
2.514421247312415453e+00 2.360824198419749553e+00 -4.364238568428913112e-01
9.120117143086526212e+00 8.354045720396884533e+00 -4.610989692848773691e-01
3.255525885929490215e+00 4.842036135508642758e+00 4.451888857040886549e-02
6.003653236262004533e+00 3.044305466185294851e+00 -5.916320701059261111e-01
6.968586068046885629e+00 3.681609734297217162e+00 -5.694616693336227442e-01
4.741383836098638227e+00 2.743203840672447491e+00 -5.723451833896262553e-01
7.679099814165508686e-01 4.794464611581258140e+00 -6.121579273228299201e-01
6.208635279687989339e+00 5.141559795458580773e+00 -3.082331479985396250e-01
7.400918918704122440e+00 8.931837081371226006e+00 5.386898939161932631e-02
5.734503496766830466e+00 9.547376901808831917e+00 -2.653279030564483776e-01
1.680191815666429722e+00 3.329487356311208401e+00 -1.847357145778349974e-02
6.059673812164906970e+00 8.326487063000379552e-01 -9.733143487876164679e-01
7.159408350804286059e+00 4.385818089055510960e+00 -4.984317339516197709e-01
6.134053757120568662e+00 3.750478828602913595e+00 -4.994056518827347801e-01
8.342041159119757410e+00 4.420369891923350281e+00 -6.387304699319322765e-01
2.629485904271903873e+00 5.692115372482033919e+00 3.819385921831131014e-02
6.464961431001738923e+00 1.460057328760677064e+00 -8.776729388833710566e-01
9.760699512959202240e-01 1.351096044166975041e-01 -9.499637075025137989e-01
2.866664889171033348e+00 9.047723587192207262e+00 -2.201023504855781354e-01
6.120330849210827928e+00 7.063080829504136737e+00 4.254688614775048450e-02
5.308964240975307725e+00 6.513335417677675210e+00 4.059951759263791260e-02
8.904274488847832458e+00 1.493246573525080390e+00 -9.295888081604481989e-01
4.088769895430249157e+00 2.287115260162945418e+00 -6.230710785177895339e-01
9.500571943135375008e+00 1.809680350091051881e+00 -9.879595417102160493e-01
7.489467679270597422e+00 5.943546454723808381e+00 -3.540653421433579418e-01
3.417081952647371135e-01 7.082622207918778834e+00 -9.676532886037914061e-01
4.643253971611709829e+00 5.273556364608113223e-03 -9.792114950242076787e-01
7.327340415349849145e+00 5.829762492059139767e+00 -3.471558916315486965e-01
4.409039185156086837e+00 8.880658821497073419e+00 2.918879714281685800e-02
5.622342779160828252e-01 3.258277373713271086e+00 -6.530724462359023264e-01
9.305835249338381132e+00 8.251112908748650554e+00 -5.911254858651071586e-01
9.108261553752141637e+00 9.132700916220343856e+00 -2.425090093906698829e-01
1.562143750071539383e+00 3.498416591509629470e+00 -6.713554125931020522e-02
9.734297915889833064e+00 5.668717726425014369e+00 -1.003204993405797163e+00
4.560262674968598162e+00 8.026689480700182955e+00 3.929369041883301605e-02
7.763659224953680216e+00 7.825479553299896196e+00 -6.323979231958332115e-02
9.817617916200331862e+00 7.449148936571389434e+00 -9.950688883245053518e-01
7.149748119698142723e+00 2.062945031886174174e+00 -8.031175819695736129e-01
3.647084227823648828e+00 8.570265782610295702e+00 2.948953283057442754e-02
1.938129006733116499e+00 7.229597558066772400e+00 -8.284941078088969846e-02
3.949341295022427811e+00 7.412597287068980911e+00 4.105356265572313035e-02
3.208620867580848746e+00 3.759494974438535309e+00 -6.553164620110907279e-02
9.534030197703533105e+00 9.291059775912561491e+00 -4.993707571577532534e-01
1.890039653459966162e-01 6.883188071070999392e+00 -1.012767881246910751e+00
2.120478144761009709e+00 5.776868197963267448e+00 8.659585836307215345e-03
6.680249308614013337e+00 3.150640681901990092e+00 -6.187638131889372506e-01
3.879386204347555989e+00 4.333412644464254448e+00 -5.595805803860676164e-02
4.751398639247915057e+00 8.704848744315336617e+00 3.313303716533777532e-02
2.092325857912433751e+00 3.725380097417547276e+00 3.608456988108121877e-02
8.936309442768239464e+00 7.709154289456633391e-01 -9.977370797772022737e-01
8.766285252127159477e-01 8.759859141765314661e+00 -9.565248014718581437e-01
9.108785322391286243e+00 7.418316628705212690e-01 -1.001877512349816257e+00
3.543628308693977935e+00 7.628509368877097963e+00 4.157464295964929946e-02
8.481434819443874673e+00 7.255066548959842265e+00 -3.749174118056170513e-01
3.909302439451075806e+00 9.495326596968167721e+00 -5.703776393458180882e-01
4.998850470776259769e+00 4.238799285504109449e+00 -3.336788796365892651e-01
6.944625910027355964e+00 6.227856955598137567e+00 -2.300480580658572638e-01
2.107209486252486830e+00 5.830073541863034503e-01 -9.023749168202630511e-01
5.045886401412987610e+00 5.287970632774682933e+00 -6.435295140691321691e-02
3.816708479609107307e+00 6.142456016312990430e-01 -9.316284398087154583e-01
2.719311969634150117e+00 1.171307105882665844e+00 -8.068959789886664957e-01
2.437219358542740189e+00 1.526131921666041613e+00 -6.991943610875470672e-01
4.400128385133633024e+00 1.477957091307980031e+00 -7.882904384489448635e-01
9.801058032893989136e+00 2.719643675677589467e+00 -1.000926027690089093e+00
7.987848890651853218e+00 5.614803464855389947e+00 -4.704688770741918269e-01
8.674582999762817437e+00 6.141040358460569948e+00 -5.679350538564306161e-01
1.308121349110988652e+00 4.173059167881876697e+00 -2.443242446444271465e-01
5.659057102259516192e+00 2.640977848367368264e+00 -6.361948105665522490e-01
1.731189552071898952e+00 8.274446460822716176e+00 -4.007626617036637029e-01
7.304648747926512975e+00 3.493245250527194368e-01 -9.916188312950025008e-01
4.453115317449099386e+00 1.195737841433199833e+00 -8.424955155414128871e-01
9.717823843826176144e+00 9.369504102067355289e-01 -9.970486227687817005e-01
2.004762348239958136e+00 6.044705451345719460e+00 -1.705073035025073125e-02
4.833652277630910099e+00 7.557466385692829469e+00 4.263071448631761129e-02
1.796568374175264271e+00 8.124764415303591392e+00 -3.109842118432539770e-01
7.071709792266311911e-01 4.102235854654551761e-01 -9.115712006963394565e-01
2.959958724868143154e+00 4.965636396510881845e+00 4.199232016296639003e-02
5.414337486666657151e-01 1.139198320713525225e+00 -7.191387938934634683e-01
9.805667075260924292e+00 2.347189959988937036e-01 -9.676148670027119314e-01
7.145129398102584517e+00 6.200146173819801376e+00 -2.645010185800831248e-01
4.857438705193673378e+00 2.208378671071030475e+00 -6.832802202524104196e-01
6.596531240896137405e+00 3.986001109244209140e+00 -5.035397073750029762e-01
2.243930721983028731e-01 7.277303897575113645e+00 -9.984308960580747794e-01
5.082571747851407196e+00 1.744082978697093500e+00 -7.860588366822993667e-01
8.323948083927852792e+00 4.914119403137864772e+00 -5.921926520660583115e-01
3.737824418778830537e+00 1.877466881400999155e+00 -6.810518493891430936e-01
7.927561246715224108e+00 2.021118641539264349e+00 -7.954404301705577662e-01
3.914419959820335304e+00 2.856183173044430479e+00 -4.828720479916732700e-01
2.222200538646447399e+00 4.720506112151217515e+00 3.401164709071657910e-02
9.067382541097348536e+00 1.840212415463681195e+00 -9.129359879768708108e-01
4.002032777884999781e+00 1.890406878994010942e+00 -6.921645476657245499e-01
6.957653940572670948e+00 6.221162054187225010e+00 -2.332443522992739826e-01
1.345166223500642300e+00 5.899119174571501034e+00 -3.654328214845019573e-01
1.712001202715637938e+00 5.561842817932101113e+00 -1.182676683406489460e-01
5.407085494048391006e+00 2.046527695212648990e+00 -7.441858820812907727e-01
4.182095441003019332e+00 9.792137024025317160e+00 -9.188526068326143825e-01
2.911661575312661565e+00 6.068015464786177482e+00 3.894553042829684841e-02
7.721556525894095913e+00 2.060112899251234919e-01 -9.934396364305242422e-01
4.171044422437453214e+00 6.288333490771339740e+00 3.700020194771758142e-02
3.409830201933591987e+00 7.844448420771867880e+00 4.170178013701519859e-02
4.054132983266064416e-01 9.110332573141505463e+00 -1.005131911952876766e+00
6.090668528797990255e+00 7.161778989471700996e+00 4.514549583524307685e-02
5.616515863660333174e+00 7.245655774847117314e+00 4.460194273555195821e-02
9.419635416907569336e+00 1.021543239839979966e+00 -9.964387591778225417e-01
3.001810893809906844e+00 2.913094145814461911e+00 -2.976923443803296543e-01
5.540206272329037951e+00 8.688870411636681723e+00 5.444085048943025917e-02
1.421016423405472739e+00 6.412546124862511521e-02 -9.442684909056442422e-01
6.668378655743197214e+00 3.312731155753618317e+00 -5.970031829879461904e-01
3.341392767562439303e+00 3.647772574922084843e+00 -1.294275168134491061e-01
8.211910992442147617e+00 7.519584282195220126e+00 -2.422623097194516739e-01
4.703673007020345409e+00 3.559520092651160539e+00 -4.149919298062458850e-01
2.253360296909346250e+00 8.064751596808685363e+00 -4.203933255609015873e-02
1.900453310934178575e+00 3.675590764762621809e+00 1.605562377308711319e-02
7.937842616548910435e+00 6.658720478674032606e+00 -3.304862516151854113e-01
9.698927333029066844e+00 1.455472555261738132e-01 -9.668760560108600188e-01
6.927393319147692630e+00 4.363744224730370824e+00 -4.800779539778181615e-01
7.103958282829450077e+00 2.632451442228003202e+00 -7.168411294382457388e-01
5.733331823004878203e+00 6.466641969090249020e+00 2.094370152891888992e-02
1.943051877785883841e+00 3.021785362910177408e+00 -6.031244600918839183e-02
4.061464965283237305e+00 2.030846413855848631e+00 -6.717235727706940551e-01
6.466388134403548094e+00 4.675417287819764844e+00 -4.004730142915415847e-01
6.680644414408616338e-01 7.143746881830637996e+00 -7.871415008488176213e-01
6.808527313485686960e+00 6.901031637560198995e+00 -6.114928906130812081e-02
5.814144012941588890e+00 7.102548266872357630e+00 4.355119502852922153e-02
6.588977092976112004e+00 1.821952721165943867e+00 -8.138234721364316915e-01
1.951053144326134303e+00 5.456663047654297216e+00 -1.582217928920659489e-02
3.853638125889020660e+00 2.362678045613278766e+00 -5.889328922854297765e-01
8.760129319199718267e+00 1.013504352738718861e+00 -9.680203203566185577e-01
1.307947850204044027e+00 6.865379668564842719e-01 -8.266556513620459956e-01
3.065268918383543539e+00 9.564756911879851442e-01 -8.839564318124795150e-01
6.010383108586633050e+00 9.509020621531679041e+00 -1.007332402744518518e-01
2.455295723569558053e+00 5.333488988225140837e+00 3.563787954642094746e-02
3.188107074687041465e+00 8.443939783067602178e+00 3.838625050680510853e-02
3.853875690291213907e+00 3.201662577660551179e+00 -3.966757362384973895e-01
2.390752403977517204e+00 7.456388207937685308e+00 1.582565910428224143e-02
1.594157418082328803e+00 3.437638889045168344e+00 -5.088505841692381182e-02
2.387804282522349109e+00 9.397816168162686168e+00 -6.412809691123935174e-01
7.954494628706610948e-01 4.741542234767393005e+00 -5.907212402921793171e-01
2.772072275582251777e+00 8.346746331328819934e+00 4.684809983156146274e-02
2.349871922821634485e+00 9.279487738535165064e+00 -5.720427867460016191e-01
5.427972489090633346e+00 4.531666186582037348e+00 -3.254133553338400819e-01
1.152111878013112989e+00 5.366847900227300627e-01 -8.628993274433505167e-01
5.796069534244578492e+00 7.100086079323191690e+00 4.344904617610145792e-02
6.550522596697796907e+00 3.712511642310135862e+00 -5.366844628700659925e-01
3.341298448383843156e-01 8.430380728818615665e+00 -1.010744759912855617e+00
4.742401462137024737e+00 3.196119095378661346e+00 -4.841477749685199061e-01
8.109152408251507183e+00 9.129302819488712473e+00 5.697502694477640794e-02
3.591091953435607387e+00 8.548878174203627722e+00 2.960064638903880940e-02
8.295231491495306031e+00 2.800552783983403793e-01 -9.955259695702209921e-01
9.452526418197892966e+00 8.947858321481531263e+00 -5.545457052364357597e-01
4.107972017189208458e+00 7.776180794160527654e+00 4.147363238749468550e-02
5.016949572164132398e+00 2.852419808405725732e+00 -5.657090905450208318e-01
6.512392079580706650e+00 1.888068002397003120e+00 -7.917165413294631193e-01
5.498613292048132095e+00 1.252419644408768962e+00 -8.672507574786447737e-01
8.356959755543403645e+00 2.846770500094298662e+00 -7.607985036794915334e-01
9.275196830971259132e+00 1.252231307505261793e+00 -9.830611108225764116e-01
2.523156344582267341e+00 2.489018885273660775e+00 -3.807811837709946801e-01
6.583861204745463880e+00 4.765931251495937104e+00 -3.998827998474758783e-01
6.174006707042610564e+00 2.436638132001723578e-01 -1.006526678862380120e+00
7.838373373768855679e+00 8.922893313048092523e+00 5.727002638560967085e-02
8.290610867355493241e+00 9.295958084262943899e+00 5.897554698585449895e-02
5.443105119650860857e+00 7.354015707309202732e+00 4.577232451313939521e-02
9.306359522971803244e+00 3.243590697098643005e+00 -9.418730719849183197e-01
5.135491548296768904e+00 4.781037310245923599e+00 -2.209764115306276366e-01
5.352238526441450261e+00 9.531412429836157330e+00 -3.348809113454667141e-01
1.660276108917436932e+00 1.575369562854327388e-01 -9.372869413399982363e-01
1.177114171133086362e+00 4.155874176555442112e+00 -3.235628288373950667e-01
8.368349457018288362e+00 4.216129261191155386e+00 -6.583725500585051460e-01
6.119709440315392435e+00 2.326305804555933721e-01 -1.006944725194980128e+00
1.189918546725218240e+00 4.701610007354144471e+00 -3.346041092643678994e-01
4.628994071117309872e+00 2.171226487296641139e+00 -6.780738690891718878e-01
6.661038011003662662e-01 9.664935114642025482e+00 -1.021220928879540413e+00
4.829584084905753194e+00 8.552754266439919206e+00 3.450665510609174369e-02
7.672411567681222344e+00 9.866469215622633016e+00 -1.775242508404187847e-01
5.177545705968208622e+00 3.996821592406706536e+00 -3.907493298874145093e-01
1.882754396911945127e+00 1.236692230197348863e+00 -7.207181212935021009e-01
1.161175895094896868e-02 4.520011443449833521e+00 -1.023189600854706338e+00
5.186221943584965466e+00 9.852739601663911273e+00 -6.939818774837529514e-01
8.122966446620122349e-01 1.908686238968195337e+00 -4.775329623181976402e-01
8.396131869206087117e+00 3.359471093554406984e+00 -7.301239660085931948e-01
4.309620625639106528e+00 1.478085495781151115e+00 -7.839381779425766972e-01
4.925893657569959116e-01 5.722121465087677272e+00 -8.715526535103021999e-01
7.283138681028663797e+00 7.136390711379977603e+00 -1.136863712130513626e-01
5.443973067168181856e+00 8.516284529646723556e+00 5.168243158829644024e-02
8.083163273618820810e+00 6.046687503516965378e-01 -9.727238179375863325e-01
8.168006552126962916e+00 7.427070892525326151e+00 -2.492637271885566608e-01
4.210593147915235868e+00 7.007788887625676644e-01 -9.106638455437821023e-01
2.725035184251646925e+00 3.728340771008472831e+00 5.406704203791079522e-03
8.027021424089246793e+00 2.493723081571008748e+00 -7.590067618034366248e-01
6.238607619147019889e+00 1.332033298947757904e+00 -8.877059998877729896e-01
9.482421284051264720e+00 7.319821492249590555e+00 -8.054008159186090143e-01
7.985662278832793781e+00 3.943910631908555064e+00 -6.244330955179508980e-01
4.243917500645522090e+00 5.743169138181314359e+00 3.595342599457218569e-02
8.956052769216263698e+00 3.545618507865774482e+00 -8.197626454779841643e-01
9.098234948119669596e+00 3.041876724364975360e+00 -8.895186770267834442e-01
1.405453952728985545e-01 5.129068227272050251e+00 -9.991673327635890445e-01
3.656509798767118458e+00 1.145550569708567723e+00 -8.402017914558561618e-01
6.813272672087103743e+00 8.393020780984135953e+00 5.014105881567698653e-02
2.039437352302987616e+00 5.858805802042690303e+00 -8.364468493280874384e-03
8.944079847817206996e+00 6.639231493401230644e+00 -5.928504716533713470e-01
7.224061392161513773e+00 9.013548335136048806e+00 5.493718414200393640e-02
3.438018637181640358e+00 6.303285913603922097e+00 4.062492695123687270e-02
9.850339393796733845e+00 3.566569192689649892e+00 -1.003821833605697211e+00
9.612019199434364225e+00 1.277452293572471032e+00 -9.983586318456617592e-01
3.188468838571509867e+00 8.484611617554270069e+00 3.535345790020039125e-02
8.219910101603693064e+00 6.985760785044597299e+00 -3.432123195007112937e-01
1.490274301510991828e+00 6.151797844056969389e+00 -2.793907751903468295e-01
1.140878537131773673e-01 6.760921623003446790e+00 -1.034277833889224230e+00
3.251318643891062621e+00 6.996913122188700207e+00 3.949689009886547808e-02
4.925716971888471463e+00 1.576105338328662731e+00 -8.064095002444446880e-01
4.068496388775335149e+00 3.526967064843388400e+00 -3.404904295345310139e-01
7.471071990816760433e+00 2.253794388355968348e+00 -7.817102563172968477e-01
7.082526316408760181e+00 7.393656103457273865e+00 -1.725955129788792064e-02
5.300195069209001630e+00 3.201015616308595102e-01 -9.952227018196145858e-01
2.969068833779054728e+00 8.204279516201937739e+00 3.274183733049529366e-02
1.523817130376595497e+00 8.022282129770577086e+00 -4.733760764435479551e-01
6.268194290325791229e+00 9.285424381537556116e+00 7.131097768703753559e-02
9.444247059839037561e+00 4.284483183343640311e-02 -9.727214069061339563e-01
8.513146090816846367e+00 4.677416273962124116e+00 -6.454555663412336886e-01
8.160343480461357046e+00 5.129973539532432625e+00 -5.453854383887469792e-01
7.200904154499648158e+00 7.407749621717687916e+00 -3.551926625460777309e-02
5.310484916349413886e+00 3.042220965686526668e+00 -5.463314164317305544e-01
9.233164069769093985e+00 4.478741410014838165e-01 -9.991126424017614527e-01
9.345988945359900768e+00 3.787374576378951474e+00 -8.894243018506317044e-01
9.543536987098386604e+00 4.737587602663936970e+00 -8.525500085396517935e-01
4.574730068186592113e+00 6.373685440311121830e+00 3.901785235728638668e-02
8.377621314888898496e+00 8.267672557958469781e-01 -9.633112330828623726e-01
3.309789779895300210e+00 5.496488733717640685e+00 3.958061013998870337e-02
8.147570029068500475e+00 4.275995493149840954e+00 -6.209715854244987066e-01
5.790237827749854738e+00 8.627614019618651042e+00 5.210466505439415030e-02
8.787086358786941886e+00 9.324775394898626502e+00 3.215811744967211894e-03
9.564563380236704049e+00 4.726602688791689211e+00 -8.575739276613940643e-01
6.350152166004948029e+00 2.948260050214285943e+00 -6.279861339767578432e-01
3.804980078663117826e+00 6.567457393805593568e+00 3.928396274044709813e-02
4.605269886345656261e+00 5.025207732917943204e+00 -3.299952979810605314e-02
9.034407022400086973e+00 2.857295481929260195e+00 -8.744960961215559880e-01
5.623647727037996980e+00 5.100070077123435297e+00 -2.467848317419543136e-01
9.341528085441808571e+00 1.914397537963634655e+00 -9.536690453180332039e-01
6.690463177586321919e+00 1.172804702668046817e+00 -9.489447657677293479e-01
4.090018072538339489e-01 3.190587748301901172e+00 -7.460505040096623297e-01
2.355635513581782803e+00 4.135578381941953374e+00 4.196370962764417456e-02
7.125720608631809228e+00 5.865022322617300388e-01 -9.818560963641524975e-01
8.731666911496738237e+00 8.438327091406597757e-01 -9.817121227857446009e-01
5.907991516379158092e+00 5.159710795665342076e+00 -2.675056742575199209e-01
4.738861223661373856e+00 3.181893226568397015e+00 -4.865842299738309951e-01
8.149462274448969978e+00 2.874907556138373899e+00 -7.437528126294639108e-01
2.013014971147062848e+00 6.284530748223867036e+00 -3.326841416677162044e-02
3.367396379426504271e+00 3.018370494203487908e+00 -3.385791002344524792e-01
6.449094875297628704e+00 1.989557836510311484e+00 -7.631734281361156613e-01
5.538221590310460130e+00 6.673374272640655747e+00 4.029552290245286272e-02
5.670102608334497418e+00 2.389720244773184454e+00 -6.816027841946106225e-01
9.760593290573243763e+00 6.294357428919499675e+00 -9.583803729599517096e-01
6.260807370496135782e+00 5.379188123254593279e+00 -2.755228444112163277e-01
3.162629404073224126e+00 3.070345860944085903e+00 -2.770675324141951279e-01
1.180431570650336104e+00 5.292087114192813857e+00 -4.020700070887581745e-01
7.082955821143625208e+00 1.279174553321340557e+00 -8.885248519356254704e-01
6.266517301164682863e+00 8.061580600751032666e-01 -9.931678632907344761e-01
5.139117374594838417e+00 8.208931908469221383e+00 4.758744675283477221e-02
5.543584531787967506e+00 9.071614549947920381e+00 7.681955695061870593e-02
5.600892777427030289e+00 9.356921088062307434e-02 -1.006037267323740547e+00
9.173332650177009384e+00 7.565364649210966519e+00 -5.976767897746267932e-01
4.462279766110016865e+00 2.347733271590325632e+00 -6.351886226312772887e-01
3.501851764918197496e+00 3.960819716411047242e+00 -6.875055917190620036e-02
1.628718010661851512e-01 1.477458857449578833e+00 -7.434194469049788534e-01
1.587432559893937833e+00 5.501188266417079475e+00 -1.741089239525051013e-01
6.319740431273972447e+00 6.151280024288166004e+00 -1.339345846916859539e-01
3.605537891232559744e+00 3.824474253594788653e+00 -1.361022376100748943e-01
3.192721866217699489e+00 5.503789346429870388e-01 -9.871494848199264815e-01
8.821630342234180189e-01 8.855272317640187296e+00 -9.612490658330636872e-01
8.321862187988365633e+00 6.449951875008816060e+00 -4.398881737719817497e-01
7.027659930155540913e+00 7.543041423560303826e+00 1.601092546643956283e-02
4.976867183168143249e+00 3.156919680884004431e-01 -9.779664962574592391e-01
8.992589968172865156e+00 9.014953395199061248e+00 -1.939641570128050052e-01
4.686052721800310294e+00 4.424144771492867001e+00 -2.382250511250507685e-01
8.591679156074469859e+00 6.916274229687654262e+00 -4.575347068625473801e-01
1.048734770258569204e+00 3.502132299905921786e-01 -9.083021800487804942e-01
8.130036584180732717e+00 2.054636468418556294e+00 -7.934980585811660658e-01
5.549157718109518633e+00 4.339018897263611230e-01 -1.001588195407113968e+00
5.728159680573412516e+00 3.252591634942030741e+00 -5.416672897118977037e-01
5.756021533028427228e+00 3.047772093938986959e+00 -5.739659382694044520e-01
7.011196228659995811e+00 3.692228081824946440e+00 -5.712823135263459529e-01
4.395018333708666347e+00 5.621477981222477993e-01 -9.341045219417517531e-01
8.224355075753699396e+00 6.679751968235389192e+00 -3.873216257583940170e-01
5.525856760618374608e+00 8.627378358346755149e+00 5.255113559951873903e-02
6.351375716040434050e+00 1.425839305509477350e+00 -8.761625113976752033e-01
5.970694446157859048e+00 1.348068226768381006e+00 -8.604496743000451531e-01
7.775731594476376074e+00 9.317496326762282344e-01 -9.307165515982868120e-01
4.761855556924590616e+00 2.629887248574341641e+00 -5.958698232181673937e-01
5.777663867043886015e+00 4.294326393942952791e+00 -3.948971128325464708e-01
1.039348345131520190e+00 1.327157874821535133e+00 -6.323894999803969519e-01
1.523693104851970848e+00 8.526507295519836660e+00 -6.163193782505898000e-01
8.156725132826892377e+00 9.146824215431891503e+00 5.915423677910480738e-02
5.293746017743049315e+00 1.357272329632609686e+00 -8.575132361900665856e-01
1.013445198805400516e+00 9.717072902990350869e+00 -1.031133362290998168e+00
4.030024026599830833e+00 9.841586304024655618e+00 -1.008322674033346189e+00
5.088239115590675432e+00 5.821279047150760277e+00 2.275216938223456609e-02
2.027755347721774459e+00 4.674266132779888672e+00 1.873415680490886359e-02
3.108386641095630676e+00 4.938944419918409601e+00 4.349513766862989073e-02
2.760748229091756212e+00 5.372424981926063658e+00 4.021864040985434485e-02
8.396358441279700102e+00 1.726707568044828722e+00 -8.454180147813443735e-01
9.180159833122572555e-02 7.444256800921875694e+00 -1.020452995511967664e+00
3.531989730009120088e+00 7.631399354800634249e+00 4.157955449927275282e-02
2.094880452724112718e+00 8.665535200701844687e+00 -3.035801282172874149e-01
2.355539448569071048e+00 8.832463817293300323e+00 -2.385547723363250494e-01
7.054100899003850067e+00 1.708198186916387584e-01 -9.995069748458603742e-01
5.074814937352591926e+00 5.686652284534680746e+00 1.200222363144032300e-02
7.262402417881030026e+00 6.471863318700225243e+00 -2.343245291102771244e-01
3.411178943964510157e+00 5.494989508646225929e+00 3.951651090726526760e-02
3.176306768955760695e+00 2.424434727349958685e+00 -4.990288589571414413e-01
2.570552332773818449e+00 5.751075336665012472e+00 3.683722941902534131e-02
3.905107465240190145e-01 2.027618447546644109e-01 -9.967111921856088852e-01
7.997877303323858378e+00 6.216741338361243763e+00 -3.984236756183834327e-01
6.539873758927502223e+00 8.707648302429138454e+00 4.930038774324008166e-02
9.864890256369610810e+00 5.729806671659718020e+00 -1.025979409600454861e+00
1.233132214675682903e+00 6.248377336117720837e+00 -4.481058300776163961e-01
7.749050803600597170e+00 2.832738454448502363e+00 -7.251989995999802430e-01
5.866610037675238587e+00 1.051397543362917686e+00 -9.190528441661962589e-01
2.905517278966178729e+00 9.004786217170842377e+00 -1.804792080782975372e-01
8.698247589363525378e+00 2.553678624882642190e+00 -7.918147535344316479e-01
7.693276530196289542e+00 9.253089283241846985e+00 6.103608193981699404e-02
1.386091902475854232e+00 4.068625461178363878e+00 -1.932811576016373323e-01
8.249657355113466650e+00 7.879469898012834150e+00 -1.721765463959371578e-01
9.219945345445150764e+00 9.266172358907144968e+00 -2.913304128840064067e-01
2.905547081574805013e+00 6.586509227272538958e+00 3.962536196097365959e-02
6.629939865717560998e+00 1.523911433070593846e+00 -8.753968714437901921e-01
1.834664728738401696e+00 9.604393364342039163e+00 -9.503430073525489519e-01
2.673069629898679356e+00 7.984813455559731654e-01 -8.948438300736840656e-01
4.574181254164834343e+00 9.830078942957986010e-01 -8.813265596721019390e-01
3.978918597973206683e+00 5.134758152691634159e+00 3.924462116094495912e-02
2.342738171650737833e+00 1.329900130667013736e+00 -7.421585803867603026e-01
5.441439444866631447e+00 4.995055279645225887e+00 -2.340419089770766625e-01
9.863108606319491045e+00 7.187736418160092455e+00 -9.753090685445580110e-01
6.782348822435700697e+00 1.520777696419655989e+00 -8.820017820148682297e-01
2.356647521035009074e+00 2.462949235142518345e-01 -9.727861357787248586e-01
7.159477389988254004e+00 5.227872078312310045e+00 -4.032042775597821649e-01
9.253233649862840693e+00 5.316709550046280874e+00 -7.472454807936590448e-01
5.277800273399253506e+00 1.518604623128120279e+00 -8.400736840111492354e-01
1.348715779952505356e+00 6.446778592018743481e+00 -3.596813596541128533e-01
8.872563090492096904e+00 2.371763916047437970e+00 -8.136569123841792539e-01
2.361978147900594127e+00 3.647843379765026706e-01 -9.626546198843648483e-01
7.439880806591621543e+00 8.501859821501229320e+00 5.547347519684264761e-02
9.852202376399331385e+00 7.845189235480105161e+00 -9.117399912776014137e-01
3.344072546761892806e+00 4.721611312118631609e+00 4.340969570452202220e-02
2.783025473044318243e+00 8.727839801330151914e+00 -2.325652734378280684e-02
5.121767144973500940e+00 2.667795288979999846e+00 -6.063065846688497906e-01
8.370235175633951030e+00 2.939210319260354254e+00 -7.589671559922592792e-01
7.715341755396187828e+00 1.633636321936655644e+00 -8.381731969162635743e-01
2.316812568287577090e+00 9.090078599421508088e+00 -4.471957428040738147e-01
2.219685063075669262e+00 5.330383229275882151e+00 2.550099695614527207e-02
7.988184762566232777e+00 4.997892081847410850e+00 -5.313912863690354316e-01
5.313958465295211653e+00 4.496762037479909324e+00 -3.192609396102454866e-01
4.341407715771805065e-01 6.333513029798905514e+00 -8.791276007471582332e-01
1.006715127322237002e+00 5.293105704642648845e-01 -8.661692686850128720e-01
3.059490145741692757e+00 1.804914359328244067e-01 -1.002285885532898657e+00
6.909148834241690018e+00 3.290593392160616748e+00 -6.109431646879053268e-01
2.366632424495268783e+00 8.212769488932677220e+00 -2.202885482339977941e-02
2.827959631512751759e+00 9.111665006976757297e+00 -2.786018944803569930e-01
3.998164277873549555e+00 3.891200181174888639e-01 -9.541039200952217136e-01
3.536433171182851609e+00 2.625825922689742686e+00 -4.871239504095066231e-01
3.443847923814940426e+00 7.167076278788203858e+00 4.088403268689333458e-02
8.145953730009110050e-01 4.331128929301685027e+00 -5.709583458274956058e-01
5.479410787314397346e+00 6.447492379711383670e+00 3.657164424171588379e-02
8.676498382684791011e+00 9.576573773813910506e+00 6.837429286343366108e-02
4.813962749185309864e-01 2.177361975433656394e+00 -6.424866956933885653e-01
8.254269691423186117e+00 9.502759662415805053e+00 6.517069961465860040e-02
4.030235082949555903e+00 3.541150875591390079e+00 -3.291937994316742611e-01
9.317920491950971495e+00 9.770813786699152459e+00 -3.941949168062857112e-01
9.625865595409319297e+00 8.456172518695694862e+00 -7.712970585685540170e-01
6.258904447952158279e+00 8.383857082495907775e+00 4.877558296723716325e-02
6.915876655487886993e+00 7.540977838386530019e-01 -9.811096126139688955e-01
8.757404405005930315e+00 4.831422930055810916e+00 -6.765885149884082184e-01
5.085849256601322033e+00 8.968287728916060075e+00 3.667939951826948430e-02
7.894035239669962678e+00 1.660150730316377832e+00 -8.361509657290762121e-01
4.491722213139947684e+00 7.969261432905028641e+00 3.915453000449931054e-02
4.770475772392595459e+00 2.644245284105684934e+00 -5.934899928906733901e-01
1.169257790675274356e+00 8.413935714248170328e+00 -7.953266156923164409e-01
7.955247933896276713e+00 4.282629136938678194e+00 -5.950848253996453563e-01
3.138083807496884425e+00 5.457008094917799923e+00 3.997472632413368032e-02
4.800878612936069878e+00 3.430534322529249724e+00 -4.465539891948937523e-01
6.708163147316564157e+00 6.911465823848895740e-01 -9.948301713523830525e-01
5.454749185448434901e+00 1.844167279549427718e+00 -7.813584925090787392e-01
7.885160988971863238e-01 4.495322470486415867e+00 -5.914978951552880559e-01
5.087640390450332895e+00 6.559573189992658371e+00 4.049646385177618768e-02
4.085736395148018008e-01 8.664866603247576293e+00 -1.010400280431803521e+00
3.087663732784495796e+00 1.131060766487380354e-01 -1.001034340485078555e+00
6.978876780671416924e+00 7.712774490009213224e+00 3.863138053504333591e-02
3.348860378669972437e+00 5.417154929759801618e+00 3.993807076466726613e-02
6.576917064466165641e+00 2.226089061531518087e+00 -7.407301909256536199e-01
4.497134140633238353e+00 6.162784674650727545e+00 3.837224168116559753e-02
8.128964830814558340e+00 1.931178915519251138e+00 -8.078264609990140066e-01
4.981490375705483586e+00 3.267766687781097801e+00 -4.884463187610406099e-01
1.705927625795564895e+00 2.710994394051356782e+00 -1.654568296005951566e-01
7.511167141462349761e+00 1.914753410801280697e+00 -8.123830495358452808e-01
1.266885388264419543e+00 3.599109440612284216e-01 -9.017846216726317365e-01
8.935978934311098243e+00 4.394541647962520337e+00 -7.482026391496814366e-01
8.098052875959396602e+00 4.566923262572611386e-01 -9.839090935643668434e-01
4.601124547458060654e+00 5.073682045803488805e+00 -2.010579173257820429e-02
4.714495086497794141e+00 9.178288402956731318e+00 -5.987505775068235891e-02
8.132919320131515306e+00 8.500956570576766680e+00 1.104354523594730519e-02
8.982062087801466532e+00 2.648236777267122921e+00 -8.534062218516798026e-01
8.171750545932679799e+00 6.195545813222902432e+00 -4.373778648887651777e-01
3.641872221913582397e+00 8.541458104590844869e+00 3.155371535391804372e-02
3.573832176977745245e+00 2.337576566116742249e+00 -5.668591417986639236e-01
9.621177444388836264e+00 8.423690902188534224e+00 -7.690703168197511319e-01
6.810319028274721020e+00 9.312348509138388408e+00 5.732951287079934843e-02
9.413552019070962062e-01 9.172223725120202786e+00 -9.886608678446999754e-01
8.999562029742185221e-01 5.568765323128783251e+00 -6.827628151928966105e-01
1.937274391228538173e+00 6.771355218109696317e+00 -6.423486971251524125e-02
1.044764624553271792e+00 7.071258300999009094e+00 -5.541013612360852214e-01
6.876747794325702046e+00 1.928803583387849185e+00 -8.193035801751351599e-01
8.438011360695858443e+00 9.195027092971113092e+00 6.251884627857806631e-02
4.909122886622328819e-02 7.050208666873947649e+00 -1.051096489139139667e+00
5.730117087060282444e+00 1.744760526738021178e-01 -1.008009055544933474e+00
5.002558820887975877e+00 6.304675783275754952e+00 4.007843028659685558e-02
4.409453732521448899e+00 4.189233939249635164e+00 -2.445521191173245512e-01
4.969643115351016327e+00 6.592089186877255536e+00 4.056754500408921160e-02
6.665424799833603586e+00 1.998026429270489457e+00 -7.863717244014811758e-01
1.504464715014162124e+00 2.760654518033749394e+00 -1.613142525976152264e-01
5.109755627286640234e+00 8.544314810501269619e+00 4.452425702519935413e-02
1.648183332575109683e-01 2.252142358430096802e+00 -8.267098811624737920e-01
7.726691621502334684e+00 6.203934514243347742e-01 -9.663766522769290379e-01
1.564440152271289186e+00 3.686948445345458403e+00 -8.151207917333858077e-02
5.423772809899264580e+00 1.028875031756313341e+00 -8.990964041303745047e-01
3.624918700769489965e-01 5.698752207129539116e+00 -9.185277158166877953e-01
1.515420433429754299e+00 1.080773767834493970e+00 -7.269740822450463380e-01
3.754365403850559169e+00 2.692332870114071852e+00 -5.028058391507621572e-01
6.858147684601266780e-01 9.210857391054371845e+00 -1.004634845931276832e+00
8.814129067109261584e+00 1.265371450339140891e+00 -9.454618453724221716e-01
5.284081333140293602e+00 1.387754172762490634e-01 -9.978588765257178084e-01
4.905561848125874924e+00 5.103821386004704586e+00 -7.823953115671189451e-02
9.465752819352854175e+00 4.648023989001550227e+00 -8.395811921932364585e-01
6.844103367813796801e+00 5.732605192636228253e+00 -3.004431813727148626e-01
7.974808303054456537e+00 8.049013695737308183e+00 -5.436504573201816903e-02
3.687845018089565219e+00 6.890206031498985473e-01 -9.290318203800993491e-01
4.006166145406719004e+00 9.053942900678581651e+00 -6.145181801666410593e-02
8.644489720313142556e+00 6.664862165162840135e+00 -4.984151895400011911e-01
4.060050082768127844e+00 4.499857331412422390e+00 -5.555100999168960385e-02
8.372733272369075053e+00 6.070929473539147025e+00 -4.988717732090751644e-01
4.236431338930846557e+00 1.632367265857641803e+00 -7.510137536212782017e-01
5.548746371091557439e-01 4.631035003899485858e+00 -7.533706746414701172e-01
9.084344128635082782e+00 5.613720124189663707e+00 -7.342500190039107366e-01
1.398976085565748928e+00 6.022404940477851021e+00 -3.349258640637584605e-01
4.493913361051168565e+00 2.432254733121390178e+00 -6.202495098969063037e-01
9.891504586721525660e-01 6.332016485371064540e+00 -5.915289065301267968e-01
8.904622634266829095e+00 2.271955058235286984e+00 -8.250900054656449267e-01
6.805690249051496110e+00 4.872912003773168799e+00 -4.082107053717176637e-01
2.310674354599590863e-01 9.697876248021486845e+00 -1.003957049508720001e+00
4.643061611849592651e+00 7.793087527469205078e+00 3.876448841867752293e-02
9.529648967678838289e+00 8.670575898430339379e+00 -6.866550578048150610e-01
8.984527848852054133e-01 4.886401273518840571e-01 -8.798427524778804631e-01
9.120696854004890497e+00 5.883208515480126799e+00 -7.479738088578108401e-01
3.444153816781146293e+00 3.268869387311739594e+00 -2.782440356093007772e-01
5.562987952837691319e-01 7.797965692345250055e+00 -9.079072631011149142e-01
6.544827175805749686e-01 3.927460964945082900e+00 -6.677528399046215313e-01
8.200170638877629870e+00 8.031987652079962681e-01 -9.576378058413119732e-01
1.135565554886350803e+00 2.498347027055884961e+00 -3.203784582768398614e-01
7.447803739291739333e+00 9.341026600761109577e+00 5.596203249869143026e-02
4.257429732981161230e+00 8.590074387572112613e+00 3.664885590821209682e-02
3.833025880779266981e+00 6.307446957608505045e+00 3.870380168900267037e-02
7.702177517382710725e+00 1.838506547370242883e+00 -8.114842376682251945e-01
3.830210159168097928e+00 1.258593240087965137e+00 -8.156241513863295989e-01
7.461144032788009639e+00 9.235505419559874696e+00 5.697895941018497890e-02
6.788527106278903211e+00 5.728628113439510727e+00 -2.938171462005605417e-01
2.708033094760955439e-01 8.053308050899042669e+00 -9.964500908653972644e-01
4.750444837329858672e+00 3.145922693910376822e+00 -4.942832540409010100e-01
6.990448371176867681e+00 6.141054460951234972e+00 -2.531075820588928327e-01
3.146700329555114362e+00 6.243322669392457058e+00 3.835386304585197692e-02
1.282153726899377781e-02 9.444139398852641420e+00 -9.986855626307378220e-01
7.549149333434821862e+00 6.291361972075168119e+00 -3.154015387183923824e-01
7.330106656716437463e+00 3.493151714773464089e+00 -6.039155545608628772e-01
8.832227214924813552e+00 2.319992087056541585e+00 -8.030168724786888035e-01
7.158880904331871520e+00 1.672445350411292386e+00 -8.595247277733804037e-01
4.134128514632793738e+00 2.800224849884045852e+00 -5.191854194012455181e-01
3.070767618450343406e+00 3.716830142505591628e+00 -5.069207926485130855e-02
1.698410236328981915e+00 1.019436581616474768e+00 -7.617576096662259655e-01
5.015076755048063717e+00 4.040908094365820880e+00 -3.679096026558750232e-01
1.464643891650597718e+00 9.575156938399027595e+00 -1.015199643850414502e+00
9.467454605963210312e+00 6.318909244200421327e-01 -9.971367910208843721e-01
1.683586131796422469e+00 3.919893270265052632e+00 -4.400285401571624178e-02
6.721789333961063484e+00 1.271428868478073904e+00 -9.288520637799921875e-01
2.070423073639866107e+00 4.213840864933556141e+00 2.852684552003248442e-02
8.543947482081753364e+00 5.274359014952985092e+00 -6.032980114876409505e-01
7.624943493019010754e-01 3.047081806967868012e+00 -4.980327136042617120e-01
1.813053148086018806e+00 4.683117438729832216e+00 -3.034594632352582977e-02
9.406466725139891238e+00 5.244232889417229870e+00 -8.043516029423181113e-01
4.146439265432989352e+00 5.103759206505517732e+00 3.147571880862631843e-02
9.228278115643798074e+00 7.929648058785514486e+00 -5.862602376316186081e-01
6.719175558191615494e+00 2.388784556514929935e+00 -7.289849160154678875e-01
7.001611133234140638e+00 3.582904582053405562e+00 -5.813019082584199859e-01
2.125696288581903293e+00 2.854125154499339345e+00 -1.512839777667474017e-01
8.447618230539532647e+00 8.182137594895483090e+00 -1.646413188594648691e-01
4.198627047634777565e-01 1.641391434174987562e+00 -6.672085422286468948e-01
9.868390864546691787e+00 6.371592560322396626e-01 -9.856379062728283236e-01
4.633468302147647044e+00 3.790476400163942383e+00 -3.646532741933303789e-01
9.077513611150278550e-01 6.597863430741488955e+00 -5.758574169806633947e-01
2.562851114130180186e-01 9.418041218140572823e+00 -1.000515110199138302e+00
8.380974743959491491e+00 8.865501468680250241e+00 3.078135073005672240e-02
7.461888418123381328e+00 4.388884620150346194e+00 -5.295209494055370669e-01
6.084454738909128579e+00 5.778139572203367713e+00 -1.628777041348854482e-01
5.615203668807790649e+00 7.444063021942833203e+00 4.594464043910662099e-02
1.310221804962082848e+00 1.632215016262211327e+00 -5.300835618982158159e-01
6.609963405047937002e+00 9.658624458086174869e+00 -1.734327839167157936e-01
6.254618948332312023e+00 1.219863652621405309e-01 -1.005991398614539900e+00
9.681033985157604604e+00 2.508912076623756704e+00 -9.846260439677205767e-01
2.824576347794041542e+00 7.073072178562450851e+00 4.109443922756383927e-02
4.462288707454487913e+00 2.119691336561283723e+00 -6.792463815899609791e-01
1.144363743598329597e+00 6.459631709034226787e+00 -4.814282578352129249e-01
9.661010726653895375e+00 2.605722002728660502e+00 -9.842921665171608936e-01
9.527307416489582792e+00 9.511371024833987775e+00 -4.135950073911098812e-01
8.744239036991654501e+00 1.682811787761368194e+00 -8.862308146862654112e-01
3.148261404278608566e+00 2.645729934142905027e+00 -4.199384711180376151e-01
7.128410050860985336e+00 6.264310151756609990e+00 -2.503423505384885228e-01
4.676322071449989237e-01 4.382969324621370788e+00 -8.017024649645145828e-01
3.835276815406953421e+00 1.674003040703185397e+00 -7.242435137423941516e-01
9.174948463928691567e+00 3.906654279855009460e+00 -8.331032708131177467e-01
7.003818697057994314e+00 7.322355281763507584e+00 -1.815597692622050729e-02
5.354433329577665823e+00 6.094573307735177137e-01 -9.709857142970906851e-01
6.560154572504360182e+00 2.374326493788324832e+00 -7.201820796987166151e-01
2.072175538897385483e+00 5.728754869695690033e+00 3.080596350795161698e-04
3.300815081962397812e+00 5.426505157429583726e+00 4.000155274274286299e-02
7.336516482917584625e+00 6.792494043927550962e+00 -1.905934754701572587e-01
1.787581974352652203e+00 3.246966646048015548e+00 4.134973919190265690e-03
2.247899013125293610e+00 4.810177207078492501e+00 3.383459591996107463e-02
5.242028235975100259e+00 8.205691671703529977e+00 4.942924696943151730e-02
5.349305273528872640e+00 4.455012480127777508e+00 -3.310231986027329931e-01
2.006098264687639077e+00 7.669382827964370541e+00 -8.515790790522537179e-02
1.722419715696426268e+00 1.853862148008620592e+00 -5.057861787843025425e-01
8.087949955514003975e+00 4.857118798495546841e+00 -5.602839190633096544e-01
1.320516877362134522e+00 6.290540575113756638e+00 -3.862770200720984093e-01
9.708451113165308399e+00 3.785023684727554460e+00 -9.640027217717725971e-01
9.305818592993503557e+00 1.408595000259093288e-01 -9.858264397430992476e-01
5.245129874151160720e+00 6.101546640876282623e+00 3.594457845637588633e-02
4.927641843270811783e+00 5.303480383617706018e+00 -3.506007288247348086e-02
6.451171223143739475e+00 3.120559484210018830e+00 -6.100484891724533565e-01
4.380099261314596149e+00 6.160754817864225963e+00 3.733854860557839217e-02
7.251189537785540651e+00 2.653139772156654086e+00 -7.220746317438326844e-01
2.012314913901380731e+00 9.701522579340094765e+00 -9.446686500572337719e-01
2.957804242475277512e+00 1.322236195007926218e+00 -7.856370921570163812e-01
7.834624320791984786e+00 6.516696109735442555e+00 -3.310438604780361338e-01
8.791883162094130455e+00 8.226747753299177290e+00 -3.056479572018646063e-01
6.544833930297477842e+00 6.084031971645573189e-03 -1.003108152868774861e+00
4.584580382669820153e+00 3.212005976571703503e+00 -4.686165015140848489e-01
6.236369032352119535e-02 1.490186423583645281e+00 -7.651094909064000138e-01
2.229169662105534577e+00 5.322810758378072826e+00 2.609681470683344884e-02
4.806641148885009152e+00 3.903900966190380295e+00 -3.663594658103725976e-01
4.703894269215697754e+00 6.876205863615086677e+00 4.000287924930745476e-02
5.646950306552020571e+00 9.066241074331359284e-01 -9.320130284909563523e-01
6.877940811142130073e+00 7.046125692471129298e+00 -4.659120540163219637e-02
3.953387642201046770e+00 1.657503112230948927e+00 -7.308304197269479552e-01
4.344702418881652761e+00 8.884321268671740768e+00 2.507548300820516829e-02
8.464551216924270705e+00 2.791845050032073061e+00 -7.722180450586751954e-01
7.480996953428119767e+00 2.570179261685197059e-01 -9.944647338905718836e-01
8.331909487834399997e+00 1.894716591202297407e+00 -8.182380557694995948e-01
6.691218884810017364e+00 8.683866102265769271e+00 4.897437423171435711e-02
4.921996002814993609e+00 6.741110560260737294e+00 4.139883837797020405e-02
3.851956288034616538e+00 3.329812542407577070e+00 -3.654141953366041307e-01
6.647378566218263174e+00 2.891449936438886592e+00 -6.530386897060973528e-01
9.351589593017738622e+00 3.659705734812332412e-01 -9.937266736051559857e-01
6.707187819364953008e+00 7.686757674921084416e+00 4.729632199094102596e-02
6.703515296281482350e+00 9.125234918764490999e+00 6.562500908240298525e-02
9.732816517678818613e+00 1.124779719262644528e+00 -9.992727282991196169e-01
9.646184111413868223e+00 5.869083822081626600e+00 -9.721492057740134252e-01
6.750787002243633594e+00 3.534771051207066694e+00 -5.729346544446394240e-01
5.762648675695016820e+00 1.499142912690042129e-01 -1.008042298855741370e+00
1.297048075537654999e+00 5.918153413202232649e+00 -3.982207605738619094e-01
6.769019094375726020e+00 4.104630703709872819e+00 -5.021022899626519376e-01
9.558725680088794974e+00 4.018277720896992200e+00 -9.070131382724695435e-01
8.175282886032771756e+00 9.353408668773823820e+00 6.204461686331186332e-02
1.598224358854114513e+00 2.086406361265836118e+00 -3.941203470587213431e-01
3.899713111684336209e+00 8.867926064581883594e+00 9.588963988169663111e-03
9.176282876439364244e+00 8.433998014375042374e+00 -4.805992483759620182e-01
2.019666424858486575e+00 6.687852831397070652e+00 -2.923759896551736404e-02
1.824178888726643022e+00 7.403852092184789235e+00 -1.490693372969742470e-01
6.563040985135979888e+00 3.715218380928515529e+00 -5.372300258124784733e-01
3.573223928441368269e+00 1.330078276921764502e-01 -9.877784982097357336e-01
7.872681300853172637e+00 6.196552867380019869e+00 -3.798876937104813667e-01
5.498171302500721502e+00 3.707785199048549973e-01 -1.003377293783263458e+00
3.294653122358948583e+00 8.002693338667132394e+00 3.984238717085775150e-02
7.591296002150315303e+00 9.428297524349304126e+00 4.881759469028132403e-02
6.320324399345281563e+00 5.076574166075673133e+00 -3.314280962311819678e-01
7.732824458751789365e+00 2.947273997089379982e+00 -7.118678789227718129e-01
7.327002479521246059e+00 2.682701980275790543e+00 -7.219198586414666829e-01
4.845015314176627008e+00 8.551832003194355991e+00 3.481508059303428659e-02
7.740765557096153771e+00 6.882536202822224780e+00 -2.579677258556439812e-01
5.577084463358349176e+00 5.240950621250139108e+00 -2.041072924222691043e-01
2.490608754558348625e+00 3.069587670112803757e+00 -1.344596093605794351e-01
3.188954660809085184e-01 5.006099931367084643e+00 -9.302832776076934707e-01
1.852546442454900133e-01 2.590563181941103466e+00 -9.063732072203625201e-01
2.278241044686387884e+00 4.118515897104316204e-01 -9.478622400632388256e-01
6.773174190236561643e+00 3.005181659411209516e+00 -6.436163668844808727e-01
5.842378561633902123e+00 3.609913097749899435e+00 -4.984438114955975774e-01
2.834683214668643814e+00 8.242976851724342913e-01 -8.934095516712301510e-01
5.517066083682104605e+00 4.109503695644711740e+00 -4.022792913456865183e-01
6.897615065225267017e+00 2.579388253095880934e+00 -7.126411473324169021e-01
3.271452755289777858e+00 8.191172502876399975e+00 4.067579833839118919e-02
1.688751294033398187e+00 6.979620322531617127e+00 -1.943452943174914793e-01
1.507690263505560901e+00 5.651669433824260125e+00 -2.396817473700139089e-01
5.997845676379256474e+00 4.334644478288587344e+00 -4.065199252164810595e-01
5.406240194233618901e+00 9.272479537125853932e-01 -9.181108099155209645e-01
3.773820336470074643e+00 2.360590463490335633e+00 -5.818934132556199401e-01
6.435461333135237716e+00 1.864447793466401215e+00 -7.891223793636584771e-01
9.684029473342253169e+00 3.859530064165201058e+00 -9.492888406253179312e-01
9.102429230523460646e+00 6.271641006355566539e+00 -6.872703469802567966e-01
2.044356195375185148e-01 3.960791428173894513e+00 -9.766637346962578903e-01
4.288967910269791517e+00 7.127948953607425864e+00 3.993587618888883028e-02
2.578673971834204437e+00 3.597563152773664008e+00 3.493720216385831634e-03
4.612645890316422026e+00 2.814892743172876521e+00 -5.506280801561527216e-01
3.359316441347336646e+00 2.914766936318383017e+00 -3.693689364594270330e-01
8.931536825628297649e+00 5.260703429434667733e+00 -6.819109596131650575e-01
1.819027875048450094e-01 5.655140238338153047e+00 -9.697573539474824145e-01
8.863196911219773710e+00 9.188905977438996953e-01 -9.837784100068824866e-01
3.589411484843313627e+00 2.041255394016402658e+00 -6.381216334698622816e-01
5.222340902504428506e+00 2.223293202335846708e+00 -6.991957944834603644e-01
3.900433127384050902e+00 1.479241774969306755e+00 -7.692364090760923645e-01
5.190809809935454489e+00 9.101744779818048414e+00 3.311419611554389242e-02
6.190245497023885157e+00 7.215706192528335450e+00 4.526525301440287308e-02
7.119900995133288113e+00 1.765811252922419694e+00 -8.518751805863895576e-01
5.074111235587050572e+00 7.927831606550963528e+00 4.572675966915618062e-02
8.733321233649299131e+00 3.481282464779706487e+00 -7.772244521897754277e-01
2.160076618319027031e-01 4.841689562367669231e-01 -9.027544000671561264e-01
8.452688151988189125e-01 2.046399540896104430e+00 -4.319132494329460670e-01
8.860968673180137145e+00 8.231550656720981740e-01 -9.909819127043399956e-01
3.668956477992083021e-01 7.037661558421754115e+00 -9.508776380954797602e-01
5.176057294002064602e+00 2.741501035497159844e+00 -5.945345222048981082e-01
2.662221117404277582e+00 8.728627717089898042e+00 -2.989750019023218464e-02
1.193909206882184382e+00 1.055242291526566234e+00 -7.161449448286361097e-01
6.132313549459889046e+00 2.707477806357578398e+00 -6.511593475012853460e-01
5.323020645614712915e-02 9.071978688745154784e+00 -1.003403193524200265e+00
6.071295375490967094e-01 4.653452382258333131e+00 -7.194435438329147559e-01
5.624452424514149840e+00 8.730433232076142858e+00 5.871383449428324575e-02
3.130237517049665463e+00 5.579205214214838726e+00 3.869852806202311868e-02
1.946800252019807553e+00 6.223463911175452168e+00 -5.168581255346627046e-02
1.864144015709843019e-02 4.082493732911086859e+00 -1.039148575694047061e+00
2.203429225609655262e+00 7.523048217745498256e+00 -6.661483009915869502e-03
7.790831162822768441e+00 3.244240940441212029e+00 -6.741836469034123702e-01
1.649000460823431213e+00 4.234454390607421459e+00 -7.017234140905515005e-02
4.657905110893832301e+00 1.235517392970955974e+00 -8.454980447790554354e-01
5.940905501867243643e+00 3.973872696080955613e+00 -4.532483427533890996e-01
7.133638106002725188e+00 9.563846020979291040e+00 -2.435835262724855843e-02
1.155995382213655276e+00 6.279120762280490986e+00 -5.016172870819231022e-01
2.286835965722422426e+00 8.700148803881656789e+00 -1.972880482840699834e-01
2.013903801575347430e+00 5.607322760589845245e+00 -6.264099356467767166e-03
2.362599918146190525e+00 2.210245163346601927e-01 -9.749245871069966984e-01
1.358872736812347437e+00 7.425280737029322786e+00 -4.060517836263972669e-01
8.100538532336186037e+00 1.743425108256793976e+00 -8.325947117887536608e-01
3.914494666907684106e-01 2.384335470469729490e+00 -7.329892958201233988e-01
6.968691690869190936e+00 2.704979517052022775e+00 -6.982274595585933330e-01
8.941218948295528435e+00 7.332156081205059905e+00 -5.332740964379103499e-01
6.189135964084687913e+00 7.117265942085996500e+00 4.237130103445707618e-02
7.531468622630668186e+00 9.770219023603715414e+00 -1.344863993337426789e-01
5.449101077679649130e+00 4.776895092809939847e+00 -2.785248476970823006e-01
3.017107666525652210e+00 6.862810960014121164e+00 4.231363481842231877e-02
7.006681341351058023e+00 1.822493805738316208e+00 -8.473386531088825668e-01
7.858995110865018674e+00 8.529027764692244773e+00 4.910369378491002967e-02
5.226790651860315329e+00 9.299419992522070189e+00 -8.378129198148021040e-02
1.536178579486358942e+00 8.491108719397976401e+00 -5.976186089673132251e-01
6.651019966371548797e+00 7.698109637236303371e+00 4.840002575877222490e-02
5.150833457355203038e+00 2.594302140188871952e+00 -6.220194923071762361e-01
2.804398245921941424e+00 2.224673215260418946e+00 -5.384486613625729667e-01
2.279818360075578365e+00 6.864052664705945439e+00 1.777769073365043084e-02
8.239502016399431028e+00 2.204129249538126223e-01 -9.954459970837037375e-01
8.915714791435463971e-01 9.539149299811787941e+00 -1.024023470629025434e+00
8.089038653580452376e+00 2.251741719142772880e+00 -7.749308289771164038e-01
3.330221858733402485e+00 8.849137848850556765e+00 -2.735367178558978374e-02
1.270726750102586955e+00 5.820370233630771217e+00 -4.120853438331106844e-01
6.625495412903216419e+00 4.543954846720034801e+00 -4.316462806518512885e-01
5.013658168970886564e+00 8.664261209512478246e+00 3.633069507602582071e-02
8.539674233133704107e+00 1.295431890222790372e+00 -9.188101820557572630e-01
5.222715358470821023e+00 2.779971862192204934e+00 -5.893044961606277443e-01
3.657550937214337328e+00 7.643539554071299591e+00 4.174301924909507022e-02
1.380782527276917804e-01 6.284256186732120497e+00 -1.020188661048688772e+00
9.690273211772003847e+00 1.132830754906948290e+00 -9.991412783245416929e-01
7.692177911929342748e+00 1.293253558917065726e+00 -8.772665124950054238e-01
8.715807984585646651e+00 2.727999999199572922e+00 -8.044747241291256845e-01
8.041519690865387204e+00 3.895841478257621726e-01 -9.866480482727524315e-01
5.943353899721841138e+00 1.617774681401098702e+00 -8.082527789011199060e-01
4.139511222395163337e+00 1.802314959650697768e+00 -7.154014496031912973e-01
8.876605102655680923e+00 2.728582080140916410e+00 -8.345434465106791322e-01
4.935369248226851191e+00 3.448867994625702149e+00 -4.546533399739898229e-01
6.337410311480571323e+00 3.257694178151149256e+00 -5.844093852426310853e-01
6.761389921413006654e+00 3.294817608759901262e+00 -6.037680934675166977e-01
9.680173255759404682e+00 1.811747163273320860e+00 -1.000466793199823456e+00
3.840779941837345834e+00 5.440339055189312489e+00 3.660888305127718567e-02
9.356013789372941147e+00 4.746894547860594393e+00 -8.097010158593243023e-01
1.991498814029673881e+00 8.922182136689785992e+00 -5.112612944927981129e-01
2.537813125185856555e-01 5.337326929809131926e+00 -9.483781042554797480e-01
2.364397040186302146e+00 3.259122328868759855e+00 -4.510689603765793976e-02
3.791726926546411747e+00 4.451747829199881323e-01 -9.564692821316050919e-01
4.470471874162493364e+00 2.826225311179100808e-01 -9.627766267180055682e-01
8.830556282060975093e+00 4.670905301434514101e+00 -7.045133875626414799e-01
2.086441290227168288e+00 5.215219247724331098e+00 8.176969116735932630e-03
9.673504152967312919e+00 2.884473552064882984e+00 -1.001597588132761452e+00
9.369792752282707582e+00 8.301399376779809103e+00 -6.238539258569583135e-01
7.985205242537973369e+00 4.908820049161250587e+00 -5.400073379527122741e-01
5.007674419047600800e+00 5.027383448123653231e+00 -1.234417812674193371e-01
6.935276489438213510e+00 2.682344754656765251e-01 -9.988055398316056932e-01
7.416681490206031846e+00 3.786644776728364636e+00 -5.900555331722713293e-01
4.326572585887099365e+00 2.085802074881311530e+00 -6.795073833210159009e-01
5.371246850718983445e+00 1.174309150076548347e+00 -8.771149766486110444e-01
7.571648315067636137e-01 1.916081641776718802e+00 -4.997387098547951823e-01
6.317291264572512333e+00 4.985539743501147036e+00 -3.440039724669159416e-01
3.871665134776812955e+00 3.097777700068893747e+00 -4.218414913168686553e-01
2.529433896027637463e-01 6.350736424150697168e+00 -9.733385538150720606e-01
5.282450847803127125e+00 3.431993052835957680e+00 -4.832375081786883797e-01
8.535568687341690719e+00 1.749249949149709327e+00 -8.537644807057253038e-01
6.927476233338637712e+00 8.438478355206862958e+00 5.063209727861672782e-02
7.735880000979557636e+00 1.575947829939577494e+00 -8.450153086529635926e-01
6.294692064117586305e+00 1.893301728391627359e+00 -7.720887747083585717e-01
2.573308387790012475e+00 1.859159700458602238e+00 -6.197957599093348868e-01
1.700727775262732777e+00 6.125168412783523308e+00 -1.572646213259423220e-01
1.093084840955706571e+00 8.874167737652692622e+00 -9.105531704979950014e-01
1.361837800087567940e+00 8.117589939178309066e+00 -6.193553694172959645e-01
3.970266021436920645e-01 9.066300988373414693e-01 -7.687168949279774566e-01
4.347446912991172474e-01 1.223580098776914538e+00 -7.178199351895766522e-01
7.969464716473700250e+00 3.350011722495020994e+00 -6.781575019334986631e-01
8.425504900957575538e-01 9.180881338936980995e+00 -9.965197647218895227e-01
5.176618215713752136e+00 2.354567936354202473e+00 -6.706616398530393930e-01
4.820527427097693440e+00 2.438307137166214389e+00 -6.367143927053278141e-01
6.177156619731868359e-01 8.142450759956105344e+00 -9.495106855090189590e-01
6.989813795095058957e+00 3.108189769834129201e+00 -6.395872758655617440e-01
8.585890606995890906e+00 6.581655085706128894e+00 -4.909413330078394311e-01
9.856810079941766389e+00 8.848720381444534766e+00 -8.615376293603287383e-01
2.872085631856568622e+00 9.550615282965496888e+00 -6.189179556650361569e-01
5.035721034529906603e+00 2.279274957998657758e+00 -6.788352923454239463e-01
5.083950877665568413e-01 3.471934786730477729e+00 -7.143207942857561221e-01
2.602715108990686144e+00 8.835259757314294360e-01 -8.713205435471362836e-01
5.008951605527856010e+00 2.042582726521100955e+00 -7.235815302526411585e-01
4.756538941600444659e+00 3.577618901818239716e-01 -9.655777992748559857e-01
5.924938142722282475e-01 5.141787876438566052e+00 -7.714768032973049472e-01
3.512695419362007687e+00 5.757810936221877895e+00 3.845699584770834178e-02
2.898235912303602779e-01 8.637453564314691690e+00 -1.010857926370221094e+00
4.938307826510974330e+00 7.769834321088439744e+00 4.367496702754714022e-02
3.544573864066194346e+00 4.891479983262041920e+00 4.319560872536731821e-02
7.446123293803972309e+00 8.868953504831864620e+00 5.395620189739475103e-02
8.832178291962916816e+00 1.238295184375256763e+00 -9.499062946278846731e-01
1.208120352139616660e+00 9.630807595796008869e+00 -1.029450605358475102e+00
4.721560958678785447e-01 5.492629047176166068e+00 -8.705722535307378607e-01
8.668041744597806186e+00 4.175447981341192438e+00 -7.132617071296003530e-01
4.583293631483894792e+00 5.417760397539733930e+00 2.704009494616954612e-02
2.487969275170577976e+00 5.133333569302761745e+00 3.632019441349587652e-02
1.464191184857370098e+00 8.731558416115479559e+00 -7.179601139282532074e-01
7.042803519885795005e+00 2.845605367279850473e+00 -6.813737876570369334e-01
6.458090038790681220e+00 2.523321443111254503e+00 -6.948532247694456654e-01
1.323223102103801230e+00 9.848247339433640946e+00 -1.026142811872985616e+00
5.254462398685238789e+00 1.543487960208016763e-01 -9.966026329317289045e-01
4.743328074098285718e+00 7.333033092843026957e+00 4.192870760159372878e-02
1.629993841581771408e+00 7.608827720071165146e+00 -2.838115126954265932e-01
4.741663823701638414e+00 5.624022017496304926e+00 3.009162177388891024e-02
1.776984955787626719e+00 8.414346055765747678e+00 -4.142150335090453162e-01
5.799711009084576041e+00 9.883978454259969570e-01 -9.262574368908401690e-01
4.712074806057928278e+00 6.343047535947602178e+00 4.003673402255447655e-02
9.480710793754873578e+00 4.059562995475311631e+00 -8.873543919884309128e-01
7.254087036417551815e+00 1.527745618492825530e+00 -8.649708435939672535e-01
7.476783887221982727e-01 5.469650255497748859e+00 -7.468049238853238236e-01
7.500967043017790381e+00 2.880284394762810507e+00 -7.033929242505145840e-01
9.670896437263133194e+00 6.623774311730161735e+00 -9.002588127194766088e-01
1.317443128942584529e+00 5.064733589313844320e+00 -2.849987586408797569e-01
1.789964179131492417e+00 7.536998717372370038e+00 -1.814458099650315681e-01
6.708424036084529085e+00 7.352859339775341674e+00 2.722408164695822030e-02
7.070692836418129623e+00 9.203683547762219419e+00 6.016719225627398249e-02
3.532847296049717034e+00 7.863635832704493289e+00 4.267904434478841935e-02
8.666850844993206238e+00 8.789258260789685195e+00 -7.409622675788529733e-02
1.293104259043036830e+00 6.951296380475916692e+00 -3.999074626941547805e-01
8.551795669153039015e+00 5.893797497854596834e+00 -5.630345831467865603e-01
5.066132260811939680e+00 8.952055489861037163e-01 -9.138829192870185913e-01
8.476970171031840806e+00 8.258705676944460450e+00 -1.559196455381071378e-01
7.288549447623420718e+00 9.755714458206297124e+00 -1.281345611840114807e-01
7.086260579567421836e+00 5.049786416980146520e+00 -4.160443413221315279e-01
6.670877242437661003e+00 2.188202663587788699e+00 -7.544179882142331151e-01
8.047976867161547032e-01 7.273502157255447464e+00 -7.198666938061277776e-01
3.539977477174533593e+00 9.785471437392201821e+00 -8.159230253649388809e-01
4.668868834652269761e+00 2.118715432003969390e+00 -6.898553471180215446e-01
2.608143883736035562e+00 7.413714566859360700e-01 -9.099010824500841643e-01
1.898226679295940966e-01 3.608594856189049627e-01 -9.410898874810271764e-01
1.199219373872417505e+00 1.960373195435972438e+00 -3.951466576153257471e-01
1.711515496030528105e+00 8.679699204991520034e+00 -5.566663273300525017e-01
6.361839405949110571e+00 1.759038216270050192e+00 -8.060050109860650291e-01
2.436796367647829253e+00 3.323106829242156168e-01 -9.740845891791203304e-01
4.586484458707653644e+00 3.788275078370400006e+00 -3.587993823825015305e-01
2.991227142539577333e+00 9.020607354827999913e+00 -1.747996587225166820e-01
5.417230155250921442e+00 1.074507569054361955e+00 -8.909243648726680176e-01
2.097058034788896297e+00 3.370688389246268013e+00 2.107004695832159769e-02
5.198633808778768683e-01 6.980149798058031152e+00 -8.604919540140487655e-01
5.320145839085936856e+00 1.086792361703155407e+00 -8.894629765785955211e-01
5.718965312909830345e+00 3.278385797301366367e+00 -5.372581199155026521e-01
5.141622694208891176e+00 3.494139743218682703e+00 -4.635357660791077361e-01
9.378893262569496514e+00 6.661650270205908164e+00 -7.932763073987285640e-01
1.213776488878205884e+00 1.250069728401505431e+00 -6.533693613228463981e-01
8.210245282626949859e+00 7.621736404932335063e+00 -2.197665671809643784e-01
9.372281664687616143e+00 2.199300295120194537e+00 -9.373010746412421268e-01
8.038863809559622098e+00 6.682483822839427212e+00 -3.472267500522855377e-01
5.758096773171118343e+00 4.630114853974063749e+00 -3.402772772846953675e-01
9.194117666475092321e+00 8.162999895090766955e+00 -5.375540343079556749e-01
4.675674075180194400e+00 7.975045143445956164e+00 3.968062223628532337e-02
1.745721368265227280e+00 9.444469736485881839e+00 -9.197334794637368471e-01
4.716205408994847303e+00 6.133743241700227777e+00 4.035170643067287344e-02
9.256848145993341603e+00 2.483844188457189350e+00 -9.099492896628990080e-01
2.788981320725510749e+00 4.320045561049886018e+00 4.315028362352402169e-02
3.648486970181145317e+00 8.768725891339473222e+00 1.017565479000359652e-02
9.030355155133941381e+00 8.492146653651801103e+00 -3.743395348716200832e-01
8.257828971116902395e+00 4.207074973556675784e-02 -9.954249451767194223e-01
5.075089073772164561e+00 8.055515296991506702e+00 4.590593951941412953e-02
4.287423001272519407e+00 3.412607579667277236e+00 -4.016651259214398806e-01
6.923231687476072871e+00 2.817395315120715393e-01 -9.986862454535317957e-01
1.937359048325588695e+00 7.228127249350744243e+00 -8.304904986578653947e-02
3.042971134167433700e+00 4.043739300800504921e+00 2.745760833832866510e-02
8.425902963104244137e+00 2.687239199661139999e+00 -7.683511435941440260e-01
6.453612901569801608e+00 6.208151038174277936e+00 -1.527956018021188189e-01
4.862943834726038972e+00 6.850445817533924675e+00 4.137947234103567240e-02
7.639121286620699891e+00 2.027819407365720750e+00 -7.974420561869758339e-01
1.650199966531098461e+00 5.244464194005062474e+00 -1.258114679020883031e-01
7.825627381862807930e+00 4.965769866003153510e+00 -5.117115564530919647e-01
1.623856413704753698e-02 7.700623773000694783e+00 -1.026207951827582399e+00
7.203635050989719346e+00 7.405525325798469893e+00 -3.652796590059592674e-02
6.123149539849682910e+00 1.597780400309830373e+00 -8.206288544612247993e-01
4.264954523255099161e+00 2.210693991284745863e+00 -6.507986698837124884e-01
4.913713070574866393e+00 6.819473463355918419e+00 4.170590582360311771e-02
2.007403354662365302e+00 5.562869857751845615e+00 -3.879375361311332426e-03
7.347244919165803800e+00 9.849251534267864372e+00 -1.810300108138125363e-01
9.550294471896984660e+00 9.519775036874111862e+00 -4.198654431887527405e-01
5.634381306680391610e+00 5.720195686588258610e+00 -8.703376546682584092e-02
8.750840816135598388e+00 4.338165166869907274e+00 -7.168335368387497297e-01
6.135526845793227935e+00 3.145089873239978129e+00 -5.860905008787660186e-01
2.669317476533488165e+00 4.024368537486830988e+00 4.102706337192474351e-02
4.087146282546668452e+00 4.987967651971307426e+00 2.870501993429908083e-02
1.803720753396670595e+00 2.371592101467159819e-01 -9.336564167302965345e-01
7.366854822687406212e+00 5.808636662962427089e+00 -3.552534679211116764e-01
5.252457450025029395e+00 8.285915427684727774e+00 5.007153736212233142e-02
1.481436572498838089e+00 4.377553086548133798e+00 -1.568471432454208170e-01
1.682200101173566775e+00 7.195124059836857100e+00 -2.052618699980146566e-01
9.532548201355284689e+00 4.949427683772706033e+00 -8.448510639569556391e-01
6.976357750557999005e+00 5.015251340149998960e+00 -4.086873040218055309e-01
4.708327862002541053e+00 3.062718747318529111e+00 -5.074733043522414722e-01
5.650493376594666550e+00 9.643662021179370214e+00 -4.394680183802368578e-01
1.546437482737249791e+00 5.414190927123733843e+00 -1.854692286372907617e-01
3.678970615451619075e+00 5.780666870445285710e+00 3.790608862646616117e-02
5.665448961439166986e+00 3.190250404271452123e+00 -5.463362279848675840e-01
7.778415713791099861e+00 9.372231784847674163e+00 5.394491252233468703e-02
3.393762266099483949e+00 3.080730505039347200e+00 -3.249567692043364708e-01
3.735331157873113206e+00 8.859018380395667691e+00 2.515623678591039081e-03
1.207512424974780618e+00 6.875039955109908618e+00 -4.418531721254428390e-01
1.868059380565335159e+00 6.473503061461276964e+00 -8.095050491909105972e-02
6.912110845161839379e+00 7.291229462495874003e+00 -8.880169260212067428e-03
1.249182110813625401e+00 7.951642879625149263e+00 -6.531737509865473967e-01
7.342339649305785976e+00 3.947182866826264847e-01 -9.885328640704778014e-01
4.888859745981258165e+00 5.852349136079818770e+00 3.452191720115438400e-02
6.272243511185438436e+00 8.560525166593420110e+00 5.009247992072984879e-02
2.766059273846921407e+00 8.440443359078347640e+00 4.626862098925732525e-02
5.802078162530449390e+00 6.535333569127075748e+00 2.068675320916790739e-02
9.386660727332918341e+00 2.668648156884454004e+00 -9.457425542786150885e-01
3.457809652568579306e+00 7.455016934425290565e+00 4.092748052201189424e-02
8.272014639393187707e+00 6.855412336726252498e+00 -3.745131555236151932e-01
3.651262536933982950e-01 2.448621426631559572e+00 -7.626687337028426050e-01
7.614606509839614290e+00 5.930112111283466270e+00 -3.742057392291924245e-01
5.542011701586172734e+00 2.081339476719464177e+00 -7.372698181268320106e-01
3.695167956973799406e+00 5.994418827810867878e-01 -9.427334040958438299e-01
4.893754627465898288e+00 6.097847087141167188e-01 -9.460036684895538617e-01
3.635528303900235514e+00 8.587100619660532175e+00 2.761874824803500772e-02
9.716741243433594022e+00 1.901989175608342908e+00 -9.977938399229646649e-01
6.657693450094136267e+00 6.872286744242076750e+00 -3.890351258972013504e-02
5.870013024074657970e+00 4.326140455053391953e+00 -3.974544160496749079e-01
2.534991043527601740e+00 9.093976312488649683e+00 -3.547148963635446961e-01
4.147262163854858130e+00 8.265837155811039949e-01 -8.885853834129233686e-01
6.291427561456454320e+00 9.361542687415459474e-01 -9.812732883860589839e-01
8.578880951891653339e+00 1.662032144655006372e+00 -8.710505946784989906e-01
2.846224309287417320e+00 2.994801573488688362e+00 -2.362480666616875169e-01
9.856137193196108370e+00 8.224807263318357542e+00 -8.845895646731098960e-01
5.784923716955713502e+00 6.204501761116229197e+00 -1.623166688788346690e-02
3.955937528397452385e-01 2.294786356196251376e+00 -7.128298485665482964e-01
2.551608861969344222e+00 4.268784294690245673e+00 4.321469873405137108e-02
1.531150684208056667e+00 7.244899422748493301e+00 -2.898120674215869386e-01
3.463021529297405809e+00 1.046364351515889579e+00 -8.694397129345354802e-01
8.476612798790557068e-01 7.773191615866882564e+00 -7.962410886818038769e-01
5.031834456793110810e+00 1.479123891428470117e+00 -8.306877969017876229e-01
6.355609478150801017e+00 9.166616982509557587e+00 7.758658695286224649e-02
7.599531209078125293e+00 6.237089691773301858e+00 -3.310614013652271037e-01
2.024983086291381795e+00 8.984040423942596387e-01 -8.255559999322750198e-01
8.552555225109742310e+00 7.165063235790679386e+00 -4.126957899451393907e-01
8.246930603001597859e+00 6.964655354841058355e+00 -3.531026421591983988e-01
1.773594527619183125e+00 7.430776104869893928e+00 -1.774607982893163793e-01
6.129465413951812991e+00 4.457757673254609365e+00 -3.998139350498159938e-01
2.918140903543826603e+00 6.728839365899376368e+00 4.234152766235776966e-02
5.103457290925393686e+00 1.968931478038064453e+00 -7.439602530951541226e-01
7.635096867887322780e+00 3.450641441513934371e+00 -6.277813802602522086e-01
9.191941428942833170e+00 2.589657253883506094e+00 -8.993352214868000072e-01
8.646922780626105975e+00 6.063723610155672183e+00 -5.700574120013570667e-01
3.911498514344855515e+00 8.939073137185001627e+00 -9.451388694169615690e-03
4.006317574421435879e+00 9.049779702971482820e+00 -5.811164126466916713e-02
3.763251044301330950e+00 3.185604971093523474e+00 -3.804136117715417598e-01
1.348357066542141602e+00 5.087100227282309817e+00 -2.697209847735502208e-01
1.490979628673327007e+00 6.200100213352490286e+00 -2.789555787310575852e-01
8.635019392974326635e+00 5.485848537637810551e+00 -6.113431856832356459e-01
3.131456391528790739e+00 4.313353303272049466e+00 4.017494201080573646e-02
9.323292564642088109e+00 2.331488739159785606e+00 -9.234433389730096753e-01
8.400314742783560717e+00 8.861975490806198508e+00 2.693055910625563598e-02
3.865253235887494920e+00 3.583727313853628971e+00 -2.805170283452556035e-01
1.205898857656146017e+00 2.142142004231868402e+00 -3.442690989674557223e-01
6.157490141781285509e+00 2.844959777601661077e+00 -6.315079519554136489e-01
7.910764482451843271e+00 7.320422117008207330e+00 -2.065649769415853765e-01
8.170424477187150814e+00 8.355182812667196757e+00 -2.804687702495164275e-02
7.682548652557894542e+00 9.333682197302202610e+00 5.783121314885186770e-02
1.266935169928044003e+00 4.513588397192335400e+00 -2.828022140023884745e-01
5.241544466450757112e-01 8.703498556405016018e+00 -1.007002006450089748e+00
1.805119975998430437e+00 1.396886855833857410e+00 -6.658247247572210981e-01
7.627813252740752725e-01 5.413106025913104524e+00 -7.234436965520716356e-01
2.335017577408934564e+00 2.017019631936318724e+00 -5.439809421626393693e-01
5.768052571251755190e+00 3.433885462641051323e+00 -5.184041752691068705e-01
4.032027113287433906e+00 7.749571282921348114e+00 4.178999135123673270e-02
4.097701859964002935e+00 7.519832712885191839e+00 4.118561412541410505e-02
4.720622508009607365e+00 2.014816429498817174e-01 -9.738461254215314833e-01
8.559091013137647863e+00 3.248413590789040128e+00 -7.662983872197730584e-01
3.992125752685005136e+00 3.160625797108985946e+00 -4.275455191753390061e-01
4.134535948048205789e+00 8.733017965368901514e+00 3.417768352800454323e-02
9.714302069115291260e+00 9.438574646675345292e+00 -5.418586782542824665e-01
6.372651421327112153e+00 7.021541977193787254e+00 2.401680620369628372e-02
1.038669843286567307e+00 2.584891616986833895e+00 -3.484749497765835535e-01
1.663764978022374219e+00 4.117686520955718521e+00 -5.973986126939667685e-02
7.679261810176190473e+00 8.172482020046487605e+00 2.730945258147099430e-02
2.937869752105755516e+00 1.458510328458068273e+00 -7.522079721975667432e-01
2.641198145769567684e+00 8.368067471305334903e-01 -8.830599384594295387e-01
2.723774975685742561e+00 9.398422147809135652e-01 -8.482472101661602260e-01
4.912771186875787066e+00 8.009877042054013074e+00 4.263649786744982961e-02
4.119471652753031066e+00 6.901412795788313126e+00 3.951815569558458918e-02
6.716323438428508652e+00 1.679122751842781591e+00 -8.537853545380773568e-01
1.258050302559873046e+00 6.290268033981313067e+00 -4.292295393511906809e-01
3.645794454988389610e+00 2.823263271963445842e+00 -4.503105104061737585e-01
6.350101554234716117e-01 2.994599147794609451e+00 -5.844068238077118060e-01
8.238019154270788125e-01 2.558244358126230411e-01 -9.414542993372820856e-01
6.396220859083451060e+00 9.452841459437454574e+00 3.421879539725325436e-02
8.547659227046532138e+00 7.939936326120164090e+00 -2.627291139588304736e-01
3.583849550994267386e+00 4.098229924852177852e+00 -4.758934736305553415e-02
8.439104478223778960e-01 4.720947537208798117e+00 -5.562942069427876390e-01
4.052213591926130398e+00 7.238257732158053237e+00 4.035187553908903269e-02
8.109267188856197350e+00 2.003924536682174296e+00 -7.989182785600921211e-01
9.604894052215799505e+00 3.959604599090286836e+00 -9.225414665897943012e-01
2.112581329526411089e+00 4.109109922520850944e+00 3.212761308325973175e-02
1.669986294674671079e+00 3.276007449724835929e+00 -1.978355515631369244e-02
9.410051243912009866e-01 1.058836314583882166e+00 -7.152522018851223962e-01
5.593628876293661456e+00 7.542121481392014104e+00 4.670863679188519413e-02
7.256908161306326654e+00 8.484827922126358501e+00 5.261546384614335103e-02
2.540057652562710544e+00 1.697290746479664492e+00 -6.619521450960035303e-01
9.802601779950416372e+00 5.422837021461809570e+00 -9.745692698496428719e-01
9.387680159707082694e+00 1.331431467652445244e+00 -9.876438749291990282e-01
5.254139189534480892e+00 6.330442684256867736e+00 4.008968260832146413e-02
5.969414165637236813e+00 6.514905263228707888e+00 1.116476061455262681e-03
1.211380684809002295e+00 8.564808453126531163e+00 -8.016838633736038666e-01
2.849743630983301301e+00 7.679737741618837710e+00 3.177639101685247880e-02
8.672515570738967838e+00 6.174159282703449492e+00 -5.629792636678719875e-01
4.872584450858242100e+00 7.900496855198170465e+00 4.237895145105330386e-02
3.031739136541147683e+00 1.022736796988304164e-01 -1.001351826320697302e+00
5.649252996277503769e+00 1.973503671926931213e+00 -7.560104676070817931e-01
9.247667580981950852e-01 9.593093029474657030e+00 -1.026827448595993841e+00
6.856291515294782535e+00 6.459438415435166725e+00 -1.659893080755125983e-01
5.322885507007141470e+00 6.612018942905029562e+00 4.105948377436119401e-02
8.907036060838576574e+00 6.183175344451205646e+00 -6.314167105510890554e-01
1.220862289256637451e-01 8.051027424523581999e+00 -1.014398264409892114e+00
7.508102588057690596e+00 3.380926746103364966e+00 -6.247625329424706386e-01
5.931171593440028866e-01 5.148517533295978943e+00 -7.719032821050699766e-01
2.594435772469733115e-01 9.084240588168024377e-01 -7.811744865659999704e-01
4.660589675237763352e+00 5.336470920674690532e+00 1.318137616270798063e-02
4.107674780319998220e+00 1.722387023415632434e+00 -7.273653837764524344e-01
6.579630329326591642e+00 9.468324257825850410e+00 3.746268897335980341e-02
1.289263782286516946e+00 9.470935357285624079e+00 -1.019700243158208952e+00
1.227826085505021814e+00 8.561260178614446659e+00 -7.926916541031110430e-01
4.047288808408942451e+00 1.798344057769802440e+00 -7.104527214552207592e-01
3.341793303779933222e+00 9.193325891524239069e+00 -2.360271747298987588e-01
9.840998472177968637e-01 4.588751830724846492e+00 -4.610916084839669082e-01
4.465011806438488939e+00 4.874090748524959160e+00 -4.299764365030833702e-02
3.914797065036789370e+00 6.886810020504793073e+00 3.948062655661477294e-02
9.111535485864704853e+00 7.008839467742757900e-01 -1.002237667232290574e+00
2.234013200996535442e+00 2.239472107007816959e+00 -4.394573484867185797e-01
5.030931073310202173e+00 7.678164753464447045e-01 -9.313470875545555305e-01
8.952204966530922237e-01 4.007118592820294367e+00 -5.026544069135763237e-01
8.124573585095768991e+00 5.442924026327368381e+00 -5.108107473720943092e-01
3.233211535883642185e+00 5.961592101317415349e+00 3.864966969011840447e-02
6.804077974124394856e+00 5.290447268601656816e-01 -9.954744656653946588e-01
9.165966572585162453e+00 1.800779303862346747e+00 -9.346159719528472909e-01
8.075288583382436158e+00 6.803714494305282301e+00 -3.373939230742740714e-01
4.760671134114864422e+00 3.471007097442452505e+00 -4.359783104390477781e-01
1.250779688447220206e+00 1.579488081236433805e+00 -5.465373054773401407e-01
2.709198639225355087e+00 8.939384749028167931e+00 -1.732285066254726225e-01
8.196626171330601451e+00 4.107855916872062529e+00 -6.400544468128127606e-01
5.483348378664337552e+00 6.378887384423994611e+00 3.503106250574328229e-02
6.890813149241313162e+00 2.933320519284763339e+00 -6.601083857781228081e-01
8.401668942803314222e-01 1.663386246583321793e+00 -5.491021754041240932e-01
5.306007965880255028e+00 4.231184820735006014e+00 -3.656687035372905292e-01
9.110531280654004860e+00 4.840529957400470651e-01 -1.001724653041011992e+00
7.060943371381600997e+00 5.314910973588027332e-01 -9.873424824852623516e-01
7.878157419058901212e+00 3.615123370966219163e+00 -6.355813200282884878e-01
2.996856091975892422e+00 4.426499118484883866e+00 4.383446949402447501e-02
4.175320432600273968e+00 6.663139899025692259e+00 3.879855922886399355e-02
6.496915423385711819e+00 7.459861630449526881e-02 -1.003782288897863362e+00
7.484431128539990929e+00 5.506372618705083433e+00 -4.081574537111554157e-01
8.732842122607578972e+00 8.062831957336104027e-01 -9.846581225828181516e-01
3.755981991796825792e+00 8.333637745634858263e+00 3.970127619101138094e-02
7.094583862041886846e+00 7.687401781921994193e+00 2.934640951976641432e-02
3.117576374329010136e+00 1.423809367973711826e+00 -7.681993688432142697e-01
1.251680105735195614e+00 2.188131654963099137e+00 -3.315108014889207588e-01
1.327468414933785090e-01 9.150280896923298712e+00 -1.003422091749667233e+00
5.454573422218843559e-01 7.987472391080514100e+00 -9.406631808211969314e-01
8.356084384144025767e-01 6.776425698158415223e+00 -6.408721028379540385e-01
1.692106295677918260e+00 5.042972101282254371e+00 -9.834961678223930193e-02
5.564443952917117464e+00 4.423964746428594275e+00 -3.569360124351388386e-01
8.924841286028341258e+00 7.628542062038498273e+00 -4.766920400525575530e-01
1.937260023089100169e+00 4.480111853885198059e+00 8.571286937637978554e-03
3.735521837518895327e-01 7.835973564540877234e+00 -9.610768608860125184e-01
5.416333013457103718e+00 8.155860100272173341e+00 5.068559297102059880e-02
1.942895050384122246e+00 7.547373013002530051e+00 -1.043371624197693137e-01
7.455925094436812728e+00 6.928305912789292087e+00 -1.925419911015064933e-01
9.279839449261242379e+00 1.773692027410351812e+00 -9.568702795770736014e-01
3.409254424201977329e+00 5.793745120401522897e+00 3.821076672144352315e-02
8.734515634645649840e+00 2.956639737959605441e+00 -8.110233273426338263e-01
9.332093897032175178e+00 9.404391708908656611e+00 -3.403169427756689291e-01
1.501352085541847403e+00 7.588368566633351797e+00 -3.541567292670060318e-01
6.294051475394893735e+00 6.716966255572554445e+00 -8.180170425839516923e-03
2.884307145137675388e+00 6.440490390602979787e+00 3.719613765364515601e-02
5.653685494584656190e+00 7.141689864533477206e+00 4.418110093199123511e-02
5.502607190378881796e+00 8.998504647646834442e+00 7.504225731190272697e-02
6.695997986853016393e+00 5.376818563563388054e-01 -9.980298408055641168e-01
8.866497567199997931e+00 5.525775896948238675e+00 -6.668081260671925303e-01
5.647011502586437359e+00 3.091140536840544240e+00 -5.598515991018619964e-01
1.420444582177847970e+00 7.175066953618153498e+00 -3.458210696083079405e-01
4.282970404678450471e+00 8.159381156865270768e-01 -8.950858007506017344e-01
9.288440588461567060e+00 6.925922990797421797e+00 -7.399097327496253484e-01
3.933609582828313300e+00 9.091362723152510483e+00 -1.002310030068462865e-01
3.577176313447957945e+00 7.012136388976456303e+00 3.959255623276902725e-02
8.671065367519020128e+00 5.099754626329602303e+00 -6.389322143433073808e-01
7.908359902812676090e+00 8.044180826559054864e+00 -4.059453676264002109e-02
7.662188846110768559e+00 3.438121294827026997e+00 -6.326291349455357427e-01
2.271446838066045526e+00 7.359286542502757378e+00 2.437686604767286269e-03
3.753023135847731506e+00 3.318706931490536416e+00 -3.425224882558794981e-01
2.770767152001871292e+00 7.017120836613973900e+00 4.206127230870304601e-02
4.285040512213476482e+00 1.521850533208108702e+00 -7.744483472052494655e-01
6.260246443797314875e+00 8.201326886039105091e+00 4.621722148511708816e-02
6.222095328486112464e+00 5.089841314655210169e-01 -1.002430463814550921e+00
1.998464203716467713e+00 1.758611412996966106e+00 -5.819943845880608535e-01
7.322914435609238382e+00 8.030153683028050438e+00 4.051924060790690341e-02
9.573299521889927277e+00 1.696799773384004340e+00 -1.001946416199511969e+00
3.044421596092412141e+00 7.962293990632558938e+00 3.357947193728749724e-02
5.572112073494658091e+00 5.312091478922415178e+00 -1.825047513439868041e-01
1.954774135330476614e+00 6.734361031296902667e+00 -5.512801588228022354e-02
4.146086199773366232e+00 1.791326677861073247e+00 -7.176405395613736360e-01
8.402019762162430183e+00 7.174267582988614889e-01 -9.747494615313780919e-01
1.921438013653748555e+00 9.497237890240644020e+00 -8.791691196580688761e-01
4.146012323505031461e+00 1.389741173532584861e+00 -7.952166779184028922e-01
4.139634477285157210e+00 3.350399553121174545e+00 -4.005416160926666969e-01
3.526847578751044043e+00 7.120374116646558171e+00 4.051073528220605624e-02
7.590271114456403012e+00 9.002367214349716873e-01 -9.345872137964073012e-01
5.342598799276660593e+00 1.442214931601468519e+00 -8.490684289772926219e-01
2.303479550168794632e-01 4.334607362848419854e+00 -9.351892425678851595e-01
9.429373339504133256e+00 5.914837344794556806e+00 -8.796795608533284350e-01
2.899337363062727047e+00 8.830336624267017598e+00 -7.017107297917601905e-02
1.500761260356809013e+00 9.037404802443967711e+00 -8.256013055839903636e-01
4.794225732758645719e+00 4.352387974930316261e+00 -2.838274137362151173e-01
3.764628613653429934e+00 1.350788840865850549e-01 -9.808730592602272758e-01
9.657973823207446351e-01 8.881867120861469900e+00 -9.454051332483988102e-01
5.791960319413906433e+00 6.049998972269309938e+00 -4.913868375416763357e-02
5.012749507695462015e+00 9.114040922351324125e-01 -9.095433062146435210e-01
7.409621699918365501e+00 4.875837212936125376e+00 -4.703280650293129028e-01
1.092908787902999723e+00 4.207133096170350584e+00 -3.800287062096163737e-01
9.464965783728414905e+00 7.570621808865394264e+00 -7.585167721706955746e-01
2.713596463530856817e-01 7.140978485246117557e+00 -9.983945473499797885e-01
5.603666651538570243e+00 3.939423368194738817e+00 -4.337946107750432212e-01
4.352961427445636744e+00 3.900141139213237018e+00 -2.977322751778030963e-01
9.145215307858695297e+00 9.259374361296396572e+00 -2.400719386201515260e-01
1.116880364440924478e-01 9.812269133004447141e+00 -1.000156434970394193e+00
4.556056834246949627e+00 6.276751548642583778e+00 3.862821587375497856e-02
5.340633561522777129e+00 3.857297719915437462e+00 -4.254630439724518265e-01
2.273364699792964405e+00 5.498384377045086424e+00 3.238208710269585566e-02
1.512771472694903530e+00 7.142878071015921648e+00 -2.925449419585692823e-01
9.814610308926815518e-01 6.387574305940590946e+00 -5.792931970457519952e-01
5.863032280225572102e+00 7.583105783809799938e+00 4.567975584249905907e-02
8.989061467644424042e+00 1.152782854858479533e+00 -9.704947549784086469e-01
1.089457514567513247e-01 4.626127064369056185e+00 -9.937367565556103344e-01
3.708347498376567852e+00 5.796817753375961502e+00 3.771363285132744991e-02
6.294297802753415993e+00 9.526693217811548209e+00 -5.401683330527728977e-02
9.408206230242688761e+00 6.747754245410125584e+00 -8.031366885099076036e-01
2.506997276495419591e+00 4.060233983528245827e-01 -9.747039996141930729e-01
3.225773149401744089e+00 8.141716415649383753e-01 -9.451429012155478926e-01
3.598870018298243156e+00 7.932944172429528429e+00 4.293338533059420925e-02
1.556529036168756042e+00 1.718918137602530649e+00 -5.259147128153469630e-01
9.041833815022862098e+00 8.123304659540039552e+00 -4.584999844686437620e-01
4.675879169981426386e+00 7.916219898264311716e+00 3.954634454952588030e-02
1.917993520502461857e+00 4.370908369378517122e+00 6.573906736504042669e-03
1.407768903409700734e-01 1.501352964306721383e+00 -7.475622448921310781e-01
4.481340030532898311e+00 3.010478279498738363e+00 -5.024326191082544302e-01
7.176937925843587252e+00 1.530447719134218065e+00 -8.690623949628847322e-01
7.348363511144982319e+00 4.321403146718554744e+00 -5.258393022023635233e-01
6.456242480196166866e+00 5.845807359677303694e+00 -2.213482994805642257e-01
9.503799197398340226e+00 2.491711093095862140e+00 -9.586916650956266439e-01
2.346470938890924618e+00 7.798014339890378288e+00 1.202190251551860101e-02
5.382107968028907452e-01 2.844096004625147778e+00 -6.521168957065253124e-01
5.411088615130829282e+00 2.273720832803799219e+00 -6.963106316668672413e-01
9.164699571324436134e-01 5.022040275323389480e+00 -5.309804508434803338e-01
5.927080677330344827e+00 6.512333421498255781e+00 5.913787749435739372e-03
4.987454941133691588e-01 2.251365709764692191e+00 -6.422086282498682408e-01
1.073965032272164333e+00 3.413550321662236708e+00 -3.235181775108388891e-01
8.860861302984677224e+00 3.686687445378551420e+00 -7.820474305111453361e-01
9.230714061149839500e-01 5.986625245924019012e+00 -6.305475170455432377e-01
2.735666792429076732e+00 9.598650292793641015e+00 -6.788309950452073860e-01
7.822907152549096743e+00 1.232288413248974868e+00 -8.892670477088815417e-01
9.770566904257567131e+00 7.201470817848115935e+00 -9.447661251815381300e-01
6.018899919824557188e+00 1.142284338034321944e+00 -9.125666205987192914e-01
1.998009117326524420e+00 8.915904591697495718e+00 -5.036721132483372720e-01
3.916734071665730621e+00 5.916323747941781619e+00 3.636036893940408632e-02
9.261958709473661955e+00 6.800147273001345916e+00 -7.412939034545391603e-01
8.701136775211859131e+00 2.246618560504084705e+00 -7.822847051086512238e-01
1.289023158668520797e+00 9.540248718215535106e+00 -1.024700134778161464e+00
1.339661724548653066e+00 7.761737916800295345e+00 -5.091766657423253406e-01
7.391363947828364863e-05 1.249496174528175629e+00 -7.848527416353090480e-01
1.566498368027754662e+00 1.324300677939955539e+00 -6.577907740590083208e-01
1.368240201935102540e-01 2.303155470961192108e+00 -8.550795514986186951e-01
4.276017525678908804e+00 2.372396077554377314e+00 -6.189402479887535780e-01
5.766141481734507579e+00 3.113899188844988952e+00 -5.647537752958315949e-01
8.171494869229809055e+00 8.872218157620838097e-01 -9.472538180640843741e-01
6.153685567052746386e+00 7.700064890445414534e+00 4.458888195437249458e-02
3.011550929980542524e+00 9.707199282793400386e+00 -7.165262461507677649e-01
4.029742412279096797e+00 1.111819458586411402e+00 -8.469150814136912064e-01
4.974105882408758061e-01 8.863035563406743478e+00 -1.002394062663640728e+00
9.560734831673785905e+00 8.402367786176657916e+00 -7.331221902877587127e-01
5.180421456689282778e+00 8.474604225205455421e+00 4.866050471008032119e-02
6.393924553550349721e+00 8.655988339712450852e+00 5.009804921385185850e-02
9.280029726386885613e+00 7.950253489509527149e+00 -6.120544361132976841e-01
4.060377758692302663e+00 5.162754617373481736e+00 3.745654703910217265e-02
8.511680356766060385e+00 3.625207327394908585e+00 -7.186421278213184216e-01
8.175293497808034715e+00 3.614170073359460611e-01 -9.904492440199721415e-01
1.947938633405134068e-01 9.464853409389833772e+00 -9.999067210681671369e-01
1.275192383682159925e-01 7.237980299078939916e-01 -8.346904567808319797e-01
7.772483011536097663e+00 6.153975392737544681e+00 -3.693591292939440995e-01
9.496077004624638107e+00 7.633085651646393188e+00 -7.682221425671016402e-01
5.441117561060605290e+00 1.733391402100757039e+00 -7.996774916821125512e-01
7.639223475553662546e+00 3.646389370371332816e+00 -6.168360487868747022e-01
7.762966735901464688e+00 9.885084824887297117e+00 -1.838039380515461563e-01
9.639901273473789445e+00 1.904434999867299361e+00 -9.924986585397481686e-01
2.918949219831888708e+00 5.900305714799380041e+00 3.913023464335729784e-02
5.880375421301824446e-01 9.932478774990188830e-01 -7.443022969536450262e-01
9.215371251961103738e+00 2.921372572931977274e+00 -9.236353863468914627e-01
6.451759926820765045e+00 6.263391741121048462e+00 -1.405883463042032488e-01
6.174231541081127261e+00 5.352015483366351134e+00 -2.670347901122323009e-01
2.339382955260395303e+00 1.609602482374245858e+00 -6.670196037924216448e-01
7.592175503074711784e+00 7.148487575978164088e+00 -1.757081545033183367e-01
7.974632941314630408e+00 4.960344291215730728e+00 -5.332371494908543230e-01
9.818459152481690211e+00 2.088165692613214164e-01 -9.649454365725286253e-01
6.695064483997356097e-01 5.281716129907239932e+00 -7.465519696823781359e-01
5.167577102863809557e+00 6.426299916717065130e+00 3.960636489583979625e-02
5.187028410611372875e-01 9.265059906742905582e+00 -1.007185602864229867e+00
2.165681437112490393e+00 9.626725242040116370e+00 -8.617966534058444372e-01
6.383733049880171428e-01 6.961872091304885046e+00 -7.872445268571666155e-01
1.305821344413147678e+00 8.100980774519571881e+00 -6.562037086762892990e-01
7.368047474138962549e+00 4.680143152863066369e+00 -4.870652587537160905e-01
6.056518781294054854e+00 5.079173314170126297e+00 -3.000326167374514075e-01
5.113990780076442810e+00 1.750523693137307824e+00 -7.869593785544515274e-01
2.503313397672663587e+00 2.295327006485383681e+00 -4.625859742075371095e-01
5.122117152502000392e-01 7.922277357684904153e+00 -9.386534659357690380e-01
1.444146620144956206e+00 6.679565246506447451e+00 -3.033412635369687749e-01
8.511573033348247108e+00 5.688004439818321600e+00 -5.705835478704511798e-01
7.736334910686363919e+00 2.629511336613417960e+00 -7.451460131925706776e-01
6.382063536507640578e+00 2.203686250195620033e+00 -7.279578312711033616e-01
8.523219162352738465e+00 7.505525762929197597e+00 -3.431314390472364195e-01
6.119553599582246761e+00 6.586761650843794058e+00 -8.552421012953725921e-03
1.971067851182668029e+00 7.268371716430056750e+00 -7.263761919231548347e-02
9.077727401418128395e+00 7.204290554384762402e-01 -1.002021144485035542e+00
8.913858674039900620e+00 7.611676739835630201e+00 -4.744603642776678010e-01
8.466663277989692205e+00 5.919651329746065116e-01 -9.872167973912160388e-01
8.426408639771080900e+00 5.031665670700020243e+00 -5.992920409752283684e-01
3.813668633191126034e+00 5.132127667766805956e+00 4.010943716578063700e-02
5.442551530325152598e+00 5.526177274976530995e+00 -9.894215992105825919e-02
7.029576486122200762e+00 1.799134726409991059e-01 -9.995211829781815993e-01
8.109683626923846589e+00 2.503204556423196170e+00 -7.592903740711212102e-01
7.394759320983753881e+00 3.603150825516723277e+00 -6.002216687837713671e-01
1.702884065647036482e-01 2.262023390175924575e+00 -8.272140390637887641e-01
1.392196869889837707e+00 1.019728627885476913e+00 -7.359458270314582773e-01
2.154905942763472471e+00 5.267882848947480490e+00 1.794254503464642880e-02
6.243990489450114367e+00 7.002275386621617415e+00 3.349012790425631714e-02
1.717072010111180491e+00 1.611621309991289941e+00 -5.861851952428249746e-01
8.845748900903222633e+00 5.755564772682087771e+00 -6.568622881521690715e-01
4.117276164781784153e+00 6.849364676369261717e-01 -9.116838696619841143e-01
3.758864252131656425e+00 6.068729298620381130e+00 3.843344210243460068e-02
7.251105771366278319e+00 2.406182641410913980e+00 -7.576261667482137030e-01
1.908445173996828684e-02 5.338900968869577213e+00 -1.021192252134710543e+00
4.971449867284808199e+00 3.061796846190728338e+00 -5.242434810627853992e-01
1.399310203392105378e-01 5.066456455029468842e+00 -1.005253694139432774e+00
3.753907315794453581e+00 2.594729038695831935e+00 -5.278705079760426244e-01
7.935581185090713419e+00 2.131237219983368458e+00 -7.855969640025151079e-01
5.799829283390129042e+00 7.651365652852961663e-01 -9.658326785063378050e-01
5.520947870956248948e+00 2.409265796542910676e-01 -1.005528737110300108e+00
9.546048100701126415e+00 6.570134233851145922e+00 -8.590312138089053473e-01
4.840864944867970365e+00 4.106442625859989981e+00 -3.363097080011132611e-01
9.195355401061140910e+00 2.182408990504693946e+00 -9.018885545310523222e-01
8.750039541511194230e+00 5.584528930363784838e+00 -6.355859629998479310e-01
6.843455262561480623e+00 8.217715040782264779e+00 5.176493440225460319e-02
2.594228028580364942e+00 7.016280092892793085e+00 3.777145303697571066e-02
1.186549359200744780e+00 8.224604711858749084e+00 -7.568683779851377302e-01
1.438781032603034804e+00 1.939726867090530771e+00 -4.252821712508354501e-01
4.813251524698569206e+00 3.715189121676594652e+00 -3.990570424353676593e-01
6.937753825788582240e+00 4.736897939811325564e+00 -4.367439317018213529e-01
6.618036649438177932e+00 8.726712459288878065e+00 4.908613070336143025e-02
1.933951206041244042e+00 7.227226710634824691e+00 -8.440819683583766775e-02
9.434896541762917366e+00 7.897607756723652450e+00 -7.021954318857015487e-01
5.300300595297912309e+00 6.484159311730244291e+00 4.047901301116008099e-02
2.461526242425505551e+00 5.334361052464664077e+00 3.580935485560399201e-02
9.174203322436698116e+00 1.812647711562198838e+00 -9.347870671413737176e-01
8.956509048906024617e+00 7.780721355970452890e+00 -4.686844602974675200e-01
7.123006381950424348e+00 2.389066526428814896e+00 -7.538697461003066591e-01
3.177620724259285989e+00 8.118643753152714471e-01 -9.444959676361719403e-01
8.107198311686330428e+00 6.361803439296039642e+00 -4.028194030537957104e-01
7.677651208734209698e-01 9.611176437956260088e+00 -1.023533385990107236e+00
1.382097442475857196e+00 7.914492971608739769e-01 -8.013206251105793321e-01
4.675114939368828715e+00 6.527631328259743348e+00 3.971135878617637616e-02
9.612565923375684385e-01 8.186692657376354987e+00 -8.623102309277559385e-01
4.090846164885742375e+00 7.758765442773267296e+00 4.154489504451142068e-02
8.105850130994189939e+00 3.143659771412380621e+00 -7.179166752361687553e-01
9.069139346676017510e+00 3.372078663609247240e+00 -8.663133224235940455e-01
8.353000678050886307e+00 1.182313755850903592e+00 -9.204225894321534929e-01
6.585462084076347811e-01 2.450387455987060314e-01 -9.597974061961371817e-01
2.175372801377200016e+00 3.163660288932505615e+00 -4.068130916805223762e-02
3.775943077564763772e+00 8.584972286139233688e+00 3.272601792999663139e-02
7.131056527634998865e+00 3.017298157935353498e+00 -6.600932954636495875e-01
5.221895862909171626e+00 6.601344027245338530e+00 4.131026848061747359e-02
7.025230094729185915e+00 3.036779440548107889e+00 -6.517661418587454847e-01
1.358681242630903396e+00 4.423079849972062050e+00 -2.260718013369489299e-01
3.613331935731392441e+00 8.512965262398630273e+00 3.296821077117972898e-02
3.303934654131619908e+00 9.431907382060300549e+00 -4.733321571897409763e-01
6.256042469687382201e+00 9.322432501791878323e+00 6.300541136759729710e-02
9.508781977013978093e+00 9.095688607635155520e+00 -5.482638622264817130e-01
6.302514692408783814e-01 8.192360686899933242e+00 -9.547138740253600098e-01
5.872903361676086398e+00 6.667430011888202834e+00 2.701497525338392158e-02
3.348727891336197526e+00 6.556578299560184009e-01 -9.691661228739487655e-01
2.660070903014694732e+00 6.282996685056526864e+00 3.159391369214414880e-02
5.621217804308914268e+00 8.483578976074422684e+00 5.243113129842513764e-02
1.362775022867360963e+00 5.445188934972522432e+00 -3.040671277091009372e-01
5.875779587169568607e+00 1.392381689334045713e+00 -8.460256425786943923e-01
8.720842007668277773e+00 9.497778812895566247e+00 5.966273217688455865e-02
5.648631909930572625e+00 1.871395490711399212e+00 -7.732236259100407905e-01
9.721462302941858979e+00 4.191831933560644430e+00 -9.175686396069153705e-01
2.994905910654561687e-01 6.396728258007091661e+00 -9.497177392435967036e-01
7.453360295847518024e+00 2.820880020705514024e-01 -9.935356600225713208e-01
5.135547199716564926e+00 9.789308572140782871e+00 -6.461140165130591084e-01
8.617292245084085422e+00 9.193657373962551560e+00 4.896170614205053173e-02
8.928240954598777535e+00 8.796892146647842026e+00 -2.200125397077015155e-01
5.807951370047909734e+00 8.432876187488981046e+00 5.134489051929480574e-02
1.178761739777250295e+00 9.761223628027181576e+00 -1.031137089536823259e+00
2.778063889434122524e-01 7.123272550044652540e+00 -9.985556048615022995e-01
1.705381557080392740e+00 9.555602423359109920e+00 -9.681603250562050844e-01
7.220978808189010500e+00 5.492988387768431291e-02 -1.000003477961549647e+00
2.697038562972978060e+00 6.123122559783312546e+00 3.821748005883218724e-02
5.530278678248943258e-01 1.324827005679343417e+00 -6.837071563337580038e-01
7.503333329398054197e+00 2.748623260994098594e-01 -9.932884002188562267e-01
3.074930104798883512e+00 8.909950018562494689e-01 -9.058570225093347528e-01
8.730128268170412653e+00 7.287000545002206842e+00 -4.562394574328531016e-01
1.097996083242772203e+00 9.491483546106472602e+00 -1.022964174717696517e+00
8.765828004822825648e+00 2.548888493594057891e+00 -8.022738899822402514e-01
7.963182915412802210e+00 8.717712274197956246e-01 -9.419711731358746398e-01
4.309677966798980187e+00 5.787710081581654009e+00 3.643407572301349262e-02
2.875778449394254643e+00 4.816943898409762781e+00 4.320567353920523601e-02
8.788933200200666818e+00 3.403915037456912263e+00 -7.968343772462458396e-01
9.473479068927051827e+00 9.098469725010890130e+00 -5.215280729063065390e-01
7.151659806552380871e+00 8.362395344664268038e+00 5.169300875489923897e-02
5.088708777349965073e-01 9.766582363442458004e+00 -1.016134207378415422e+00
5.994460557072898155e+00 5.706465368165879681e+00 -1.610963749191427485e-01
8.426134457198745764e+00 7.485735527202320050e+00 -3.145876218278490510e-01
8.441062249504465598e+00 1.292375702255768477e+00 -9.117202554905228240e-01
5.151160102559419585e+00 6.980567032298391261e+00 4.413303600048701369e-02
1.716543746074733701e+00 5.354976535145818062e+00 -1.016512171688317423e-01
3.480071056677140895e+00 5.871406801046623603e-01 -9.642766486899070344e-01
7.826825059055794398e+00 3.268733116408280015e+00 -6.742571802954939741e-01
8.797955802211289367e+00 3.141731566390650876e+00 -8.178435110962246624e-01
7.745122228255785224e+00 4.134743056257493166e+00 -5.844422875456762867e-01
1.765539848451431304e+00 2.206534774531769827e+00 -3.722525014935889054e-01
9.211672651881016805e+00 4.265788127802742302e+00 -8.139919926131993222e-01
4.237316162099752148e+00 8.588143253934562793e+00 3.693340709060422000e-02
3.105566075595864173e-01 5.741375469738031256e+00 -9.373990679253108027e-01
4.086195841058247069e+00 4.862887769444463437e+00 1.977911644252161594e-02
4.771369816639381867e+00 3.053093636887497020e+00 -5.135034799853328558e-01
8.023875916045893675e+00 4.465008112601489998e+00 -5.880891628157238760e-01
7.746344803387199107e+00 1.155916141406435171e+00 -8.982860509056997955e-01
9.196369733419691883e+00 7.172689768342504379e+00 -6.734188584950644429e-01
3.402703566698193072e+00 9.123001712969680099e+00 -1.581991182532502815e-01
5.991811053673844256e+00 5.486365642180213165e-01 -9.970228702136063603e-01
9.046481227654979973e-01 7.138127863026503483e+00 -6.455081375076949790e-01
5.080770077151727904e+00 3.510223064346192245e+00 -4.563637856966571427e-01
4.886553599902145884e+00 6.820249470951949000e+00 4.148570336743828690e-02
4.152375230648033266e+00 9.322613030333297246e+00 -3.139044146919711675e-01
1.095541008919412196e+00 6.909907050537489326e+00 -5.077778113294151296e-01
1.931237926200876975e+00 8.267925342669007804e+00 -2.644082393712126056e-01
6.371888124863312797e+00 4.767036515834229604e+00 -3.794484299109519565e-01
6.841704593736266382e+00 8.732218726674929599e+00 4.968873393422812423e-02
3.447863310081300980e+00 2.947510955128004984e+00 -3.772745913635038306e-01
7.314682613212042384e+00 6.767804485063444453e+00 -1.904305881682621937e-01
9.889222745614655308e-01 4.685475880922437830e-02 -9.589827421739363089e-01
7.577483932984414139e+00 5.702269146934391131e-01 -9.718480940552377545e-01
7.851371732607373310e+00 6.893850956415759512e+00 -2.781570285954706456e-01
8.868679154085338467e+00 7.507480969795870429e+00 -4.713085633785169537e-01
5.693929779881040432e+00 8.061723266553300959e+00 4.961729525101921112e-02
6.832393588010515550e+00 6.807632710606632997e+00 -8.448320263251885009e-02
5.936378343514918221e+00 1.157967522215878731e+00 -9.023184631716554271e-01
7.956747238203613293e+00 3.502382761706965830e+00 -6.576329215374310255e-01
9.567840413416144330e+00 9.971871738106082017e-02 -9.705649850561421932e-01
8.146447759842230241e+00 8.659532036095279883e-01 -9.486606570111879577e-01
8.863575432214098271e+00 7.653571510692270152e+00 -4.466635510440977175e-01
8.388583943008754318e+00 8.938360490986759999e+00 3.969787232739574456e-02
3.180506796344896525e+00 8.959930696989307108e+00 -9.925932076690524575e-02
7.929094853304298418e+00 7.374957602262124823e+00 -1.991922297280582788e-01
3.100598461584900267e-01 8.497528039735277261e+00 -1.012498970973471080e+00
8.464237689130744258e+00 8.098566913866847017e+00 -1.923705830227017410e-01
9.733680732462529406e+00 7.195340708855343159e+00 -9.290815813335006057e-01
8.976088299172095830e+00 4.180567365415830849e+00 -7.726669077691625809e-01
4.294840029792282854e-01 9.144038368650019066e+00 -1.005306340276442389e+00
3.914165793642918612e-01 4.607369909136416197e+00 -8.543503513297645569e-01
8.326854963509484620e+00 1.675665019141900913e-01 -9.971643990077765363e-01
5.783509041051043909e+00 5.506128712968981986e+00 -1.689824026659905165e-01
7.484711276981908412e+00 7.642308796389947645e+00 -4.186166422177584057e-02
6.468782212315802305e+00 5.172861017826911656e+00 -3.357264324214364049e-01
8.409840973990828417e+00 1.751552244407205139e+00 -8.428796592866476534e-01
6.220708381948957033e+00 6.185063712231235300e+00 -1.038840320219727165e-01
5.071156315695258598e+00 5.055888437643424105e+00 -1.312408494618715338e-01
8.550557217331533622e+00 4.276753926834091502e+00 -6.847225586389549257e-01
8.716343315715461060e+00 7.250895084711762806e+00 -4.570224657444028060e-01
3.580904650089131724e+00 1.326666881819762223e+00 -8.002652109624026622e-01
6.084586488734495369e+00 4.106365438915984711e+00 -4.456895486802683326e-01
7.345943222245073123e+00 1.481152579116620460e+00 -8.641813574773508089e-01
3.778257195650243982e+00 4.169627081759954557e+00 -7.407465581606542671e-02
4.363331410940998190e+00 6.431237889095041460e+00 3.817618494624985814e-02
7.734438417106046515e+00 4.042113212005790324e+00 -5.915818900749511000e-01
9.546285388533789273e+00 7.729825630322245011e+00 -7.838316671629539378e-01
6.601321886870405997e+00 4.647029725025164204e+00 -4.164466369695585257e-01
3.589022593506646874e+00 3.236381934615131684e+00 -3.243365300839120557e-01
5.249341006495579220e-01 4.777410803181131094e+00 -7.832982211576720033e-01
6.209875130393289311e+00 7.774208781728062512e+00 4.446630767774584214e-02
4.654004465199562013e+00 7.517863565716429441e+00 4.132696513964795315e-02
6.505747370871042712e+00 6.430121180588357355e+00 -1.124988113416858226e-01
2.016223613975210771e+00 9.652839311421045565e+00 -9.218364033460847429e-01
7.251997418041249865e+00 9.292536920577703086e+00 5.400485451250180979e-02
5.722251450873502066e+00 2.606883040044834510e-01 -1.007648067653946988e+00
8.319759468554737580e+00 4.532838957927646462e+00 -6.257889716609053021e-01
4.007673637489378216e+00 6.529408539131783540e-01 -9.173838700742196206e-01
3.054820975006552475e-01 9.768159249422087242e+00 -1.007487629566691467e+00
9.818462328879435930e+00 7.361564728194863072e+00 -9.888160649822104187e-01
4.592063494876575724e+00 8.654517235644124895e+00 3.309993592254278916e-02
6.976381175137412072e+00 2.800229331934853683e+00 -6.844711217548204996e-01
2.885625639898961037e+00 9.017070617493313733e+00 -1.933225632060704413e-01
3.405938646536412762e+00 5.958949420863923763e+00 3.912755754473362657e-02
5.540290704340566919e-01 4.332568513653217934e+00 -7.466868392546199829e-01
3.374475525702212320e+00 6.019112884216436754e+00 3.946752251861962435e-02
9.141396483615588098e-01 8.290330570780152897e+00 -8.936758439907248608e-01
1.696965461186635382e+00 4.007106854882756863e+00 -4.043652391059460172e-02
7.212135098955564594e+00 7.551548406165008664e+00 -7.399247678932407979e-03
7.670890222654063173e+00 5.464265130643815027e+00 -4.372266880721349391e-01
2.052443077786266556e+00 7.259407815228700045e+00 -4.326065479569818351e-02
5.415106526625264038e+00 8.610561029607696426e+00 5.061774011227049286e-02
4.269070485383508640e+00 5.345470842202053596e+00 3.825296744773387658e-02
6.596578074470341946e+00 7.985115020933980512e-01 -9.962923253894676590e-01
9.542202729242564851e-01 2.320035085263008945e+00 -3.957797574708874500e-01
5.493559540828267806e+00 5.358383992134764462e+00 -1.535556133900510822e-01
5.661738969066603122e-01 1.286544986791230194e+00 -6.888643639787273010e-01
4.075613244636335786e+00 3.949426423659243568e+00 -2.203145574726050882e-01
3.400637221392345477e+00 1.903927350837202104e+00 -6.604814306477235775e-01
2.705989030241029880e+00 1.356987824197470882e+00 -7.632681329951651605e-01
4.161504757539195687e+00 6.714674147096103773e+00 3.895524691122043137e-02
6.081404156061044119e+00 9.454809618789209225e+00 -2.482548682952101515e-02
8.693871788105477449e+00 8.820861244042058624e-01 -9.761507710793424497e-01
9.578586641982014260e-01 6.289875029357054892e+00 -6.078997233323395477e-01
2.325718212940014684e+00 2.555445584303084328e+00 -3.137443860660535933e-01
1.757930572262493552e-01 5.027249638979268909e+00 -9.970594434364317138e-01
9.557918446173365723e+00 4.473685325610510688e+00 -8.682070353635714666e-01
6.618067305186777105e+00 1.303064470038317824e+00 -9.199862708025597913e-01
3.249972247780055667e+00 5.679472302722484933e+00 3.792345470033708921e-02
6.372915608677021559e+00 6.331434638531775683e+00 -1.076881516428249697e-01
2.757731427363426580e+00 2.958536847433224093e+00 -2.310744086615561521e-01
5.753192652970364307e+00 8.413935150026025767e+00 5.162663160047564759e-02
2.381051497822356922e+00 6.569262464307507265e+00 1.604785874384795363e-02
9.418179205039370672e+00 9.524631769516108903e+00 -3.663787141247314416e-01
7.754205831261438142e+00 4.922016239215869504e+00 -5.068874978482433846e-01
4.638723057478517653e+00 5.334389454476741399e+00 1.543447414759002712e-02
2.428442582777702238e-02 1.743969317293450949e+00 -7.820960106153953539e-01
8.022480311308514800e+00 8.641195317011829857e+00 4.340578281569545949e-02
4.931563983437731835e+00 1.373888573041448957e+00 -8.399384667534586235e-01
5.666194641695646794e+00 8.594127740799738291e+00 5.335635834900442909e-02
9.723592149352439096e-01 7.827774624376307999e-01 -7.947995459348606850e-01
6.345598525179223515e+00 5.141550119133659003e+00 -3.251986368284942586e-01
9.496853551583413378e+00 1.622787568080050979e+00 -9.953695548660533854e-01
4.674702847600935129e+00 6.811671369016788269e+00 3.961947783653085864e-02
3.871385278354722015e+00 3.343939703856202428e+00 -3.656877500777753198e-01
6.568180309629866542e+00 4.127926093074659519e+00 -4.820235142528306316e-01
1.289835366423395691e+00 2.707721503404846297e-01 -9.177038086623880986e-01
4.882942180403402332e+00 6.144907161174327781e-01 -9.449318329313183273e-01
3.933174531144500552e+00 1.515103219677053970e+00 -7.620702867496900179e-01
1.342162347512628084e+00 4.997446963528311414e+00 -2.654856720254663571e-01
4.130723665267897360e+00 3.894380945391398896e+00 -2.491008578509723570e-01
6.599345291024930837e+00 4.471061957537300735e+00 -4.387690429915838131e-01
5.122170943943360477e+00 6.399812522631865619e+00 3.889173167684090160e-02
4.035651000037224989e+00 9.238413468064483602e-01 -8.692077488372971228e-01
1.367779453409812884e+00 8.396140550554055393e-01 -7.873004513248125225e-01
8.597594857555199255e+00 3.740716369633101390e+00 -7.244352329456733575e-01
4.497887316592258600e+00 2.210437299705697356e+00 -6.639143960509612530e-01
6.969002169321059093e-01 2.367856598898273823e+00 -5.314187494716962057e-01
2.625862462688717702e+00 8.448197993118109039e+00 3.996922043763184718e-02
5.296949371352615010e+00 7.250395615357851042e+00 4.527138722508228241e-02
5.169406372964814977e+00 3.509512338994861924e+00 -4.633091043012647070e-01
2.895481435145115245e+00 7.512187792062556824e+00 3.147711459077839891e-02
9.800582141625014287e+00 6.432383607921766000e+00 -9.538671317548941264e-01
6.000820611658700399e-01 7.381173311634064760e+00 -8.408709605588082781e-01
6.729248647818822704e+00 5.532081049170854747e+00 -3.172321248540279637e-01
4.111875419004222820e+00 2.529377811411259280e+00 -5.756217318643708225e-01
1.368895863923892842e+00 7.911148741095701986e+00 -5.492970856589978190e-01
2.088239719108146542e+00 8.223739280338026703e+00 -1.556539157215262037e-01
2.743294928589218085e+00 9.604612878660337971e-01 -8.409509610941072744e-01
7.292588284910231700e+00 8.185701378097021141e-01 -9.531861798540444131e-01
1.243760721852300577e+00 4.650251707293022285e+00 -3.011684171805448784e-01
8.062760063575199254e+00 7.804551282731825523e+00 -1.370501913547473305e-01
9.440597430421219016e+00 6.489564072653362992e+00 -8.203340585301054366e-01
1.866147124512989697e+00 3.514704694099258120e+00 1.522064164628078586e-02
3.939480418127109029e+00 2.217489170975358803e+00 -6.259544795125890904e-01
6.748278811239878827e+00 4.130772214296488443e+00 -4.967811607580296940e-01
6.032660878999886123e+00 3.133187804701543122e+00 -5.806611988095449206e-01
2.070167150082411478e+00 5.772655819882487549e+00 -1.201764932667437336e-03
8.115899960872047458e+00 4.367201727187188354e+00 -6.092090373027182482e-01
4.278791788338098812e+00 9.019840643450107720e+00 -1.793610923446697925e-02
9.670330127047060742e+00 2.282447104743640764e+00 -9.834474850341907715e-01
5.890762361082395593e+00 5.398808972422141750e+00 -2.129224714377424554e-01
5.549208847081060547e+00 2.779798073390333801e+00 -6.052398440280915004e-01
7.362456057953180810e+00 6.678224268860634361e+00 -2.159431531507787216e-01
6.920979991076298354e+00 2.770020254873919452e+00 -6.858461497220088576e-01
5.815218802489944494e+00 9.737910290589844031e-01 -9.302512917060706821e-01
2.536230083979277961e+00 4.142205334918275916e+00 4.444964894821490375e-02
1.131897933900811060e+00 5.849517025680168736e+00 -5.080939489710587509e-01
3.872072014926054795e+00 8.954619386429268246e+00 -1.959494067625677793e-02
6.409863271765726678e-01 4.518832121097373644e+00 -6.919443361915735835e-01
3.494152385955126228e+00 6.897263618538199026e+00 3.939656133387359205e-02
7.434570587605109360e+00 6.559425931425336032e+00 -2.505884034123906368e-01
7.901049326484684165e+00 8.319951956874801269e+00 2.090475000814789874e-02
2.904047491839459205e+00 2.897889884314263753e+00 -2.835042576141018067e-01
7.949368370711388465e+00 4.060301593357129590e+00 -6.121147740955735772e-01
1.563702621626833489e+00 6.614953567127471068e+00 -2.365797513799972052e-01
9.894045151771926783e+00 4.886263915515858258e+00 -9.273400810302451225e-01
7.473005657736596419e+00 3.009135180790049713e+00 -6.822275743937825654e-01
3.992570111018189927e+00 7.596583085501941168e-01 -8.971629416997276563e-01
6.265979061925803784e+00 4.984051808456105292e-01 -1.002868228412277629e+00
9.451920637236135292e+00 8.108724925307182474e+00 -6.908919384487723914e-01
9.670843396414246840e+00 6.955568808298174588e+00 -8.882013225436005133e-01
8.810969591233474674e+00 9.390080492628147812e-01 -9.786225994210629997e-01
5.440991615235685863e+00 4.103969696223390251e+00 -3.970467750477719715e-01
8.647743462850674412e-01 9.116116333833520713e+00 -9.883536555482190789e-01
8.960389683865892962e+00 3.941817398868375233e-01 -1.002329713072359851e+00
6.780618575669435266e+00 2.966881662570711731e-01 -1.000057698122994276e+00
9.850775170901304278e+00 9.908703387483183134e-01 -9.962935802646578631e-01
9.737131811735935116e+00 3.307111211636104109e+00 -1.010401573818918486e+00
3.917258501318739761e+00 8.931444488225427136e+00 -6.238221313843217430e-03
1.120707644574923945e-01 2.849337869706682902e+00 -9.054014721358369933e-01
5.307721103763468840e+00 5.586819986783289060e+00 -5.343487281818104506e-02
6.559421553227116064e+00 7.014192262702033887e+00 9.706745049653520141e-04
2.685872564401010187e+00 8.543131216518748516e+00 3.145400378881779702e-02
8.403458726651367172e+00 1.463700009885594011e-01 -9.981765158482535094e-01
5.878358550100063695e+00 8.133221831970418592e+00 4.899698556716547415e-02
7.278945807822880809e+00 9.884074433433292839e+00 -2.042565117029426225e-01
4.584577343267642213e+00 2.201123293824067240e+00 -6.701654479685863475e-01
1.543066290851337286e+00 5.753269625718879787e+00 -2.287542703207359196e-01
3.333091453837536022e+00 7.127387539258189797e+00 4.043449880776561756e-02
2.930566419183456617e+00 7.166814717005985713e+00 3.961177176567032276e-02
3.157631282589159927e+00 1.413022136563052200e+00 -7.722331398056359042e-01
4.386990218859059709e+00 1.268268399356566212e+00 -8.268952888743443808e-01
2.996873277877585284e+00 6.943333258006600062e+00 4.222465781856721279e-02
9.012884234599468414e+00 4.894255749261891886e+00 -7.222586990580629474e-01
9.524369684538413594e+00 4.799159970316632773e+00 -8.461108416688565281e-01
3.616392292529028163e-01 5.182854541401613169e+00 -9.035677353044695437e-01
8.388272126607312917e-02 7.570011955807458115e+00 -1.017144320645048339e+00
4.254282704226891809e+00 1.018179653473172630e+00 -8.650585254898754961e-01
9.058025948312455000e+00 9.578889702447384025e+00 -1.968130534409795462e-01
1.136198288309506310e+00 8.866706389419451995e+00 -8.958319382957844468e-01
2.835062744978336102e+00 8.014943585333671905e+00 3.449124326458052892e-02
7.821738708452431688e+00 8.597226644052575750e+00 5.394262687152451274e-02
2.646644119993799116e+00 7.198066063654268376e+00 3.243205405200955127e-02
9.415407980084772532e+00 6.193653613261611568e-01 -9.981041393695091468e-01
4.594764291850602866e+00 8.961491301552563016e+00 3.214224840168888875e-02
8.359828725166776664e+00 2.795460211597590838e+00 -7.622118537939396310e-01
9.765470443411089718e+00 2.080703859168870018e+00 -9.951910646974303498e-01
5.640672116395528235e+00 5.260643692296802065e+00 -2.088103489458503770e-01
1.400829900858982180e+00 9.813760946972633903e+00 -1.021672154362724516e+00
8.823547717372409727e-01 8.454478135242531778e+00 -9.305181452195454561e-01
4.681558759960906535e+00 6.586297272215983156e+00 3.970203630978863529e-02
7.598540526876693235e+00 4.957227971373874831e-01 -9.779138088140552076e-01
3.032695643425624699e+00 8.611094005714084787e+00 1.820486804304333184e-02
9.694734214378511794e+00 9.240513785767308974e+00 -6.289542739796520898e-01
7.345794931339066913e+00 6.788601259034211521e-01 -9.664101560705706806e-01
1.384184102501679892e+00 6.326955181146732166e+00 -3.417360343919737531e-01
9.965286934265592533e-01 5.324004429571536967e+00 -5.406572067919848124e-01
8.161927906860016790e+00 4.844240468816742862e-01 -9.837316543440315364e-01
2.768066951324737790e+00 4.436950993660569331e+00 4.253649459563790813e-02
4.609187972133808486e+00 8.694076772452657309e+00 3.323224988919482037e-02
1.044878894201409780e+00 1.497450581465850528e+00 -5.783452807502658111e-01
8.052963505612979134e+00 2.045312221104599537e+00 -7.938733872854638607e-01
6.567377976162775965e+00 4.171793017464442421e+00 -4.760140350054378189e-01
8.598056778309510761e+00 1.671311894275741894e+00 -8.716091691161707011e-01
3.605998557447843034e+00 1.666837372056262145e+00 -7.220656108042231569e-01
7.657539269730366804e+00 4.585628214283527626e+00 -5.301472893895309291e-01
4.221905489695915392e+00 5.457169505372760021e+00 3.902859770197508738e-02
8.358022317214251373e+00 4.358121534925735396e+00 -6.462289217941908914e-01
6.962918895440644018e-01 1.863033184529514275e+00 -5.377843485414146585e-01
2.136063972993801130e+00 4.443859538990449387e+00 3.256820681977057319e-02
6.349240426986989760e+00 4.654832975949259044e+00 -3.923482092046224334e-01
9.501530342232635817e+00 3.995840283604616516e+00 -8.985353407611833543e-01
9.807867108904754216e-01 3.015408595604483821e+00 -3.524811326082715190e-01
2.919283363336096393e+00 5.093513407246256897e+00 4.033223035210209417e-02
4.017074577378220823e+00 6.695267898954506691e+00 3.884382486408366475e-02
2.878286082596964057e+00 7.476153090167949600e+00 3.045868521039585275e-02
4.789275966487275937e+00 7.881551166330703850e+00 4.108256760180850620e-02
2.828770775951011007e+00 5.231552457026733549e+00 4.073235887296178248e-02
6.481526259690587821e+00 9.601609806263548208e+00 -1.137443544237468629e-01
3.112074547983503248e+00 3.497114763278285743e+00 -1.251966956207763992e-01
2.462535684888344178e+00 4.731935584697005148e-01 -9.593828942108622027e-01
7.191225728262384820e+00 3.099954854308876850e+00 -6.504748063630828581e-01
5.745880163265607576e-01 5.978517724563214841e+00 -8.193552132528347798e-01
7.496549650081937521e+00 7.314124487491281634e+00 -1.178756688593322055e-01
7.919666523602582053e+00 9.710892989028536704e+00 -5.758027776126517505e-02
3.883669720263686287e+00 2.219467899756673024e+00 -6.211961708926212467e-01
2.215359460201057562e+00 3.631721834899583889e+00 3.808725518195554827e-02
3.390426106040821619e+00 3.286359218439609542e+00 -2.594111147153648211e-01
3.684923823456134340e+00 2.034735405260213348e+00 -6.455084838040647810e-01
4.701965077552294758e+00 1.182915817852429718e+00 -8.561652310308546232e-01
6.427211406939717264e+00 6.659634753884150271e+00 -3.829057996876428227e-02
4.926981277718383012e+00 1.295373431939694120e+00 -8.510084926602214939e-01
1.674218114080560316e+00 7.225629706470040325e+00 -2.113255117560575158e-01
3.874336231984147005e+00 8.659703203856460973e+00 3.230945819436392696e-02
5.353970512828147399e+00 4.334623362336405883e+00 -3.527808232772906560e-01
8.836481879892458480e+00 7.003888058133068917e+00 -5.364475654523259696e-01
8.928410386163431411e+00 2.403749076107133842e+00 -8.286669176826038097e-01
8.950278213134783556e+00 2.604697285623045921e+00 -8.437582427929654072e-01
1.902089386507256785e+00 4.836201989854325589e+00 -1.122745324939611322e-02
5.890925695990118172e+00 7.404970938261164370e+00 4.519740725256671254e-02
5.266129666822413569e+00 7.836049952281761932e+00 4.756287530390590490e-02
5.995692932856337976e+00 7.172846217715677319e+00 4.532278761355601482e-02
9.359163312589277695e+00 7.705536706275485592e+00 -6.771302495479214478e-01
1.691079440023366631e+00 4.009006391898234156e+00 -4.284636328972801778e-02
8.206083602339031557e-01 7.028090504169858477e+00 -6.836944876090589318e-01
1.550102984263219685e+00 2.263379340558839825e+00 -3.199968010013929387e-01
5.371931799882940339e+00 8.802570932955129379e+00 5.685417206285880987e-02
3.027412514597920712e+00 7.259093344492218769e+00 4.014970561557840156e-02
1.353241209693916147e+00 6.665172982767494148e+00 -3.529493670568379926e-01
9.021188962679989487e+00 9.343605256332832454e+00 -1.418611202883004463e-01
5.518785105477817865e+00 3.288874216171760345e+00 -5.213535417838752739e-01
2.847761350491876176e+00 6.313431377295180447e+00 3.639763240602089667e-02
3.556990628096385887e+00 8.242400085033835921e+00 4.209751070261225081e-02
6.413186990807353993e+00 2.043249166064540212e+00 -7.486899663879458267e-01
9.285711385180075439e+00 7.063302723960512175e+00 -7.261164637952763901e-01
9.220857865178927470e-01 2.389629549823750754e+00 -4.106643834755443478e-01
1.098961616598498114e+00 4.937994668659378306e+00 -4.015829008440787717e-01
4.966157340702945788e+00 2.781052633097387261e+00 -5.768323935846249029e-01
5.175116436335692960e+00 3.142318089203105735e+00 -5.218861149227131957e-01
5.047868560927164516e+00 4.093704817223301262e+00 -3.630139937171872333e-01
8.999558290282088535e+00 2.611081236079936918e+00 -8.553699409337343074e-01
3.406116311836990818e+00 8.586097513454294727e+00 2.214250338503420679e-02
4.535829785200539810e+00 9.421502721540278458e+00 -3.427788595048681941e-01
5.814482481338411723e+00 5.064764306550500805e+00 -2.749362057530315706e-01
3.060436988832602623e+00 3.703146115177943898e+00 -5.259183511916720732e-02
8.153054149028927000e+00 1.110042244627330588e+00 -9.188653285441406027e-01
1.164902399226599883e+00 3.299161342598646574e+00 -2.550740627031391483e-01
6.244347331032934711e+00 4.789128950179916799e+00 -3.639411768537847980e-01
6.948351392453099074e+00 7.218645752264237991e+00 -2.781493663635892233e-02
7.279102373354129352e-01 1.450945646402997058e+00 -6.289024552416000446e-01
9.355435845123343697e+00 5.083710916306439564e+00 -7.907066774709039514e-01
9.096769777088006492e+00 3.672331275506807380e+00 -8.376536553263593810e-01
5.060829942159685402e+00 7.686874403519835752e+00 4.529203773551238044e-02
1.337017049351920672e+00 2.833827769095942362e+00 -1.848173572965965406e-01
4.109943087668673556e+00 2.779253877038469600e+00 -5.215882508246254545e-01
7.265932803966822284e+00 4.908036778782715714e+00 -4.509783918654601820e-01
7.486802940099966719e+00 5.419047986054192911e-01 -9.755401198850028877e-01
9.118441075622346403e+00 6.091042157193404805e+00 -7.256665276564397971e-01
3.668837080990673627e+00 8.273536142439730234e-01 -9.047450707676139015e-01
4.059754617838274626e+00 8.925768265572916249e+00 4.522875979113827327e-03
5.126326930116529290e+00 9.637820715081156564e+00 -4.990609803143963852e-01
2.491037180590627731e+00 5.324833772257314912e+00 3.630245237049045670e-02
3.530821142834877358e-01 8.025293597927241507e+00 -9.821527381544941093e-01
8.663317491314211694e+00 5.689948602198672489e+00 -6.083640094185537306e-01
4.011597749660382739e+00 7.281785395602320410e-01 -9.034051993429169647e-01
9.597913400239923565e-01 8.592720329913367650e+00 -9.174371779616550260e-01
5.388727362816687183e+00 8.189185124897397472e+00 5.078394999471558258e-02
3.660533826424162918e+00 7.751895677345506108e-01 -9.158359059327216833e-01
9.293575929106440370e+00 3.753066513917350466e+00 -8.801933024733541444e-01
4.845208988320170995e+00 8.564123180704023008e-01 -9.108975474582855503e-01
6.947752959022991170e+00 8.598687271773682639e+00 5.017632782304359829e-02
5.509034537056287206e+00 4.683630758143053185e+00 -3.051918599252143594e-01
4.545752967666948585e+00 4.074196829435499545e+00 -2.970274038884062051e-01
2.850453927690867584e+00 1.915837892845728696e+00 -6.284006690726329225e-01
9.811936482223396538e+00 5.427059541636937823e+00 -9.775562175352092709e-01
6.727011194370922986e+00 9.619794445030707131e-01 -9.773614228451372732e-01
9.486657881874771547e+00 2.763858334495028934e+00 -9.709400683188162962e-01
7.520408378011252282e+00 9.739370020789065663e+00 -1.190554942093521307e-01
4.793436877996901657e+00 7.147418861093597364e+00 4.144461644856090032e-02
3.979374886867594885e+00 9.156187029915027864e+00 -1.555868012036065728e-01
1.428618195889098885e+00 3.271509309310125513e-01 -9.084386899352379086e-01
2.895775720950423793e+00 7.424372270537082930e-01 -9.291239217762885527e-01
8.386924422361889953e+00 4.232414197595057992e+00 -6.602100250730111863e-01
8.675279476351885677e+00 8.237839815380874953e+00 -2.465896909372927437e-01
7.665618146294591817e+00 1.336505424504974282e-01 -9.958218982812365727e-01
5.521987639856502206e+00 5.513357840148845668e+00 -1.185102237243218504e-01
5.233653316158092039e+00 6.254543011349542603e+00 3.980564551724707911e-02
5.643249816250301087e+00 2.593499041582962850e-01 -1.007240950539657343e+00
6.108185220581474617e+00 4.446853102816728409e+00 -3.995216670446151142e-01
3.385942599255252983e+00 4.415303477742145155e+00 3.320259949172932323e-02
6.919812400577717015e-02 8.361497693234062112e+00 -1.019796164827420970e+00
6.661400435424791766e+00 9.449255544466724999e+00 2.877579777298555630e-02
3.243601832365399784e-01 5.481153685702727429e+00 -9.245737950934804772e-01
2.673997018054059094e+00 5.775879525927755331e+00 3.757605187482315756e-02
8.017395673290158342e+00 7.488679581729074108e+00 -1.964344778881512710e-01
7.212619993988757194e+00 7.654726345929411480e+00 1.293051282340429431e-02
6.468577019110491655e+00 9.813070977489623203e+00 -3.079410424405983893e-01
5.584418626671524777e+00 4.373425121863279585e+00 -3.668859593327704616e-01
3.842220044826441860e+00 5.579471689044104288e+00 3.731224451691517174e-02
2.021288932514253567e+00 5.645821092365213012e+00 -7.327503657196032805e-03
8.188088190639440711e+00 2.892116221914586838e+00 -7.453642402457224536e-01
7.968678508254267712e+00 8.572728045542753250e+00 4.429206405568308913e-02
5.388590438740662236e+00 1.542668707970249464e-01 -1.001680737288578538e+00
3.555219888166840647e+00 9.871990004330767121e+00 -8.783548542272459070e-01
1.784826464486098496e+00 3.493329066477590228e+00 1.855162402988330683e-03
5.111514177357201483e+00 7.912245170580884945e+00 4.625577184713103307e-02
4.847884825677331477e+00 9.455515944739470768e+00 -3.276315405391734270e-01
4.764067446495626967e+00 6.726531123520337552e+00 4.021048992291564872e-02
7.901710468071925675e+00 2.480962059784291629e+00 -7.592151486986284947e-01
9.468063261907783357e+00 1.856999196922522577e+00 -9.789239144834309680e-01
8.239104564998234181e-01 8.399196010498952703e+00 -9.418807347964421872e-01
8.462950671026705507e+00 4.183706671840937474e+00 -6.760910753367297410e-01
4.199790044374726028e-01 6.922645341793324469e+00 -9.120052723994662713e-01
7.180074641293278326e+00 4.627206659729978355e+00 -4.728939374468812407e-01
3.916402448540500458e+00 4.525634247637421836e+00 -1.802650283179652035e-02
2.463685273934153930e+00 8.975329757035419576e+00 -2.897385558774216996e-01
1.005206945073019442e+00 2.449230562110785492e+00 -3.732864709036856077e-01
3.764388812522061034e+00 6.813855306892667052e+00 3.923914296144381808e-02
9.151277269035324125e+00 1.031860277181802399e+00 -9.888438985226200018e-01
2.935578832292150331e+00 4.308210699951251499e+00 4.403165076606141426e-02
8.763036952773346044e+00 8.891968097267058724e+00 -9.113476807954601355e-02
8.493211952924696106e+00 8.708189183776287035e-01 -9.651282076475959926e-01
6.511183873353295626e-01 3.320816859023577816e+00 -5.995186113010610995e-01
7.881920212709112583e+00 1.722950239099980241e+00 -8.281019870402144267e-01
7.288179937104151129e+00 7.057866227257280078e-01 -9.657509507061877718e-01
5.500388594907402506e+00 8.999578435391208941e+00 7.495139210421486453e-02
4.184081413497935387e+00 4.555839210877970835e+00 -6.836589622626121354e-02
1.243679338565307546e+00 9.785357444196343124e+00 -1.029603755030876755e+00
2.227515731638941787e+00 1.795362134000338949e+00 -6.014053559416034922e-01
5.935561554816817242e+00 3.085739640176686116e+00 -5.808094975149658001e-01
5.823029783010145177e-01 8.577210984339307842e+00 -1.007766365754000359e+00
7.465828773387447548e+00 9.215663092854075700e+00 5.655407227715089635e-02
8.246552018394439187e+00 9.009535172443763784e+00 5.517468538685288415e-02
9.295165539459222970e+00 1.944492422412403609e+00 -9.425740026443625297e-01
3.289057426687524543e+00 6.632007589195071384e-01 -9.741231161964245544e-01
6.875524670358540424e-01 2.156189091171084815e+00 -5.205447769353561682e-01
1.691453411929961348e+00 3.874022922482319498e+00 -4.070938585733507864e-02
6.686745825373735741e+00 3.282858722883327474e+00 -6.017369559363500153e-01
8.530064140605512213e-01 3.550836903769867714e+00 -4.876437262724868660e-01
5.730458110165452368e+00 7.000222448564294986e+00 4.419812082230745176e-02
4.433356429817315036e-01 4.741990662197501649e+00 -8.339323664780406986e-01
2.037953906937443271e+00 3.217783594218816656e+00 -2.872826412239959382e-03
2.706627613512003538e+00 9.981133218341058377e-01 -8.400426974175358996e-01
9.658512714431205737e+00 8.476880780447510588e+00 -7.910397771728459038e-01
5.613674478593201123e+00 3.850612474745997549e+00 -4.473106432332862870e-01
1.601477252236668258e+00 2.900697975200981826e+00 -9.267961641393052119e-02
1.747468263120435017e+00 7.091288970602333208e+00 -1.674301737040422289e-01
8.733038448531218023e+00 4.792064643348066255e+00 -6.753556786097016928e-01
2.997420079796317527e+00 2.537751478164907315e+00 -4.366060992082112513e-01
4.451278216316810976e+00 7.971015203478324374e+00 3.928255049735662752e-02
8.378979745484496533e+00 2.381520633113349827e+00 -7.666697608346646486e-01
5.294049958092701402e+00 9.364855231734916075e+00 -1.366608610655020151e-01
7.710704441380093144e+00 2.147582261392754432e+00 -7.865885856773833229e-01
1.524639334972925919e+00 3.822112754876467178e-01 -9.008444411813778530e-01
8.502595365375205105e+00 3.646951016219934338e+00 -7.146534004442004484e-01
3.083977296597664619e+00 4.730883651125199485e+00 4.409061169563965876e-02
8.785028167862552806e+00 6.749110710280748826e+00 -5.362406551088888529e-01
4.395988200397813905e+00 5.317640107821876683e+00 3.510127474864033204e-02
3.643262665180522220e+00 4.051287684055333571e+00 -7.499024220280237074e-02
2.590310815403853884e+00 7.103448533105719775e+00 3.502110343647535373e-02
6.463473118092704084e+00 8.931347417519187815e+00 5.664055618396246494e-02
3.664183421099865168e+00 2.404325476966770125e+00 -5.606370307543198095e-01
8.656590121700319385e-01 8.458096829500543201e-01 -7.765965743037008817e-01
1.331043900791226475e+00 9.204240972997430603e+00 -9.484918513092408521e-01
8.578609274949029473e-01 4.547305147184635743e+00 -5.450611998817604942e-01
5.614453569376082198e-01 9.024287218085703444e+00 -1.001578407094177114e+00
4.661267631409156564e+00 2.733962535456089249e+00 -5.696606396727401656e-01
6.693561360177853636e+00 5.725291843945524484e+00 -2.811786993964049408e-01
8.571132840962974342e+00 8.163530615815973945e+00 -2.192067232129033261e-01
5.571031620863422518e+00 3.610099456916264771e+00 -4.786954387495361285e-01
4.645492242778590963e+00 3.772411040534025872e+00 -3.695585682798618876e-01
7.335748424518532040e+00 4.924039411397288291e+00 -4.568037297573068756e-01
6.042271606351427238e+00 8.568452795160353963e-01 -9.685581518696040337e-01
4.663306202952359314e+00 4.045984046472444473e-01 -9.583785177805408395e-01
7.634703578565446236e+00 3.943542047004074735e+00 -5.917017196308588245e-01
2.474521457501949850e+00 8.726100579891706843e+00 -1.027048166614583646e-01
4.319667909814971729e+00 8.872595892729034261e+00 2.504334308644784457e-02
7.112079703340481451e+00 5.205902721084725293e+00 -4.006911769505088206e-01
8.099664812964348926e+00 6.706782867286021910e-01 -9.673067979592526733e-01
4.889092837696533245e+00 1.353416900560597824e+00 -8.403408957976422622e-01
5.311740876853733084e+00 4.247731879637374419e+00 -3.634735962237982676e-01
6.724465250964923868e+00 6.977140867816351566e+00 -3.143259630688466366e-02
2.880715668404452146e+00 9.041405856388097240e-01 -8.700655197676223640e-01
7.183931136846804399e+00 5.005132434322414170e+00 -4.313751976982003189e-01
5.717143362572169707e+00 7.423455470336207895e+00 4.551483151749691203e-02
4.643688922273712549e+00 8.384186603931889081e+00 3.428472380165059619e-02
1.602733805300077474e+00 8.632164512495441144e+00 -6.040145209200691312e-01
8.579353462841398326e+00 4.941161307674681868e-01 -9.967434553205678505e-01
6.379723296984568748e+00 6.424113130011573247e+00 -8.815852296500303886e-02
9.106678972026204022e+00 7.135410826727467182e+00 -6.365124071916925530e-01
3.512563945148570621e+00 6.564191335796284221e+00 3.997806321309038680e-02
3.261049782910079742e+00 7.198931200229305993e+00 4.108070157990617588e-02
2.735697420379456624e+00 7.329246717261361788e+00 2.650760944949670517e-02
2.302702631789983911e+00 8.102731113035329003e+00 -3.078784492016151120e-02
3.155843466129737429e+00 3.231891604483139613e+00 -2.217358960744628682e-01
9.280737085178059065e-01 4.374495555499113841e+00 -4.948604657629269710e-01
9.708477705865709240e+00 5.429131308639203318e-02 -9.586839777772135918e-01
1.159528634334086039e+00 5.464801907676619663e-01 -8.604447688308693998e-01
9.632228319142935646e+00 3.384222190163845401e+00 -9.973265204855188415e-01
5.405161719380410901e+00 2.731563617493991458e+00 -6.069752960492287297e-01
9.604104098973587966e+00 1.040537450879972292e+00 -9.982409838579520134e-01
4.199175265684333525e+00 3.031319624509811184e-01 -9.593150039914283278e-01
6.182578829881446580e+00 8.765204955513841156e+00 5.206292474530216374e-02
7.195007511996953653e+00 9.898446287023675794e+00 -2.186780955911872548e-01
7.277040156996028575e-01 9.889086400205744809e+00 -1.025242884405205057e+00
2.175255261688880726e+00 5.190415453098563781e+00 1.991864497792761313e-02
3.575326429070133649e+00 6.921665876175813636e+00 3.895564096840198332e-02
3.842783489550113618e+00 7.589632998011184739e+00 4.105676770678012844e-02
9.092449704194009996e+00 1.912511183694556083e+00 -9.085523594589715035e-01
2.799677720410176374e+00 3.622100809668377330e+00 -2.769565432973664088e-02
9.584154916655457379e-01 2.818192836884729324e+00 -3.648439001402259407e-01
2.380634335577153315e+00 6.865720219542910563e+00 2.739076370608728439e-02
7.434201928199819509e-01 3.223700133796785217e+00 -5.261790372789096892e-01
8.761720774851333715e-01 3.357005151555064959e+00 -4.490987867565481295e-01
7.938739780368540444e+00 1.536980431365369271e-01 -9.937969416289026414e-01
4.569587022408401644e+00 3.183012867239265464e+00 -4.733501803981168266e-01
5.058207947935650095e-01 1.424771990413935541e+00 -6.747174816712115941e-01
1.986956740577987546e+00 8.036470132753892770e+00 -1.633469904838888986e-01
7.173024654746250839e+00 1.922197590588378135e+00 -8.251105621624035269e-01
3.315470642388233191e+00 8.299227985879886305e+00 4.183295006324039278e-02
1.271358377454766320e+00 7.182379348396781715e+00 -4.317176643056828134e-01
8.765408342831177535e+00 4.825439389926826195e+00 -6.786303853417339216e-01
5.943517744156099347e+00 6.729011939165428835e+00 2.749826179124470471e-02
8.780882780849795566e+00 4.715952474001280592e+00 -6.910480949392854289e-01
9.184133332040026687e+00 1.781172133007159264e+00 -9.397801574599156105e-01
7.872890175922888645e+00 5.749211464074730493e-01 -9.713561954646938723e-01
8.431485416698775381e+00 8.490639269772650266e+00 -7.526777551688634826e-02
9.417368777966833804e+00 1.481199254178376390e-01 -9.813956044526406242e-01
5.705817744025664773e+00 8.008179764039446979e+00 4.927457456431105776e-02
6.034123050414240907e+00 2.862249961523988251e+00 -6.211527014944275837e-01
2.012749722488128779e+00 8.000498015489117876e+00 -1.382470441438043984e-01
8.648855840286287844e+00 7.345051918275758318e+00 -4.164680158866663762e-01
6.019602412135911074e+00 2.597538290188903698e+00 -6.621534252084129157e-01
2.950664775783387483e+00 2.987914590929792613e+00 -2.604585192540840310e-01
8.180227213721586565e+00 3.613595128379884613e+00 -6.730465359229950151e-01
3.468517920516441144e+00 5.443359486751547571e+00 3.968772536469655776e-02
1.153120964685770078e+00 9.664526871052402157e+00 -1.030671576836083236e+00
4.553133249105179026e+00 3.730153300871470012e+00 -3.656358334506988328e-01
3.890503597198033070e+00 1.999634434425259677e+00 -6.654807134368621035e-01
2.089044445068210187e+00 1.832890888084620917e-01 -9.562444166332937368e-01
1.913892940475504068e+00 1.345215521639237410e+00 -6.937494708714579961e-01
6.614503258905634064e-01 7.456775383087621556e+00 -8.176407608496991664e-01
4.375844218351626402e+00 9.491472480929855848e+00 -4.739515970759918817e-01
8.561176984356586583e-01 5.862546007944681392e+00 -6.818373793170220409e-01
4.615428219372341268e+00 3.705115196394642929e+00 -3.784466272610917947e-01
1.139989776935719512e-01 6.241922881373085374e+00 -1.029606782733296200e+00
8.615634444640914325e+00 1.207634944119432285e+00 -9.358056236314282739e-01
6.457973638308458497e+00 6.583247674717725983e-01 -1.002032478461052367e+00
4.997261106045569612e+00 8.673071873881868399e+00 3.500026421595481274e-02
2.130143274818490529e+00 3.880281773932211742e+00 3.631035228805412629e-02
4.337741014229166581e+00 6.696059763041418478e+00 3.889759199127595934e-02
4.467928872105634497e+00 5.673839095931698218e+00 3.664825407105753996e-02
1.607958724297798625e+00 1.728423377422015905e+00 -5.304379778235244203e-01
7.581091853263173697e+00 8.667834803570180213e+00 5.655982447284074732e-02
5.618165814555712068e+00 6.756258930792228057e+00 4.158629433326455072e-02
5.800832383489789024e+00 5.521070377756411851e-01 -9.933129169937493508e-01
3.159741048569338906e-01 4.204192223403202533e+00 -8.970380497431182931e-01
1.209469127091220564e+00 3.508092178229782032e+00 -2.488455674183502886e-01
8.607882368767173276e+00 8.478575186868674285e-01 -9.739673542461020350e-01
9.588884478641494624e+00 7.075407578627678440e+00 -8.571445083288525835e-01
4.437907569545700426e+00 1.598957398568594090e+00 -7.673795301654766643e-01
7.548355606004347074e+00 9.209039863242232116e+00 5.913835188246279601e-02
5.592070305290112842e+00 7.797266731726998579e+00 4.835249373996997058e-02
8.604983200222125816e+00 2.085920758973399902e+00 -8.041990626675162845e-01
7.881387221093127060e+00 7.559359317459131589e+00 -1.476799256145799877e-01
9.767193658425451730e+00 2.998779037857963292e+00 -1.013512789822120563e+00
1.070040099801634836e+00 6.983238737415016217e+00 -5.298773575494193366e-01
4.709568500876581965e+00 7.626943637073215321e+00 4.110238622413753262e-02
1.300447534204895783e+00 4.468450314915350496e+00 -2.614597335288317836e-01
2.775928443840555815e+00 3.590667846741725455e+00 -3.115871639163891871e-02
2.682403492606851625e+00 5.118367248140179626e+00 3.983599740708587689e-02
6.660436037581814794e+00 7.187944676613892969e-02 -1.002556135710274354e+00
8.752891069796215007e+00 6.968514723795935950e+00 -5.081028589424800845e-01
6.438294361001860366e+00 6.928397827425242461e+00 4.820821849860434938e-03
3.632940389989552377e-01 1.149840378528129703e+00 -7.378529920528829056e-01
9.821479082638003177e+00 5.244255053360018515e+00 -9.442940806340709425e-01
8.140579063276174310e+00 6.837990704836552247e+00 -3.465255167427977456e-01
9.530032417614195950e+00 5.246327117665861905e+00 -8.536751748060722456e-01
5.132686737527910464e-02 9.480087292683705869e+00 -9.987819830650557229e-01
3.621482742078824923e+00 2.171492330016093764e+00 -6.105856153868114422e-01
7.180599200873885035e-01 6.555369319724887234e+00 -6.853983930602050023e-01
7.410225176614813947e+00 2.090829420571813924e-01 -9.974274916719656492e-01
2.884538148179258688e+00 6.428121202347639063e+00 3.710230626636379370e-02
3.704715116379977413e+00 8.744783417676703863e+00 1.703712312142324770e-02
8.138126168412478378e+00 7.958224505504952973e+00 -1.196848861781743545e-01
3.777974590238827091e+00 1.773361564627564224e+00 -7.031305392356081985e-01
2.231174319839963616e+00 3.625904958902220976e+00 3.772920407771573892e-02
3.973303791212047020e+00 8.321160267342800343e-02 -9.768898051155714413e-01
4.482544957801806729e-01 8.810738162274359686e-01 -7.708752046121158941e-01
3.123902466518004406e+00 7.343809354890820096e+00 4.205037028273306277e-02
3.643484724496255378e+00 4.185614857422454094e+00 -3.661399966316247756e-02
5.359023891836401932e-01 9.677370225422958327e+00 -1.016137909334893230e+00
4.467241306444453386e+00 5.601519407147145913e+00 3.643803638765330533e-02
5.463352918326124019e+00 6.234468726690235663e+00 3.201451992018844450e-02
8.343974573916385751e+00 5.870515066026712248e+00 -5.149281625251206362e-01
2.808246789855881165e+00 6.122558309435077284e+00 3.862165757882118911e-02
1.429165723817314992e+00 4.934228782003444280e+00 -2.143393496932821662e-01
2.675584750368373843e-01 2.601842162481971865e+00 -8.480759258528376421e-01
1.015212983883061471e+00 2.852853646406095844e+00 -3.329353009402478136e-01
7.884080241809876988e+00 7.893615157058293974e+00 -7.345680094962792062e-02
3.714935145064583111e+00 5.778949761508021865e+00 3.764415993969949525e-02
2.799544439096434800e+00 1.018082444971294548e-01 -1.000769450727958088e+00
5.982007964777985798e+00 9.410825994554707918e+00 4.731799869018393778e-03
5.073508058015368860e+00 9.781989803495505953e+00 -6.456212400607835855e-01
5.109605476603826801e+00 7.811472340903857337e+00 4.602523437769256986e-02
2.252864608160067839e+00 4.412663081952450383e+00 3.890996874765617619e-02
2.146287739019060670e+00 2.104643737529327208e+00 -4.859184209678510946e-01
4.282095125946445258e+00 8.288747361779739364e+00 3.942196549492305024e-02
7.306215991964154277e+00 5.852290438412112827e+00 -3.412512370272198226e-01
7.229100982732122205e+00 6.306452681919814118e+00 -2.587013295261468837e-01
4.295952916209403227e+00 6.404533782660752905e+00 3.787675320778571830e-02
5.592481855375222022e-01 6.527420028797766172e+00 -7.981750864416579105e-01
4.114148086573700347e+00 1.767971666804457609e+00 -7.197192118424253771e-01
9.364006520823403790e+00 5.639758426660450574e+00 -8.460310025837292081e-01
2.887181669367663961e+00 5.147882472074551963e+00 4.063513608360791451e-02
9.797510740044073074e+00 3.273266941285672527e+00 -1.014954337348573432e+00
5.827456717538609610e+00 9.045247928178909547e+00 7.362646712485676481e-02
1.199034718031249502e+00 6.313622796053333097e+00 -4.689107954689877289e-01
4.771133391847588889e+00 1.594663580829392524e+00 -7.897115672874450709e-01
2.487851311283196587e+00 8.702279260132010918e+00 -8.215903169341132184e-02
5.939069792688617788e+00 6.935034736814010614e+00 4.112523189671946078e-02
2.604610502994657129e+00 1.902569513188276717e+00 -6.105185239672685782e-01
2.025020105293835915e+00 9.385296674359606683e+00 -7.796810992210949642e-01
1.261627490543075769e+00 6.368379383236643321e+00 -4.209035252058761500e-01
8.942389998212645352e+00 4.759522534144026373e+00 -7.191117608866072208e-01
1.010619805853664843e+00 8.186837027289930901e+00 -8.427799294582238865e-01
6.538116016929085283e+00 1.314463124266356253e+00 -9.141026371867241318e-01
4.936028301496501847e+00 5.985774136059279549e+00 3.764040423296588500e-02
6.027704045553265999e+00 3.682731097186958902e+00 -5.013728676883439928e-01
4.540658749279717910e+00 9.452335477532136210e+00 -3.803836591074474249e-01
4.514398398032057003e+00 3.044289463404075136e+00 -4.978155579964649302e-01
7.005582592028705147e-01 4.006450485018483998e-01 -9.148687024921005051e-01
2.118150342581809564e+00 8.895859606180518853e+00 -4.200808554912218717e-01
9.509755498026249754e+00 5.740781209596862666e+00 -9.176547695166795693e-01
3.554911800814113398e+00 1.267033433611987059e+00 -8.141614214092633972e-01
5.199355010595140492e+00 7.406900939183982402e+00 4.573407768076620528e-02
5.645345729899283738e-01 1.002342143169486777e+00 -7.435740028229429477e-01
3.519054076709158707e+00 2.892947269935258081e+00 -4.075405736114303679e-01
9.505365970174127099e+00 9.750485392784270289e+00 -3.721333139991060968e-01
2.686199111132249850e+00 6.090727999666472048e-01 -9.520408162789024686e-01
4.812939652674915747e-01 2.452585826241802991e+00 -6.814122222782201810e-01
3.414491307833990241e+00 5.537595565607582593e+00 3.928218167697039576e-02
7.352448290384144158e+00 2.604262127810915040e+00 -7.346327762827278285e-01
2.824368957683561554e+00 2.875913183284188435e+00 -2.757008376656746584e-01
6.712760059889189002e+00 2.147097233053887333e+00 -7.646541259974916072e-01
1.601107034955219000e+00 6.579887694268609977e+00 -2.155690154398550717e-01
1.300105170804287669e+00 2.443117619046673017e+00 -2.857769068727002981e-01
4.377650292091486151e+00 7.899788416095761434e+00 3.946401274827060490e-02
2.841961844905632528e+00 4.447369621328070899e+00 4.368554426245241373e-02
1.571793292874905434e+00 5.607431992386434416e+00 -1.962983566254647982e-01
3.088147532789359051e+00 6.112206710581749025e-01 -9.790675710922012165e-01
8.857259131925024676e+00 5.156287097138194220e+00 -6.714708278849456091e-01
1.907451456170101256e+00 1.930975015569315723e+00 -5.095999080290920524e-01
7.482797187939056904e+00 2.829451121436126204e+00 -7.094847208374426284e-01
4.312038243564806805e+00 9.847100916471394072e+00 -8.888314899079238218e-01
8.227760300934010118e+00 1.249841415890406537e+00 -9.038581878168653327e-01
1.204070392808393564e+00 9.758046057283703334e+00 -1.030665769511672769e+00
3.670934227906332392e+00 6.609801511938750984e+00 3.974693361835779370e-02
4.230565842895315676e+00 8.743213049625131461e+00 3.374887568941820071e-02
1.127061852087274385e+00 1.971083245051798993e+00 -3.903643995212049411e-01
8.060182049230879997e+00 3.347736530890246698e+00 -6.884764550719214560e-01
3.005450821196162359e+00 6.025478610118743639e+00 3.884519736779745713e-02
7.989174612274164922e+00 1.449886464263146379e+00 -8.652229854063878678e-01
9.429427497634561561e+00 2.014325218767217152e+00 -9.589803290255645152e-01
9.507724524771525410e+00 4.938848035582044105e-01 -9.927989263850687252e-01
2.553848315689435822e+00 4.813531332061060652e+00 3.970810195995388980e-02
7.455131684804637615e+00 8.526801458202504236e+00 5.558373573642294563e-02
8.653396045823381399e+00 1.754485773808317495e+00 -8.649755194599195729e-01
5.140392727705943576e-01 1.348234477341471393e+00 -6.858856901109176007e-01
4.117239807330822288e+00 6.145919485509131697e+00 3.557118600784070495e-02
7.855643360832053723e+00 6.192707956368074917e+00 -3.776086516144864236e-01
9.253956573757191606e+00 3.932761143823314320e+00 -8.502108271790406180e-01
2.944434491623594052e+00 6.166124365520636808e+00 3.785011238647495446e-02
5.141726075070255142e+00 9.177816547137203074e+00 7.991575181440779829e-04
1.575145097707372766e-01 9.384117870662866068e+00 -1.000414473254429559e+00
4.677215979073844565e+00 3.323401322839671046e+00 -4.549511602040827718e-01
1.743851490076925304e+00 7.057150007136935521e+00 -1.687883730893369183e-01
4.380031767084752836e+00 5.522865207041861346e+00 3.753591111420728765e-02
2.842735204274135619e+00 7.489095958801009090e+00 2.849404073890227096e-02
9.247611570081142318e+00 2.669419918964766492e+00 -9.164527386175742585e-01
6.303507094529398280e+00 9.554122303903705316e+00 -7.921707021825707962e-02
1.530687179257540498e+00 4.446425527234437070e+00 -1.353071058671861948e-01
2.824331297550444209e+00 5.127109078545578846e+00 4.057550824762445885e-02
4.781804197419708302e+00 2.545426110346176163e+00 -6.136142374789450571e-01
7.025615228019451486e+00 7.271645040111519576e-01 -9.765608740171216606e-01
7.739089653393887325e+00 1.601755521753809308e+00 -8.419311711620585115e-01
6.581008885917322360e+00 4.090906058975987136e+00 -4.881036173798243283e-01
5.262317245965931756e-01 9.205154456696313048e+00 -1.006054892324224292e+00
1.730269932013693834e+00 2.383857742167019567e-01 -9.301574602824334015e-01
9.839646854937686982e+00 1.044389375611397774e+00 -9.975586932743465418e-01
1.029289687499873596e+00 8.237536589528964726e+00 -8.403099405036522640e-01
5.644497677167784389e+00 9.406272417970470201e+00 -1.115546928427177953e-01
9.400664759681083282e+00 1.460038084736908770e-01 -9.820223037019284451e-01
1.774691100652620923e+00 5.571331486598598559e+00 -9.016530923916121765e-02
1.634711017669539634e+00 9.422627001787047263e+00 -9.530985044386224292e-01
7.357267573322237020e+00 5.797248032863354439e+00 -3.555115464714075912e-01
1.916699659310071857e-01 7.554453201684999009e+00 -9.938738117615226741e-01
7.535930197963518040e+00 7.484216037974132263e+00 -8.669932016691206389e-02
8.074962245869201638e+00 5.174360834200917303e+00 -5.270858648642743338e-01
8.579053276002982287e+00 1.791433460178995185e+00 -8.514445383246125321e-01
1.132966187155321602e+00 7.331660302570640830e+00 -5.303337960801020046e-01
3.495803565990569517e+00 7.682977423693432506e+00 4.184264830408013225e-02
8.869310313800216505e+00 5.813753652446110642e+00 -6.613220351963492449e-01
9.497614984234944657e+00 1.393114851363377094e+00 -9.936268416931767211e-01
3.016498496207844493e+00 2.602304282936930946e+00 -4.150275213897982596e-01
1.589210492854432610e+00 4.269735113030548312e+00 -9.806239343195777280e-02
5.218943419681153273e+00 5.988388836795954795e+00 3.038438052112057974e-02
9.003107194144643888e-02 2.250003336662359743e+00 -8.568169753259144983e-01
1.593899466677018095e+00 4.577703898291025197e+00 -1.126371676432107449e-01
6.848259538789212897e+00 4.993947496313287715e+00 -3.981926804627315963e-01
5.871338919827697289e+00 5.387093503193857380e+00 -2.125643934238079513e-01
9.760793244138136204e-01 3.376387804578619090e+00 -3.837860089503104533e-01
6.014910294067270513e+00 6.911080354700819051e+00 3.810901169935165811e-02
4.941276039667655162e+00 4.132169313894066498e+00 -3.448197866244657739e-01
5.875928451030717703e+00 1.264257020300647794e+00 -8.749563623206898511e-01
4.502004673952484382e+00 3.024931883251208431e-01 -9.619923269087802264e-01
7.506393758213413259e-01 3.767630168653832268e+00 -5.845505383690334789e-01
1.691965884265251630e+00 4.139916524988610291e+00 -4.987384522875792925e-02
1.361887846610005948e+00 4.952409148260312755e+00 -2.513129473103496991e-01
4.067002586032377742e+00 1.630202277473840722e+00 -7.426565415067707399e-01
1.275135646940220635e+00 6.280375328516806022e+00 -4.178754724428470624e-01
8.096465383574189545e+00 7.924186259198300775e+00 -1.167810340946603409e-01
2.085972546239044156e+00 4.936373179461336136e+00 1.649787423908133377e-02
5.992012977911408633e+00 7.274731490972742520e+00 4.569532667977638241e-02
2.202760217707764756e+00 9.875113834074394248e+00 -9.588800652447576622e-01
8.209691256718329555e+00 5.283497591042535468e+00 -5.400375951699429855e-01
3.940451949091529738e+00 5.145494951185388466e+00 3.977076685443936555e-02
6.750964877754212168e+00 9.505027215410537522e+00 -1.393960684320094678e-02
8.368310554868575224e+00 7.718999443461784793e+00 -2.472522520545862024e-01
8.648440988058371914e+00 6.300620482344821305e+00 -5.400685681236175872e-01
5.683468119340441049e+00 2.390082764714525965e+00 -6.819379327963466242e-01
9.535014219286795267e+00 2.243529922778787711e+00 -9.642384733852689127e-01
1.745032905973931348e+00 7.270681893356193193e+00 -1.776085607880188988e-01
7.474240253314139437e+00 7.578870101218188715e+00 -5.265495719234780658e-02
5.719458226885717700e+00 5.553039373817606261e+00 -1.456775523922622106e-01
2.053133924904749497e-01 6.424384479407413195e+00 -9.902121924139475340e-01
1.766819341244839636e+00 7.870521222380697957e+00 -2.594252971498840488e-01
8.985454189070850362e+00 5.752290859169732151e+00 -7.024597847195555023e-01
3.602135813904275174e+00 4.521604732619806555e+00 2.586559159780099648e-02
4.920148422944916611e+00 8.981342154416292800e+00 2.758039428466774190e-02
2.039157202070190689e+00 4.388735848380654225e+00 2.424558996599213145e-02
2.767014601759682613e+00 2.205473201692759400e+00 -5.419517090234959866e-01
8.927538231623589837e+00 4.786789118854448133e-02 -9.952729733200517126e-01
5.342212874328755134e+00 8.191350299218710163e+00 5.046745225869564422e-02
3.026306223030446940e+00 5.507787789293105085e+00 3.929070648575949676e-02
5.268952132859302750e+00 4.627570688143640254e+00 -2.857735060315680364e-01
6.261097541583172443e+00 5.636984977293961308e+00 -2.251747018673517786e-01
7.013329123085475514e-01 9.081918629628200179e+00 -9.972553238544057397e-01
4.897242745809412767e+00 7.248281751801646244e+00 4.299077796685812913e-02
6.108575230330480998e+00 5.330564218556594902e-01 -1.000158384363850850e+00
1.713763069489706803e+00 3.685755697907251438e+00 -2.745191511652356198e-02
6.119097656362637139e+00 3.519192677857432727e+00 -5.319460235625483868e-01
3.463480833504951062e-01 4.109828090983665305e+00 -8.845532464967225117e-01
9.564074456609322539e+00 7.582563013306250710e+00 -8.192640356682808767e-01
7.299013307365907366e+00 9.695987852322691225e+00 -9.161924428247103513e-02
9.207143970096284491e+00 2.129969241937905711e+00 -9.083343023568258845e-01
5.626822058646211211e+00 4.161526438540958495e+00 -4.030565500745546537e-01
7.985023203893865329e+00 7.140967843673755588e+00 -2.606592485438059548e-01
1.322701937492081481e-01 4.758513363953474240e+00 -9.984096703862483935e-01
6.259274492854668637e+00 6.081851572993284272e+00 -1.347702893998685703e-01
7.232934769907416239e+00 5.899160662903166319e+00 -3.248962365063943203e-01
1.383468105447601015e+00 3.435161308393731017e-01 -9.050639978751688908e-01
1.373035569696980041e+00 8.100466370072192390e+00 -6.068619767061260717e-01
3.282365200830736907e+00 1.741215064818468994e+00 -6.956538541930443742e-01
6.227692160565511337e+00 5.513316944764228289e+00 -2.441477821879118881e-01
5.249105957043500581e-01 7.928119092467541762e+00 -9.364687668682538657e-01
5.079608404803963140e+00 9.737558043046039558e+00 -6.062252522488584816e-01
8.959568639063345330e+00 7.325194762594863462e+00 -5.424057887542346190e-01
5.990767104788550235e+00 4.016265759341804298e+00 -4.509859055255844851e-01
7.323321233295372323e+00 4.944999410814116203e+00 -4.531175102549751532e-01
6.752535013302914280e+00 2.473124492428320220e+00 -7.191535891758906729e-01
5.351069452507183577e+00 4.984051524059502469e+00 -2.167116338570505008e-01
4.845005931334167570e-01 6.870627536478751907e+00 -8.705114297691443070e-01
9.254624323296406274e+00 9.350748276293252559e+00 -2.999167313209298857e-01
7.679300808973454018e+00 4.311835898278529200e+00 -5.606949950941305660e-01
2.554052753415871346e-01 6.004939930359385336e+00 -9.920356215094185970e-01
4.700841413462086393e+00 4.764001798713726643e+00 -1.286982940976200140e-01
7.055533637880952114e+00 2.054214208496257577e+00 -8.027559098222061262e-01
9.422518766278722424e+00 8.316478102431005937e+00 -6.545814161759534455e-01
8.859279020795321813e+00 7.305561650021606290e+00 -5.036099787197422240e-01
9.434455377823306677e+00 3.122820903811352800e+00 -9.912835889742318551e-01
6.268367957610319507e+00 9.548867024617629928e-01 -9.755329336926709116e-01
2.391811913195049932e+00 2.463594704203019958e+00 -3.674786323191900905e-01
7.528910819217749406e+00 5.882124489823298497e+00 -3.678936411251274574e-01
7.006154524119665439e+00 8.164975275305399904e+00 5.241279547294008800e-02
2.566707435234137691e+00 6.123695000440844360e+00 3.650600149876659373e-02
3.731773255952199442e+00 6.694101022465355211e-01 -9.285856956924491978e-01
8.562862466593873734e+00 9.173591902236599704e-01 -9.646124277902721200e-01
5.731396014364364078e+00 1.093365724179020892e+00 -9.006760597466965113e-01
3.970480358032845825e+00 7.634021035023343948e+00 4.149616620682516910e-02
8.859211811688108895e+00 9.052304885624407049e+00 -9.569244952159272621e-02
1.947539173925631806e+00 5.103919370785040321e+00 -1.726771388227188453e-02
5.678985165906361487e+00 8.205569899653477606e+00 5.045780379518971515e-02
6.005588506891935907e+00 8.887176289955510455e+00 5.864767575703044855e-02
1.718778037768128097e+00 3.982631773130878905e+00 -3.127202545642981946e-02
9.104611017729528299e+00 7.585844927604035171e+00 -5.631325026227753661e-01
9.610222371967543253e+00 5.341809304182314477e-01 -9.907803642458771209e-01
5.903244414166813669e+00 3.565394912919612302e+00 -5.092983158444128744e-01
8.943569379855313528e+00 1.874985111962264250e+00 -8.870520841908478005e-01
3.027987985956510919e-02 5.840026578554202707e+00 -1.014034629939297716e+00
6.449253679578882403e-01 8.978720326231940163e+00 -9.966895374414463937e-01
3.010681586955919364e+00 8.790284551344923258e+00 -4.236792357135521492e-02
5.995523411090251997e+00 8.135999946787910275e+00 4.811917626605777265e-02
9.123138841566055035e+00 4.825654407576944749e+00 -7.516212331178164785e-01
9.000082186503655990e+00 9.483327067451368109e+00 -1.299508649234719648e-01
2.899227561421572341e-01 8.657287286854318253e-01 -7.833790020375888119e-01
3.999934791375067356e+00 5.308878773952470986e+00 3.889742723934652702e-02
1.422898676650006244e-01 5.587817181096862207e+00 -9.801712472639261264e-01
6.205245565771653204e+00 3.109420231596911943e+00 -5.958795817456492561e-01
5.514966509366362679e+00 6.168852036351758272e+00 2.055373626338319326e-02
7.958694165774059748e+00 6.191000229914319641e-01 -9.686699242168883561e-01
5.981509835773461070e+00 7.717590375455553264e+00 4.542452589441081656e-02
2.769769373003551749e+00 1.059123619521421845e-02 -9.981346448470779231e-01
1.854603767866169539e+00 7.247535772265934817e+00 -1.216899356952141353e-01
2.922883513955524037e+00 7.610072472040831038e+00 3.299077040261488847e-02
9.814358408351885998e+00 2.832949869248069685e+00 -1.006422715992201011e+00
2.745712602731896546e+00 2.733326926212816144e+00 -3.164493897320821425e-01
5.446143291824656174e+00 6.617553933067682692e+00 4.024310421157251128e-02
7.302142312565250926e+00 8.122137953493997031e+00 4.809101971475604476e-02
4.424122475629792106e+00 5.395775166769172237e+00 3.572310035075476620e-02
4.077553161219034550e+00 1.901534279989504528e+00 -6.951300067757175682e-01
3.973419758488118791e+00 4.238706020038650379e+00 -1.083329348320578589e-01
8.867089516179310626e-02 1.693065076255583001e+00 -7.617343415801927087e-01
2.326286447265253798e+00 5.909934300539693847e-02 -9.789284492732951426e-01
2.901154434948496785e+00 5.777571472482333270e+00 3.842486581755366615e-02
8.299497712627132984e+00 6.647232306762512977e+00 -4.090891221826411517e-01
2.431448015107929433e-02 8.421574000625456691e+00 -1.019555422723931404e+00
7.620136655895017874e+00 5.485798739980537242e+00 -4.280718920946644523e-01
3.635082839284780487e+00 5.475376854551931238e+00 3.878858222976599990e-02
8.859086843306156922e+00 7.888254923159578880e+00 -4.068011139593181724e-01
9.343138896817572814e+00 3.827560311386125846e+00 -8.835400633805932102e-01
5.685372047869498680e+00 1.958804993651803272e+00 -7.579563105468234419e-01
9.236509716130003156e+00 9.773003913968413059e+00 -3.893505806840835692e-01
2.599624534689053856e+00 7.571886230776788018e+00 2.491957240825559694e-02
3.062998030585811549e+00 7.212233876551364276e+00 4.066995046697918781e-02
3.503985594347105437e+00 7.226451328973308108e+00 4.115710524854998553e-02
5.753140530892340010e+00 2.001896795629284131e+00 -7.497580295016199603e-01
1.335311807622807656e+00 5.757779730300427445e+00 -3.637641988586022279e-01
1.828283624457305301e+00 3.974913276095421111e+00 -5.033742967972543170e-04
1.491374743660528246e+00 8.110303990547000907e+00 -5.229503219028486249e-01
6.726100874825998055e+00 1.928984023210285059e+00 -8.062912816641590874e-01
8.925110798824681169e+00 5.200700331265041498e+00 -6.826680487292405841e-01
7.321432974800080595e-01 7.978414967171353567e+00 -8.921693693440251316e-01
5.309130642245313503e+00 5.134772658409404222e+00 -1.709998264538841184e-01
6.283427594365721625e+00 2.511980513211596655e+00 -6.884167126401062875e-01
8.697387901814797928e+00 1.017932955229918085e-01 -1.000437066517284146e+00
6.922241703051138728e+00 7.335739249797846639e+00 -2.977426007822359111e-03
7.973461325169430403e+00 5.471130351103404621e+00 -4.819485639122781384e-01
7.553538643857848456e+00 3.928752105758443469e-01 -9.858408515324350585e-01
5.930022447285707266e+00 2.596915562893398643e+00 -6.574477114174119841e-01
8.093743872208655432e+00 6.205025807265040605e+00 -4.192837941361697851e-01
3.295865162681054450e+00 6.937798758613976879e+00 3.983890982719717755e-02
4.844311605039407276e+00 7.444839465739691242e+00 4.295635624922722329e-02
6.914570650298736076e+00 9.237065994494317422e+00 6.165228839203984457e-02
2.253101956317308918e+00 1.963366379877910628e+00 -5.529018789140320855e-01
3.019591811893463928e-01 5.146207388237953317e+00 -9.328043888249535343e-01
9.359835867287863209e+00 7.197873390033437069e+00 -7.497257436206559156e-01
9.530630393419009749e+00 3.502345839246665538e+00 -9.735567538505935925e-01
8.043949362099976241e+00 8.187187931419211750e+00 -3.646963760438637348e-02
4.919503923236355547e+00 6.747508286471276762e+00 4.141633721511173150e-02
7.570467416219488044e+00 9.698356044007342192e+00 -9.214608946059371641e-02
3.522878216010849162e+00 5.344579254709814542e+00 4.011093646373131705e-02
2.944724896979588724e+00 2.818703738857952334e+00 -3.209757102699959397e-01
3.322483901045515609e+00 6.159602370094571455e+00 3.983831324126185791e-02
7.237238669540663416e+00 5.757577963809083599e+00 -3.454366517066196351e-01
3.913048612106968083e+00 7.953884584263006374e+00 4.260327864855062430e-02
5.250892248477984303e+00 6.631208220227331473e+00 4.149739655294926166e-02
3.969518228483212674e+00 9.751129318388732869e+00 -9.382730596728806605e-01
1.995095750524780831e+00 1.569256595860753611e+00 -6.393728069011821447e-01
8.799795219852114769e+00 1.522811543845312698e+00 -9.142050102716767768e-01
9.331914936815405071e+00 8.603110235144578510e+00 -5.534534583362737958e-01
4.557198836206977077e+00 1.774270946730125198e+00 -7.418570660991221644e-01
1.842958586404206178e+00 7.049015251889440004e-01 -8.535962339872096294e-01
7.028203097271067179e+00 5.223538886431243755e-01 -9.888475773386484757e-01
8.467171254133971203e+00 6.839371335589338408e+00 -4.280629019271301461e-01
2.714211570590889799e+00 4.225980160681312547e+00 4.383902010385698489e-02
3.979994776837321169e+00 3.363595303647546775e+00 -3.782807826500080850e-01
1.179077403072246621e+00 9.710992789725864327e+00 -1.030948886952231192e+00
7.647341154575081568e+00 4.138513692684862022e+00 -5.746905068372449854e-01
1.839937826168942747e+00 9.892780592843427812e+00 -1.013238794987021407e+00
5.254591413775748343e+00 1.199298965245644277e-01 -9.967501678426199385e-01
8.075309270817790930e-01 5.149182987392306288e+00 -6.307031262312721154e-01
1.932581975423489418e+00 3.876281087919754231e+00 1.777864127649309012e-02
6.182266142028956857e+00 5.985479309133878267e+00 -1.385491274003671780e-01
3.007770227745760749e-01 1.835656761870543496e+00 -7.005646678126984384e-01
8.001724447660478745e+00 1.407521465907806579e+00 -8.713868227684108403e-01
1.903202128893064282e+00 2.905203492427522072e+00 -9.976201413153695796e-02
4.595005523472003306e-01 2.529367105697022389e+00 -7.042569140416765627e-01
2.610484221032657870e-01 4.208205093543875286e+00 -9.270619230632539676e-01
5.790629717184501146e+00 6.707438464969341929e+00 3.518025587358719619e-02
8.037525129754161668e+00 8.427094627479243538e-01 -9.474924481156445921e-01
2.200653285907462120e+00 5.401203361220200172e+00 2.558231724977488852e-02
7.610301334091245096e+00 9.043700887972322633e+00 5.848695977656348521e-02
2.752621033893563052e+00 1.050029082268391090e+00 -8.300237504475895811e-01
7.255873076651345066e+00 4.396531389060817641e-01 -9.873569912779295299e-01
9.173111756631319835e+00 8.183176897583386733e+00 -5.224375149221490711e-01
7.971541048259379814e+00 5.162193002599890335e+00 -5.118616154219073344e-01
9.217135226012263871e+00 3.116190316216838063e+00 -9.187319591718821066e-01
8.058048523242336003e+00 3.500796995258574351e-01 -9.888023362432232233e-01
2.587657096620926467e+00 8.931464859382018062e+00 -2.032995700997366484e-01
5.548518555313139089e+00 2.855148618196579946e+00 -5.915407458964558884e-01
3.088962021705650596e+00 8.489240703576719227e+00 3.651685742290400327e-02
6.354980846865319499e+00 5.026235984557646752e+00 -3.424438907834181922e-01
2.968907396184175429e+00 6.072060213127512540e+00 3.867073743771332062e-02
3.735813955989876423e+00 6.133699846616440077e+00 3.899703558048228658e-02
2.236544607307346944e+00 3.362768486566013681e+00 3.795290539108986394e-03
5.563653323684884633e+00 2.946565183638416574e+00 -5.768152103026193966e-01
5.001400648433861562e+00 3.429268155359898707e+00 -4.630540499442561408e-01
6.702447702196176138e+00 6.406115232541640836e+00 -1.529291051637959864e-01
1.636837838073394780e+00 2.406343986800475676e+00 -2.792596239750269049e-01
1.750000000000000000e+00 3.500000000000000000e+00 -5.701344719875045541e-03
1.500000000000000000e+00 3.000000000000000000e+00 -7.022570131619998435e-02
2.000000000000000000e+00 5.000000000000000000e+00 4.280322966483396385e-04
2.000000000000000000e+00 6.000000000000000000e+00 -1.184976616172761510e-02
2.000000000000000000e+00 5.499999999999999112e+00 1.039623452454563335e-03
2.000000000000000000e+00 6.500000000000000000e+00 -2.654956906293559626e-02
3.500000000000000000e+00 9.000000000000000000e+00 -2.468135065404242212e-02
5.000000000000000000e+00 9.150000000000000355e+00 2.783714578410112495e-02
6.500000000000000000e+00 9.499999999999998224e+00 4.958199515600980600e-02
8.500000000000000000e+00 1.000000000000000000e+01 -4.451262537565399136e-01
8.750000000000000000e+00 9.499999999999998224e+00 4.988372125956819225e-02
8.000000000000000000e+00 8.500000000000000000e+00 3.610544051615398320e-02
7.250000000000000000e+00 7.749999999999999112e+00 2.773065535620344857e-02
6.500000000000000000e+00 7.250000000000000000e+00 4.079587974271325912e-02
5.499999999999999112e+00 6.250000000000000000e+00 3.106191486444975780e-02
5.499999999999999112e+00 9.250000000000000000e+00 4.974151983641372787e-02
4.749999999999999112e+00 5.250000000000000000e+00 -1.022134716407885335e-02
4.000000000000000000e+00 4.749999999999999112e+00 2.355633961406544685e-02
4.000000000000000000e+00 9.000000000000000000e+00 -2.099604797711118742e-02
4.500000000000000000e+00 9.000000000000000000e+00 2.765097857938925152e-02
6.749999999999999112e+00 9.000000000000000000e+00 5.004614473151858256e-02
6.000000000000000000e+00 9.375000000000000000e+00 4.973471979794630293e-02
7.499999999999999112e+00 9.499999999999998224e+00 4.108743935141512260e-02
7.749999999999999112e+00 9.400000000000000355e+00 4.999929422654775246e-02
8.500000000000000000e+00 9.750000000000000000e+00 4.971269988764293046e-02
8.500000000000000000e+00 9.875000000000000000e+00 -1.954526279161905578e-01
3.250000000000000000e+00 4.000000000000000000e+00 -8.890899631654569646e-03
3.000000000000000000e+00 8.750000000000000000e+00 -2.693145933196361419e-02
2.749999999999999556e+00 3.500000000000000000e+00 -4.985110855431029719e-02
2.625000000000000000e+00 8.750000000000000000e+00 -4.356405663955276175e-02
1.750000000000000000e+00 3.500000000000000000e+00 -5.701344719875045541e-03
1.500000000000000000e+00 3.500000000000000000e+00 -9.285378635634522482e-02
1.750000000000000000e+00 4.000000000000000000e+00 -2.016015070145193988e-02
1.949999999999999956e+00 4.500000000000000000e+00 1.099144570620769201e-02
2.000000000000000000e+00 6.000000000000000000e+00 -1.184976616172761510e-02
2.125000000000000000e+00 7.000000000000000000e+00 -7.034039715582363073e-03
2.000000000000000000e+00 3.250000000000000000e+00 9.497011001367905436e-03
2.000000000000000000e+00 3.000000000000000000e+00 -8.053782044580470867e-02
2.000000000000000000e+00 4.000000000000000000e+00 2.395736938209180877e-02
2.000000000000000000e+00 4.500000000000000000e+00 1.804241699077113736e-02
2.250000000000000000e+00 7.374999999999999112e+00 -1.111051143735775071e-03
2.500000000000000000e+00 8.000000000000000000e+00 2.705892773942375484e-02
2.500000000000000000e+00 8.500000000000000000e+00 2.076283970220638153e-02
3.500000000000000000e+00 8.750000000000000000e+00 -7.090069595596881769e-03
1.500000000000000000e+00 3.000000000000000000e+00 -7.022570131619998435e-02
3.500000000000000000e+00 7.499999999999999112e+00 4.034508971118144771e-02
2.068999353801097563e+00 3.341986910025558366e+00 2.036658412481751057e-02
9.772806984229129412e+00 1.012815598681896567e+01 -7.472030213794407238e-01
