# #T1 T2 L2 LInf sim_L2 sim_LInf
0.000000000000000000e+00 1.000000000000000000e+00 6.822679922650800588e-01 2.124792959386626379e+00 3.892168640196413953e-02 5.047150258314470062e-02
1.000000000000000000e+00 2.000000000000000000e+00 1.613439939089468533e-01 1.066971541698136683e+00 2.807002639019978013e-02 4.221473688606611208e-02
2.000000000000000000e+00 3.000000000000000000e+00 8.035512713904569004e-02 4.716282166183414781e-01 1.694410367927037808e-02 2.290841459820808917e-02
3.000000000000000000e+00 4.000000000000000000e+00 4.913469963637706606e-02 2.245567256525149991e-01 1.330330283680701206e-02 1.890397197471634788e-02
4.000000000000000000e+00 5.000000000000000000e+00 2.631537071466374250e-02 1.331447952866847140e-01 7.193335829320001915e-03 1.079568677854174201e-02
5.000000000000000000e+00 6.000000000000000000e+00 1.402920800378086932e-02 5.621939968524510001e-02 6.929932383094630430e-03 8.663284919569167603e-03
6.000000000000000000e+00 7.000000000000000000e+00 1.163615455377075419e-02 9.245029659605108474e-02 7.471469269908307190e-03 9.026750093331767713e-03
7.000000000000000000e+00 8.000000000000000000e+00 1.042371250588893135e-02 9.342155650424810442e-02 7.177971330642140407e-03 8.998414732176125003e-03
8.000000000000000000e+00 9.000000000000000000e+00 4.634122302412864783e-03 1.493970050325461006e-02 5.566561032708724002e-03 7.393475312799015035e-03
9.000000000000000000e+00 1.000000000000000000e+01 3.330617946487711249e-03 1.102535776999129594e-02 4.473486451760775098e-03 6.111517524245038344e-03
1.000000000000000000e+01 1.100000000000000000e+01 2.440749088951814534e-03 8.876842369446493602e-03 3.486922081616419290e-03 4.870631396037572794e-03
1.100000000000000000e+01 1.200000000000000000e+01 1.819266342231347800e-03 7.009060394766805299e-03 2.688707890973522207e-03 3.805372869166239423e-03
1.200000000000000000e+01 1.300000000000000000e+01 1.354701556868426193e-03 5.386859141574605256e-03 2.059871966942134446e-03 2.936511477553406264e-03
1.300000000000000000e+01 1.400000000000000000e+01 1.004068006211477834e-03 3.980403512215554239e-03 1.564110313718922434e-03 2.233291345864914929e-03
1.400000000000000000e+01 1.500000000000000000e+01 7.492842054015495194e-04 2.885917526267548633e-03 1.185979489845845726e-03 1.694304479888809455e-03
1.500000000000000000e+01 1.600000000000000000e+01 5.632296432937418948e-04 2.044225744557011740e-03 8.924849369800825268e-04 1.270448140554338544e-03
1.600000000000000000e+01 1.700000000000000000e+01 4.295841068014462664e-04 1.451045756146650051e-03 6.715515203278724175e-04 9.504153937796843430e-04
1.700000000000000000e+01 1.800000000000000000e+01 3.326983406949849515e-04 1.067122017017276469e-03 5.049380366919104923e-04 7.089000514469286866e-04
1.800000000000000000e+01 1.900000000000000000e+01 2.590616000657027396e-04 7.807440915532882705e-04 3.779817408581586735e-04 5.258125582654966153e-04
1.900000000000000000e+01 2.000000000000000000e+01 2.034893905522794843e-04 5.675894538375000952e-04 2.859547272192487343e-04 3.911192841319155802e-04
2.000000000000000000e+01 2.100000000000000000e+01 3.012650185724666946e-04 1.997037948191979478e-03 1.956642609421769532e-04 3.208945716981320391e-04
2.100000000000000000e+01 2.200000000000000000e+01 1.356763236354065801e-04 3.770875423820418569e-04 1.474125487672549490e-04 2.693893365536203458e-04
2.200000000000000000e+01 2.300000000000000000e+01 1.090171913787277286e-04 2.535990739305939829e-04 1.000988653401000886e-04 2.271499384578473245e-04
2.300000000000000000e+01 2.400000000000000000e+01 9.291574248327082999e-05 2.487437247424147905e-04 6.520606868484086756e-05 1.943716582397765006e-04
2.400000000000000000e+01 2.500000000000000000e+01 7.791769099312356609e-05 1.780656133472153667e-04 4.479299870380415238e-05 1.675552171777736261e-04
2.500000000000000000e+01 2.600000000000000000e+01 6.931714256200557684e-05 1.862803075275801007e-04 3.485863457915792214e-05 1.452215232380864687e-04
2.600000000000000000e+01 2.700000000000000000e+01 5.974686046242055399e-05 1.293987111737017123e-04 3.190009542114194489e-05 1.263533305533276311e-04
2.700000000000000000e+01 2.800000000000000000e+01 5.510348799909397870e-05 1.500564222967739670e-04 3.078138856125054649e-05 1.108855149065540464e-04
2.800000000000000000e+01 2.900000000000000000e+01 4.811220356433104390e-05 9.830563568003972260e-05 3.334700293410561322e-05 9.710306593443818863e-05
2.900000000000000000e+01 3.000000000000000000e+01 9.128115479048360022e-04 7.428489161249099068e-03 2.068853554421728959e-04 4.806889543894543072e-03
3.000000000000000000e+01 3.100000000000000000e+01 8.820904204926212789e-04 4.226708949778920470e-03 1.262118404453190673e-04 3.208841733724642712e-03
3.100000000000000000e+01 3.200000000000000000e+01 9.189791907657882553e-04 3.212935439486567461e-03 1.991549260240001000e-04 2.606938547140619320e-03
3.200000000000000000e+01 3.300000000000000000e+01 9.050483218430753962e-04 2.658591982961834403e-03 3.050009458267243824e-04 2.288297893516778262e-03
3.300000000000000000e+01 3.400000000000000000e+01 8.552926030659122134e-04 2.408370009966307249e-03 4.361603110492346530e-04 1.927633128502486857e-03
3.400000000000000000e+01 3.500000000000000000e+01 7.928319399682524568e-04 2.136142139322680725e-03 5.271827240035343795e-04 1.796706652239996732e-03
3.500000000000000000e+01 3.600000000000000000e+01 7.551045928262400692e-04 1.946561483341834303e-03 5.713589371115243391e-04 1.654947811185892258e-03
3.600000000000000000e+01 3.700000000000000000e+01 7.028756631341231834e-04 1.764267378758414308e-03 5.860457009496515025e-04 1.445715042635664291e-03
3.700000000000000000e+01 3.800000000000000000e+01 6.445553215994785992e-04 1.493021336697258590e-03 5.726380889227104375e-04 1.294796442965585187e-03
3.800000000000000000e+01 3.900000000000000000e+01 5.855371880551771312e-04 1.276648115569586905e-03 5.433758081141744486e-04 1.146022275590126904e-03
3.900000000000000000e+01 4.000000000000000000e+01 5.310306869671842451e-04 1.088537130703217662e-03 5.047929371379638024e-04 1.001059048827286288e-03
4.000000000000000000e+01 4.100000000000000000e+01 4.797677588691206759e-04 9.411624222657455352e-04 4.640989663909719396e-04 8.916039884673803567e-04
4.100000000000000000e+01 4.200000000000000000e+01 4.335855931030256800e-04 8.119572254747500686e-04 4.200448153701042309e-04 7.908370761678538887e-04
4.200000000000000000e+01 4.300000000000000000e+01 3.898931802549330389e-04 7.014219740232364476e-04 3.766857176895791284e-04 6.998028125058112408e-04
4.300000000000000000e+01 4.400000000000000000e+01 3.493695239901504048e-04 6.200069277132651355e-04 3.381245286290601531e-04 6.189176917107944067e-04
4.400000000000000000e+01 4.500000000000000000e+01 3.122937326237225386e-04 5.522949306116403147e-04 3.029618185132350837e-04 5.475031167695612166e-04
4.500000000000000000e+01 4.600000000000000000e+01 2.826727935223913302e-04 6.447045844998409558e-04 2.812661487514029192e-04 4.830675942220887453e-04
4.600000000000000000e+01 4.700000000000000000e+01 2.496877331066920617e-04 4.316693993998247671e-04 2.316431376707039295e-04 4.256382958130363854e-04
4.700000000000000000e+01 4.800000000000000000e+01 2.210812257049962304e-04 3.785857585024398069e-04 1.952988746308380774e-04 3.748645512467814380e-04
4.800000000000000000e+01 4.900000000000000000e+01 1.965086577629219253e-04 3.385896487251797288e-04 1.706099280575738841e-04 3.303038570705079877e-04
4.900000000000000000e+01 5.000000000000000000e+01 1.751166295694816795e-04 3.077167505535952736e-04 1.525122639741390896e-04 2.915782749351404288e-04
5.000000000000000000e+01 5.100000000000000000e+01 1.563791435929831543e-04 2.787301827172910954e-04 1.389322220960193953e-04 2.578845621299132550e-04
5.100000000000000000e+01 5.200000000000000000e+01 1.390076921413359095e-04 2.294057896904049356e-04 1.286405281683241687e-04 2.285038643076020147e-04
5.200000000000000000e+01 5.300000000000000000e+01 1.256645593758673712e-04 2.257729168999060229e-04 1.182624343404164980e-04 2.036942934350973247e-04
5.300000000000000000e+01 5.400000000000000000e+01 1.125881277220615513e-04 2.100925957322285424e-04 1.032340398679702884e-04 1.819512450512352918e-04
5.400000000000000000e+01 5.500000000000000000e+01 1.010066056356330086e-04 1.944621400026066039e-04 9.339939798700276066e-05 1.628282258775233982e-04
5.500000000000000000e+01 5.600000000000000000e+01 9.058521242875270340e-05 1.798900342175135752e-04 8.634072420113412334e-05 1.459109749639394063e-04
5.600000000000000000e+01 5.700000000000000000e+01 8.368769673380369446e-05 3.744689428647488211e-04 8.076237655605178543e-05 1.337056255780830097e-04
5.700000000000000000e+01 5.800000000000000000e+01 7.225778947111360072e-05 1.595095450538076777e-04 7.489153983412843367e-05 1.173395811969616472e-04
5.800000000000000000e+01 5.900000000000000000e+01 6.237321429120372635e-05 1.066812743734893865e-04 6.579856971139342692e-05 1.060120786416576805e-04
5.900000000000000000e+01 6.000000000000000000e+01 7.833635908056813153e-04 5.851145446591174068e-03 1.162925799719578465e-04 3.033274086409724294e-03
6.000000000000000000e+01 6.100000000000000000e+01 4.683493569903717912e-04 3.052009011490153939e-03 2.073385313518004490e-04 1.550125274054617178e-03
6.100000000000000000e+01 6.200000000000000000e+01 2.607598606749936244e-04 1.089413861975884346e-03 5.931498054443793739e-05 5.771233940502408120e-04
6.200000000000000000e+01 6.300000000000000000e+01 1.884785661707164906e-04 6.090474661066422541e-04 1.317746610841581483e-04 4.325299825955261765e-04
6.300000000000000000e+01 6.400000000000000000e+01 1.595047214777041140e-04 4.707702746853533685e-04 1.788015009612290676e-04 3.714042329177301167e-04
6.400000000000000000e+01 6.500000000000000000e+01 1.475327747810387200e-04 3.786634368740249691e-04 2.111793707114680116e-04 3.266261311252743752e-04
6.500000000000000000e+01 6.600000000000000000e+01 1.368851323255795859e-04 3.099583009789062295e-04 2.236658814759131023e-04 2.891378812423171492e-04
6.600000000000000000e+01 6.700000000000000000e+01 1.271870363494373359e-04 2.659834435266570968e-04 2.222728665062846686e-04 2.621936637095038892e-04
6.700000000000000000e+01 6.800000000000000000e+01 1.174214404173538987e-04 2.401329118531121394e-04 2.114512037462282549e-04 2.366932966460505298e-04
6.800000000000000000e+01 6.900000000000000000e+01 1.070052657905126421e-04 2.163752628738681684e-04 1.972550346266082970e-04 2.135647237077424056e-04
6.900000000000000000e+01 7.000000000000000000e+01 9.788015413231387755e-05 1.937870264023023887e-04 1.807959707238251132e-04 1.912449611758265124e-04
7.000000000000000000e+01 7.100000000000000000e+01 8.954497134237287691e-05 1.726693488335388738e-04 1.629154707366750035e-04 1.699639320380851915e-04
7.100000000000000000e+01 7.200000000000000000e+01 8.074432764305470732e-05 1.537357843302540692e-04 1.466215516153518297e-04 1.516437913552744123e-04
7.200000000000000000e+01 7.300000000000000000e+01 7.349828467178300638e-05 1.368520900564686540e-04 1.312547589553173758e-04 1.353505614248858393e-04
7.300000000000000000e+01 7.400000000000000000e+01 6.667000017072032773e-05 1.223363759090563942e-04 1.170338939703691422e-04 1.204090829188344153e-04
7.400000000000000000e+01 7.500000000000000000e+01 6.101259539787825566e-05 1.113562473312008580e-04 1.033702168109799712e-04 1.056800603490671924e-04
7.500000000000000000e+01 7.600000000000000000e+01 5.430736150936384674e-05 9.596951490693202212e-05 9.212210367783626444e-05 9.421078997628789739e-05
7.600000000000000000e+01 7.700000000000000000e+01 4.931653883317032997e-05 8.553186178429730304e-05 8.211573229931001328e-05 8.384672440684789898e-05
7.700000000000000000e+01 7.800000000000000000e+01 4.464251013108980616e-05 7.626086000348406761e-05 7.307211505640990971e-05 7.460281690283834463e-05
7.800000000000000000e+01 7.900000000000000000e+01 4.131238267724664833e-05 8.516901011460346080e-05 6.423659246677949355e-05 6.591244743050379536e-05
7.900000000000000000e+01 8.000000000000000000e+01 3.613089253856682575e-05 6.109280141962248191e-05 5.682746313272030137e-05 5.867334652664854761e-05
8.000000000000000000e+01 8.100000000000000000e+01 3.275398163190248237e-05 5.397699835219665481e-05 5.061112660127117428e-05 5.227131988317569480e-05
8.100000000000000000e+01 8.200000000000000000e+01 2.958927898930112073e-05 4.862671311932375597e-05 4.522531834744974847e-05 4.684727967538394693e-05
8.200000000000000000e+01 8.300000000000000000e+01 2.676677008500043443e-05 4.372088685244378541e-05 4.055605866741251737e-05 4.209490749811312191e-05
8.300000000000000000e+01 8.400000000000000000e+01 2.568119506259551832e-05 6.610006583238783417e-05 3.547903248697849732e-05 3.714947766616721945e-05
8.400000000000000000e+01 8.500000000000000000e+01 2.166156487060297829e-05 3.555280010907328932e-05 3.202004084481922781e-05 3.370319428612837643e-05
8.500000000000000000e+01 8.600000000000000000e+01 1.972842162828364251e-05 3.213847739627741305e-05 2.895812172000727580e-05 3.044516367448619993e-05
8.600000000000000000e+01 8.700000000000000000e+01 1.786231718676083754e-05 2.901688570722602809e-05 2.603576784178048448e-05 2.741588203168399276e-05
8.700000000000000000e+01 8.800000000000000000e+01 1.617758210612274525e-05 2.615508560473033168e-05 2.347161004290685516e-05 2.476638506162179553e-05
8.800000000000000000e+01 8.900000000000000000e+01 1.463937950884612891e-05 2.355847312873483981e-05 2.109021391393463740e-05 2.230074044941741051e-05
8.900000000000000000e+01 9.000000000000000000e+01 1.919650211069070730e-02 2.788386494136551597e-01 1.071503788598383551e-03 7.024998572006538669e-03
9.000000000000000000e+01 9.100000000000000000e+01 2.397637258280513675e-02 3.310472736081945255e-01 2.873554901421159023e-03 1.033227649004696443e-02
9.100000000000000000e+01 9.200000000000000000e+01 1.738486831315002451e-02 1.001674237024611086e-01 4.663513302732025419e-03 6.037449569824516853e-03
9.200000000000000000e+01 9.300000000000000000e+01 1.157300534022842088e-02 5.858674756110315851e-02 2.672552177701259871e-03 6.432875315314780587e-03
9.300000000000000000e+01 9.400000000000000000e+01 1.636427093381100789e-02 8.476602880418454555e-02 2.310832096972953182e-03 8.352631614849590630e-03
9.400000000000000000e+01 9.500000000000000000e+01 7.497927695376230273e-03 3.121117172129905110e-02 1.666998650054275864e-03 6.518810959625082405e-03
9.500000000000000000e+01 9.600000000000000000e+01 4.721748071198990718e-03 1.566876109141694326e-02 1.341903839783095687e-03 4.741267530941830829e-03
9.600000000000000000e+01 9.700000000000000000e+01 3.242223821096116686e-03 1.102055792939700581e-02 1.232533399785431822e-03 3.493535722428016150e-03
9.700000000000000000e+01 9.800000000000000000e+01 3.979457349825830242e-03 3.343537894204792055e-02 1.360844274991630104e-03 2.078467187719775996e-03
9.800000000000000000e+01 9.900000000000000000e+01 2.043268802255733627e-03 7.257552059232554205e-03 1.181329260597592176e-03 1.967779560238178127e-03
9.900000000000000000e+01 1.000000000000000000e+02 1.516393686077690314e-03 4.853657557788515833e-03 1.106509811289806047e-03 1.702104405100098722e-03
1.000000000000000000e+02 1.010000000000000000e+02 6.099526390451720514e-03 1.441255154890540464e-02 5.938509858129889865e-03 8.575399794075885818e-03
1.010000000000000000e+02 1.020000000000000000e+02 1.549280232936738793e-04 5.312933629930149428e-04 1.768855051404596783e-04 2.382712448678548571e-04
1.020000000000000000e+02 1.030000000000000000e+02 1.104490169941919008e-04 2.029257832019708469e-04 1.384816963029588993e-04 1.723799611746345238e-04
1.030000000000000000e+02 1.040000000000000000e+02 3.362794710309387376e-04 2.308357078981883130e-03 1.653780938506707664e-04 2.329917228807758473e-04
1.040000000000000000e+02 1.050000000000000000e+02 9.132931478879158336e-05 3.532447755076286626e-04 2.032380403338899903e-04 2.690394163662144524e-04
1.050000000000000000e+02 1.060000000000000000e+02 5.892302222363726910e-05 2.065913395941589741e-04 1.350905554118214972e-04 1.598858782953398768e-04
1.060000000000000000e+02 1.070000000000000000e+02 4.040855993085214204e-05 1.096235614555410125e-04 8.060668869664050842e-05 8.951212329499393106e-05
1.070000000000000000e+02 1.080000000000000000e+02 2.912373890715635311e-05 5.899310122893944508e-05 4.749170265274723507e-05 5.739293787838122858e-05
1.080000000000000000e+02 1.090000000000000000e+02 2.132084271643875165e-05 4.237727454504369956e-05 2.821277992404242271e-05 4.167368712972328382e-05
1.090000000000000000e+02 1.100000000000000000e+02 1.533304181472743173e-05 3.089930335003949504e-05 1.675455497281735481e-05 2.968452942295707897e-05
1.100000000000000000e+02 1.110000000000000000e+02 1.077269554850396316e-05 2.200510416622093382e-05 1.020313104091120218e-05 2.078199762853694658e-05
1.110000000000000000e+02 1.120000000000000000e+02 7.514239828778176835e-06 1.578791735003849141e-05 6.174597702399318923e-06 1.462380284211388909e-05
1.120000000000000000e+02 1.130000000000000000e+02 5.257077468684226474e-06 1.122131447189917726e-05 4.098021182822108530e-06 1.032525408265889437e-05
1.130000000000000000e+02 1.140000000000000000e+02 3.739396855244751295e-06 8.156562983582463103e-06 2.117721865717779613e-06 7.291616968042739086e-06
1.140000000000000000e+02 1.150000000000000000e+02 2.736788898639528467e-06 5.917429219825776326e-06 1.783313342506185459e-06 5.292087233684088660e-06
1.150000000000000000e+02 1.160000000000000000e+02 2.094096513895802928e-06 4.320196198937359401e-06 1.032975195474293362e-06 4.013069598052613239e-06
1.160000000000000000e+02 1.170000000000000000e+02 1.673319272035946130e-06 3.363379922925057884e-06 1.082934025412308017e-06 3.127638254819015201e-06
1.170000000000000000e+02 1.180000000000000000e+02 1.373198702811895259e-06 2.642196273806028309e-06 1.188374578462903959e-06 2.474061087726650652e-06
1.180000000000000000e+02 1.190000000000000000e+02 1.136135750623942147e-06 2.088214030026286864e-06 1.182911153096396422e-06 1.969799627843151624e-06
1.190000000000000000e+02 1.200000000000000000e+02 2.057180624913847872e-02 6.305323324389484896e-02 2.494331383867511021e-02 4.403775989411900377e-02
1.200000000000000000e+02 1.210000000000000000e+02 1.339409925746966844e-02 9.188115883197668643e-02 1.610371320722224497e-02 2.464379244152048454e-02
1.210000000000000000e+02 1.220000000000000000e+02 2.874431127928308346e-03 2.281144484460457741e-02 1.943941009559700932e-03 2.755818473044732448e-03
1.220000000000000000e+02 1.230000000000000000e+02 2.961277663914178089e-04 2.027576840128174178e-03 2.618675055236799288e-04 3.056018147372386836e-04
1.230000000000000000e+02 1.240000000000000000e+02 9.459446027224816737e-05 1.693462298096974367e-04 1.242973793425651108e-04 1.632372684282799250e-04
1.240000000000000000e+02 1.250000000000000000e+02 8.399854293580015063e-05 2.394600867266893213e-04 1.050019580026053789e-04 1.313266760315716201e-04
1.250000000000000000e+02 1.260000000000000000e+02 6.138652972843919873e-05 1.097080503277263891e-04 8.844607425644669457e-05 1.017112720420677217e-04
1.260000000000000000e+02 1.270000000000000000e+02 5.036730121184367613e-05 8.242370953519330174e-05 7.138338233129790523e-05 8.219727046644193956e-05
1.270000000000000000e+02 1.280000000000000000e+02 4.149876697748900800e-05 6.639452879394714877e-05 5.821319179290807282e-05 6.609794012470981170e-05
1.280000000000000000e+02 1.290000000000000000e+02 3.420231668440230281e-05 5.399718798533696435e-05 4.786436904913603962e-05 5.312668116371675281e-05
1.290000000000000000e+02 1.300000000000000000e+02 2.810725739412803204e-05 4.469741826439827762e-05 3.943298914202402340e-05 4.323095510327055189e-05
1.300000000000000000e+02 1.310000000000000000e+02 2.307211272277374757e-05 3.707083760906626296e-05 3.258980825369172719e-05 3.551633364112346722e-05
1.310000000000000000e+02 1.320000000000000000e+02 1.893676793806343012e-05 3.070439669915325228e-05 2.686942316436216285e-05 2.921052939068829579e-05
1.320000000000000000e+02 1.330000000000000000e+02 1.555876169579793264e-05 2.536008292215462435e-05 2.215462888039572127e-05 2.402077258721263347e-05
1.330000000000000000e+02 1.340000000000000000e+02 1.279226155021359119e-05 2.091649056477982559e-05 1.826453718067593820e-05 1.975143303793292949e-05
1.340000000000000000e+02 1.350000000000000000e+02 1.052415465603055906e-05 1.723845703208754275e-05 1.505350742090872170e-05 1.624497332259532768e-05
1.350000000000000000e+02 1.360000000000000000e+02 8.660455051159207494e-06 1.419963593480123523e-05 1.240557760791898252e-05 1.336405863659601893e-05
1.360000000000000000e+02 1.370000000000000000e+02 5.118848645845547947e-05 4.648561511005869402e-04 7.743898485013959098e-06 6.776749670921606563e-05
1.370000000000000000e+02 1.380000000000000000e+02 2.325403624368183432e-05 1.159445018072595771e-04 7.286378825687079220e-06 4.890876246181072247e-05
1.380000000000000000e+02 1.390000000000000000e+02 1.544647505376408838e-05 4.438619482556803691e-05 8.693753978855130808e-06 3.218339345341303181e-05
1.390000000000000000e+02 1.400000000000000000e+02 1.184336097147400298e-05 2.912575731851909679e-05 8.468567461426951327e-06 2.611768388642341741e-05
1.400000000000000000e+02 1.410000000000000000e+02 9.954628786661447577e-06 2.911548792094252529e-05 7.251876855538936125e-06 2.010691103099107103e-05
1.410000000000000000e+02 1.420000000000000000e+02 7.997066552600901962e-06 1.547202190399018468e-05 6.187953791441958571e-06 1.541484641406867427e-05
1.420000000000000000e+02 1.430000000000000000e+02 6.434338099353799511e-06 1.190708206669817691e-05 5.351427252797531800e-06 1.176612521558763967e-05
1.430000000000000000e+02 1.440000000000000000e+02 5.092952223067102160e-06 9.046770966700295780e-06 4.621714406442175020e-06 8.924296336072326969e-06
1.440000000000000000e+02 1.450000000000000000e+02 4.037550406488683784e-06 6.912451478908685778e-06 3.988659757808474368e-06 6.876298207803311309e-06
1.450000000000000000e+02 1.460000000000000000e+02 3.303630458850325116e-06 6.492500348775644251e-06 3.444337898550699995e-06 6.218872305635288783e-06
1.460000000000000000e+02 1.470000000000000000e+02 2.708393328863102562e-06 4.681635950720747493e-06 2.939427487671948319e-06 4.624507464697264302e-06
1.470000000000000000e+02 1.480000000000000000e+02 2.206277916928132002e-06 3.785913491125251988e-06 2.516108753196095988e-06 3.763451595841865103e-06
1.480000000000000000e+02 1.490000000000000000e+02 1.809257190657483610e-06 3.029116664055447866e-06 2.116212593079289912e-06 3.011320183498018444e-06
1.490000000000000000e+02 1.500000000000000000e+02 9.351299674112341018e-03 3.555022221616023492e-02 2.679480819830588542e-03 2.309011617601246930e-02
1.500000000000000000e+02 1.510000000000000000e+02 3.209487256030106421e-03 1.089766361457259261e-02 8.847303166167664636e-04 7.649921620326849414e-03
1.510000000000000000e+02 1.520000000000000000e+02 7.512164379158362687e-04 3.887048018648219840e-03 2.379322172322646182e-04 1.733204465796869299e-03
1.520000000000000000e+02 1.530000000000000000e+02 1.346722654974108816e-04 3.426420532407774451e-04 7.376664261121219273e-05 2.947298625958491634e-04
1.530000000000000000e+02 1.540000000000000000e+02 1.077757085348694517e-04 2.411402864708518537e-04 5.450641161524902929e-05 2.250944539614314443e-04
1.540000000000000000e+02 1.550000000000000000e+02 8.206993320633066856e-05 1.696278642184415953e-04 6.395484197409182479e-05 1.616420326660378249e-04
1.550000000000000000e+02 1.560000000000000000e+02 6.426452084358823616e-05 1.229135298100999195e-04 5.794860291549375664e-05 1.182596899749420699e-04
1.560000000000000000e+02 1.570000000000000000e+02 5.121675194799394157e-05 9.619837092578570846e-05 5.095223985572050663e-05 8.867837114063244848e-05
1.570000000000000000e+02 1.580000000000000000e+02 4.067429503228197485e-05 6.895850264519197480e-05 4.539456500934498751e-05 6.819738689329369946e-05
1.580000000000000000e+02 1.590000000000000000e+02 3.942461852582483097e-05 1.229842708684618835e-04 2.770327469457740314e-05 5.923375128909077407e-05
1.590000000000000000e+02 1.600000000000000000e+02 2.674777669357921638e-05 4.606365885943482002e-05 3.328809348588011277e-05 4.386330737691738612e-05
1.600000000000000000e+02 1.610000000000000000e+02 2.182148219715939201e-05 3.751163151724184824e-05 2.961678760759965228e-05 3.560282064182293115e-05
1.610000000000000000e+02 1.620000000000000000e+02 1.817094020131003649e-05 3.187845667686607740e-05 2.578559818477362765e-05 2.911529389525170698e-05
1.620000000000000000e+02 1.630000000000000000e+02 1.508299954639250077e-05 2.564090031719474367e-05 2.126695560978162259e-05 2.395626110445447978e-05
1.630000000000000000e+02 1.640000000000000000e+02 1.250055438305771558e-05 2.104414164091158882e-05 1.769001392425890339e-05 1.971412755129826015e-05
1.640000000000000000e+02 1.650000000000000000e+02 1.033771849612567629e-05 1.731783917745624386e-05 1.470622770351449218e-05 1.622166898305287252e-05
1.650000000000000000e+02 1.660000000000000000e+02 8.536965271024695752e-06 1.425528841529372448e-05 1.220590240758254717e-05 1.334348734073195213e-05
1.660000000000000000e+02 1.670000000000000000e+02 7.038619564147109366e-06 1.173997970772174197e-05 1.011112120291624580e-05 1.097802833477750620e-05
1.670000000000000000e+02 1.680000000000000000e+02 5.799396628944340894e-06 9.662209958410354768e-06 8.359361802395000359e-06 9.050118160808965368e-06
1.680000000000000000e+02 1.690000000000000000e+02 4.775691486208071633e-06 7.968369775592313160e-06 6.907733609041117730e-06 7.463204295793484354e-06
1.690000000000000000e+02 1.700000000000000000e+02 3.929237931716445941e-06 6.548763456023964555e-06 5.694952971820106063e-06 6.142854808697866689e-06
1.700000000000000000e+02 1.710000000000000000e+02 3.403750099131268783e-06 8.437676888374678812e-06 4.745253824329973873e-06 5.104834420947880423e-06
1.710000000000000000e+02 1.720000000000000000e+02 2.698992664362751579e-06 4.407439906838657547e-06 3.875294036095839181e-06 4.161213161909642931e-06
1.720000000000000000e+02 1.730000000000000000e+02 2.196999362299275277e-06 3.618582737672870185e-06 3.182547913486893676e-06 3.417022905253237901e-06
1.730000000000000000e+02 1.740000000000000000e+02 1.795136939798716738e-06 2.973603718508496681e-06 2.612213262152084121e-06 2.802963134369431289e-06
1.740000000000000000e+02 1.750000000000000000e+02 1.472083603914765915e-06 2.443665759910064042e-06 2.143753536674118508e-06 2.301628602318963288e-06
1.750000000000000000e+02 1.760000000000000000e+02 1.208751496380842313e-06 2.004269766758530112e-06 1.761619522686472857e-06 1.887680915173002731e-06
1.760000000000000000e+02 1.770000000000000000e+02 9.920802339918442130e-07 1.649532032011047626e-06 1.446854859251843554e-06 1.553188088081493886e-06
1.770000000000000000e+02 1.780000000000000000e+02 8.151184960880701510e-07 1.358291612335925266e-06 1.189250906976883934e-06 1.277377754678666752e-06
1.780000000000000000e+02 1.790000000000000000e+02 6.700349316817356507e-07 1.115361370512890728e-06 9.775487322641481987e-07 1.049824704502342131e-06
1.790000000000000000e+02 1.800000000000000000e+02 1.122633628340410786e-03 9.017269437513089625e-03 7.400939734101509224e-04 8.383784278659964923e-03
1.800000000000000000e+02 1.810000000000000000e+02 4.209888996025431900e-04 2.084756610809757917e-03 1.615046260794084543e-04 7.464000047212137993e-04
1.810000000000000000e+02 1.820000000000000000e+02 1.148174517877601386e-04 4.654048243126230342e-04 1.028654916092370684e-04 1.857065509512586827e-04
1.820000000000000000e+02 1.830000000000000000e+02 7.420749148855244187e-05 1.946816805868889987e-04 1.131349484725084370e-04 1.427607442003231333e-04
1.830000000000000000e+02 1.840000000000000000e+02 5.733542073823605920e-05 1.387385556629549784e-04 1.011494505343037695e-04 1.205524376383026254e-04
1.840000000000000000e+02 1.850000000000000000e+02 4.778111814440351673e-05 1.108879508680960370e-04 8.618061225873144401e-05 9.859506957465696277e-05
1.850000000000000000e+02 1.860000000000000000e+02 4.056099703793745906e-05 8.880254079615129020e-05 7.207091656091964282e-05 8.043249866307545051e-05
1.860000000000000000e+02 1.870000000000000000e+02 3.567524296494856151e-05 1.174645601700252055e-04 5.841885076254722537e-05 6.704755834373700516e-05
1.870000000000000000e+02 1.880000000000000000e+02 4.627054198295038395e-05 1.862601422089726476e-04 5.506641387801438422e-05 6.068666460055978785e-05
1.880000000000000000e+02 1.890000000000000000e+02 2.419470594691066202e-05 5.737792252974444610e-05 4.228680952779255274e-05 4.655729989814464276e-05
1.890000000000000000e+02 1.900000000000000000e+02 2.042172413750194184e-05 4.012711065088484809e-05 3.521252189358895396e-05 3.771796037384898674e-05
1.900000000000000000e+02 1.910000000000000000e+02 1.708880792230964000e-05 3.255539278971845084e-05 2.885661361431935898e-05 3.070226067204879123e-05
1.910000000000000000e+02 1.920000000000000000e+02 1.425152942562848930e-05 2.646451211724559917e-05 2.356357909453263272e-05 2.500694987936874183e-05
1.920000000000000000e+02 1.930000000000000000e+02 1.183142603723081248e-05 2.154739176490370276e-05 1.922543795442705709e-05 2.038617023776654542e-05
1.930000000000000000e+02 1.940000000000000000e+02 9.788335015093325682e-06 1.756831965030759146e-05 1.569153237677876225e-05 1.663463574489166736e-05
1.940000000000000000e+02 1.950000000000000000e+02 8.079044838509892110e-06 1.434165804914280893e-05 1.281136047695462821e-05 1.358378652833375016e-05
1.950000000000000000e+02 1.960000000000000000e+02 6.662418824917225337e-06 1.172178781128708412e-05 1.046549875225046142e-05 1.109944819720411568e-05
1.960000000000000000e+02 1.970000000000000000e+02 5.491457488103884157e-06 9.591971896649280756e-06 8.558002588636128222e-06 9.080222520117567603e-06
1.970000000000000000e+02 1.980000000000000000e+02 4.588292519916229020e-06 9.167117750170008920e-06 7.747181534086071522e-06 8.325104709606076807e-06
1.980000000000000000e+02 1.990000000000000000e+02 3.774058811800577196e-06 6.776554623245061756e-06 6.007891208493536433e-06 6.377270866660018132e-06
1.990000000000000000e+02 2.000000000000000000e+02 3.103262897396099694e-06 5.463201915457230836e-06 4.842121523982614993e-06 5.148862818208148567e-06
2.000000000000000000e+02 2.010000000000000000e+02 2.667281071441265533e-06 6.500241365789846424e-06 5.120655061691618799e-06 5.601469950658409842e-06
2.010000000000000000e+02 2.020000000000000000e+02 2.185095285299193419e-06 4.218632114334786347e-06 3.671822501824511539e-06 3.919557975993225162e-06
2.020000000000000000e+02 2.030000000000000000e+02 2.078924346018571752e-06 7.602915957950364033e-06 5.374556693033332117e-06 6.056830819047697550e-06
2.030000000000000000e+02 2.040000000000000000e+02 1.654114390936590452e-06 3.778375594601104859e-06 3.252241732886340934e-06 3.488248843844025295e-06
2.040000000000000000e+02 2.050000000000000000e+02 1.346202531956714073e-06 2.761469276553726704e-06 2.388819197621073327e-06 2.551878518403986305e-06
2.050000000000000000e+02 2.060000000000000000e+02 1.109859392128756027e-06 2.158614454856499481e-06 1.895087528644768193e-06 2.018994281896613564e-06
2.060000000000000000e+02 2.070000000000000000e+02 9.138564076266755209e-07 1.741984137772961568e-06 1.530909143513908286e-06 1.635978143171852082e-06
2.070000000000000000e+02 2.080000000000000000e+02 7.584433845470471770e-07 1.404721164846497393e-06 1.243117055831565002e-06 1.324508035603174080e-06
2.080000000000000000e+02 2.090000000000000000e+02 6.268720566302406295e-07 1.137993003672255404e-06 1.023847162598762536e-06 1.075839122185055704e-06
2.090000000000000000e+02 2.100000000000000000e+02 1.550869984265029582e-02 5.823550252207283784e-02 3.367498439362207746e-02 3.944646619886271049e-02
2.100000000000000000e+02 2.110000000000000000e+02 6.586519035297914645e-03 2.564174250934217469e-02 1.290364113059385906e-02 1.583288740821614179e-02
2.110000000000000000e+02 2.120000000000000000e+02 1.953553095390931065e-03 6.734488994068392118e-03 4.746441021471059854e-03 5.283842836174930044e-03
2.120000000000000000e+02 2.130000000000000000e+02 2.395171091678686102e-04 6.780425928777052743e-04 4.571119607457575350e-04 4.781152070145718112e-04
2.130000000000000000e+02 2.140000000000000000e+02 1.178150408595112593e-04 2.834184093556279703e-04 2.423213963494912180e-04 2.570412585971023440e-04
2.140000000000000000e+02 2.150000000000000000e+02 8.975339388160962612e-05 1.906122238641612550e-04 1.780509977236927174e-04 1.865735764514781219e-04
2.150000000000000000e+02 2.160000000000000000e+02 7.064417254076037580e-05 1.408750167879411499e-04 1.331515843056526357e-04 1.391468353159942026e-04
2.160000000000000000e+02 2.170000000000000000e+02 5.663575392886576474e-05 1.069583030769307683e-04 1.023025668194890882e-04 1.063520181409996490e-04
2.170000000000000000e+02 2.180000000000000000e+02 4.571651104124544796e-05 8.304138115635374619e-05 7.982454807957316766e-05 8.263427782846376212e-05
2.180000000000000000e+02 2.190000000000000000e+02 3.712197151203673124e-05 6.572671543010190722e-05 6.272256446950901724e-05 6.464813524489409558e-05
2.190000000000000000e+02 2.200000000000000000e+02 3.015439052277597175e-05 5.282516333935996489e-05 4.997097514821349112e-05 5.169211866435018891e-05
2.200000000000000000e+02 2.210000000000000000e+02 2.451162460100871413e-05 4.222095520876894035e-05 3.969721039147188640e-05 4.117566940262564742e-05
2.210000000000000000e+02 2.220000000000000000e+02 1.996584748690833104e-05 3.387029721381546815e-05 3.162450737768061486e-05 3.289058530303297454e-05
2.220000000000000000e+02 2.230000000000000000e+02 1.628945276757675991e-05 2.730492039845793033e-05 2.530465516146609473e-05 2.640056957800025462e-05
2.230000000000000000e+02 2.240000000000000000e+02 1.336642574970997938e-05 2.210502024348342962e-05 2.034765133620369500e-05 2.130843351203361662e-05
2.240000000000000000e+02 2.250000000000000000e+02 1.089527000657865939e-05 1.793916110365544950e-05 1.639033376243722727e-05 1.721286913465947617e-05
2.250000000000000000e+02 2.260000000000000000e+02 8.893729715212642093e-06 1.458994723588987099e-05 1.325152191295805267e-05 1.395350695882177479e-05
2.260000000000000000e+02 2.270000000000000000e+02 7.748651818357805724e-06 2.766694268219071942e-05 1.907670014712536726e-05 2.865913715568704364e-05
2.270000000000000000e+02 2.280000000000000000e+02 7.463003496980145373e-06 2.827632552484693772e-05 1.085464760243116169e-05 1.184959197654356447e-05
2.280000000000000000e+02 2.290000000000000000e+02 5.746366286398360063e-06 1.114246784413278117e-05 9.106427442437314623e-06 1.078824947697324658e-05
2.290000000000000000e+02 2.300000000000000000e+02 4.816257503757727356e-06 1.119753334051518595e-05 7.273012253617591153e-06 8.027287021898618554e-06
2.300000000000000000e+02 2.310000000000000000e+02 3.851311119093131349e-06 6.525505777705213082e-06 5.884662334425887018e-06 6.316327689495791203e-06
2.310000000000000000e+02 2.320000000000000000e+02 3.151778365461572203e-06 5.219833275241777175e-06 4.764390407943118779e-06 5.036089436583042588e-06
2.320000000000000000e+02 2.330000000000000000e+02 2.583929300154389469e-06 4.228151857631602590e-06 3.857283480502610404e-06 4.067769433480924783e-06
2.330000000000000000e+02 2.340000000000000000e+02 2.125089403477707932e-06 3.429431338421407898e-06 3.126454257514493772e-06 3.289699439711259713e-06
2.340000000000000000e+02 2.350000000000000000e+02 1.742008498418017453e-06 2.799235896537598265e-06 2.551468659791877519e-06 2.689942167036583390e-06
2.350000000000000000e+02 2.360000000000000000e+02 1.430984688325135799e-06 2.297570726333124650e-06 2.072412005106690239e-06 2.212511309857886656e-06
2.360000000000000000e+02 2.370000000000000000e+02 1.171565628982083216e-06 1.879345954581089580e-06 1.686037248528368404e-06 1.809116329784037427e-06
2.370000000000000000e+02 2.380000000000000000e+02 9.599457454800531038e-07 1.534429950872697291e-06 1.373779569247386542e-06 1.480660812405859442e-06
2.380000000000000000e+02 2.390000000000000000e+02 7.842636167706768421e-07 1.262140965069475341e-06 1.124555544036696738e-06 1.210479467237539639e-06
2.390000000000000000e+02 2.400000000000000000e+02 1.924781096045425927e-03 1.267563876511079192e-02 7.304873267306681919e-03 1.239006805871087531e-02
2.400000000000000000e+02 2.410000000000000000e+02 1.732354571308813594e-03 1.144232429094077172e-02 7.505406297926826495e-03 1.089120392910395557e-02
2.410000000000000000e+02 2.420000000000000000e+02 4.447358985896719945e-04 2.169364904657967476e-03 1.059407962813796195e-03 1.479858814851491315e-03
2.420000000000000000e+02 2.430000000000000000e+02 1.332397557503376664e-04 5.984436401217385366e-04 3.152134092359475440e-04 3.909856936424027912e-04
2.430000000000000000e+02 2.440000000000000000e+02 1.012475377339228208e-04 4.542690513452287250e-04 2.203366353384653088e-04 2.715130822579812702e-04
2.440000000000000000e+02 2.450000000000000000e+02 7.354384716597083481e-05 3.250066169151942476e-04 1.720552917650579740e-04 2.601889313261265260e-04
2.450000000000000000e+02 2.460000000000000000e+02 5.559600247856108567e-05 2.237284838591442897e-04 1.484605642816400485e-04 1.805625359829712731e-04
2.460000000000000000e+02 2.470000000000000000e+02 5.306755631672172572e-05 1.847980947577859429e-04 1.233935228516618303e-04 1.452980386580997828e-04
2.470000000000000000e+02 2.480000000000000000e+02 3.612274931150662524e-05 1.109113454259999195e-04 9.354391732748004458e-05 1.108613955937903859e-04
2.480000000000000000e+02 2.490000000000000000e+02 2.713994615827892447e-05 8.562066666557006218e-05 7.326869403372407701e-05 8.553130348664677468e-05
2.490000000000000000e+02 2.500000000000000000e+02 2.118686811455492572e-05 6.606745263358312394e-05 5.740414144461567164e-05 6.582970339848715738e-05
2.500000000000000000e+02 2.510000000000000000e+02 1.639603662473874412e-05 5.104471630079125883e-05 4.436329839911786962e-05 5.092643947090455265e-05
2.510000000000000000e+02 2.520000000000000000e+02 1.295408103201190590e-05 3.950129470438052803e-05 3.447333969668099494e-05 3.940813140983558149e-05
2.520000000000000000e+02 2.530000000000000000e+02 1.108610651824633473e-05 4.309925893355948475e-05 2.679654189825167652e-05 3.053563877334588872e-05
2.530000000000000000e+02 2.540000000000000000e+02 8.272005024655138661e-06 2.376640342851816747e-05 2.095581396021456276e-05 2.370849585873544409e-05
2.540000000000000000e+02 2.550000000000000000e+02 6.647698699893907269e-06 1.850018386052832645e-05 1.638910542099448624e-05 1.846640918336220387e-05
2.550000000000000000e+02 2.560000000000000000e+02 3.251258582040642930e-05 1.552143264088685025e-04 1.716533547313901678e-05 2.160985705742902383e-05
2.560000000000000000e+02 2.570000000000000000e+02 3.246032630855886559e-05 1.563702016795078605e-04 7.321181006394148378e-06 1.353641701837590667e-05
2.570000000000000000e+02 2.580000000000000000e+02 1.259716753036296973e-05 1.058601463295079652e-04 6.541243335303486309e-06 9.319979414145403997e-06
2.580000000000000000e+02 2.590000000000000000e+02 3.322421162076953844e-05 1.589975909915053497e-04 1.279979239894563054e-05 1.672252091352197339e-05
2.590000000000000000e+02 2.600000000000000000e+02 3.164880063739721334e-05 1.529048049581304097e-04 5.423717563139822823e-06 8.388958546424568315e-06
2.600000000000000000e+02 2.610000000000000000e+02 1.209475772118303203e-05 1.068697383547652640e-04 2.857389081314078169e-06 5.534077782959425076e-06
2.610000000000000000e+02 2.620000000000000000e+02 1.692360605017832392e-06 4.399674835218557236e-06 3.144570638339780423e-06 3.672321333111046617e-06
2.620000000000000000e+02 2.630000000000000000e+02 1.368042197624225525e-06 2.898001487268808477e-06 2.607628860543208481e-06 2.927631467029218870e-06
2.630000000000000000e+02 2.640000000000000000e+02 1.120785486947980008e-06 2.325189771569464109e-06 2.136647493361136543e-06 2.342591319261980284e-06
2.640000000000000000e+02 2.650000000000000000e+02 9.246458909085913097e-07 1.865242578019135347e-06 1.733220881114088162e-06 1.874104229703880959e-06
2.650000000000000000e+02 2.660000000000000000e+02 7.684790930708013684e-07 1.500109827526472069e-06 1.400290019564771781e-06 1.506116914853019371e-06
2.660000000000000000e+02 2.670000000000000000e+02 6.328924551084582905e-07 1.207901160103311215e-06 1.130868196012765509e-06 1.213145875459697856e-06
2.670000000000000000e+02 2.680000000000000000e+02 5.220888711577798108e-07 9.741723023822441911e-07 9.140442246321605615e-07 9.782050119464465345e-07
2.680000000000000000e+02 2.690000000000000000e+02 4.250369743298668512e-07 7.855653014641437343e-07 7.399286416112075688e-07 7.887237974630735414e-07
2.690000000000000000e+02 2.700000000000000000e+02 9.867327110559668581e-04 6.855992518821435455e-03 4.830914527976809146e-04 2.676779881022935820e-03
2.700000000000000000e+02 2.710000000000000000e+02 1.813688494413792174e-04 1.368391013192258535e-03 1.598798249055536464e-04 5.712266414236541901e-04
2.710000000000000000e+02 2.720000000000000000e+02 7.527597801572989862e-05 5.360231565417939055e-04 7.413582933664446479e-05 1.816536133463831672e-04
2.720000000000000000e+02 2.730000000000000000e+02 6.035629597244288676e-05 5.188771044086566871e-04 4.992422981804055259e-05 4.636158517620214410e-04
2.730000000000000000e+02 2.740000000000000000e+02 3.399462413748697317e-05 1.036136512440135357e-04 1.575767344184434153e-05 7.995620995404039138e-05
2.740000000000000000e+02 2.750000000000000000e+02 2.338134040127969916e-05 6.193452153656849621e-05 1.496831045863283604e-05 4.488642840152684880e-05
2.750000000000000000e+02 2.760000000000000000e+02 1.590162069901019081e-05 4.050829248857590662e-05 1.503242510371905597e-05 2.759461901731905941e-05
2.760000000000000000e+02 2.770000000000000000e+02 1.037650238229607957e-05 2.540477957073277208e-05 1.331937177098449855e-05 1.727277970622221814e-05
2.770000000000000000e+02 2.780000000000000000e+02 7.009908747131322369e-06 1.631124018147118469e-05 1.073909274665148434e-05 1.222218615400106389e-05
2.780000000000000000e+02 2.790000000000000000e+02 5.148240858704682162e-06 1.128685487139247586e-05 8.478897999739827676e-06 9.072675929051564618e-06
2.790000000000000000e+02 2.800000000000000000e+02 3.960517835152183053e-06 8.094299790252461590e-06 6.670603118289918001e-06 7.085963688296167607e-06
2.800000000000000000e+02 2.810000000000000000e+02 3.068423896441712853e-06 5.924457943715566865e-06 5.271916394603836497e-06 5.574736968853918076e-06
2.810000000000000000e+02 2.820000000000000000e+02 2.403882574331812104e-06 4.564358380005253388e-06 4.232572914633720972e-06 4.459763640872125751e-06
2.820000000000000000e+02 2.830000000000000000e+02 1.883705257793404086e-06 3.564564589571823381e-06 3.357557371037769513e-06 3.571411880573906452e-06
2.830000000000000000e+02 2.840000000000000000e+02 1.497123703991611030e-06 2.860205132875611558e-06 2.687431675546398626e-06 2.868413950344539468e-06
2.840000000000000000e+02 2.850000000000000000e+02 1.208955636342724982e-06 2.299272348831033569e-06 2.159168297735704966e-06 2.307497135276414187e-06
2.850000000000000000e+02 2.860000000000000000e+02 9.706935112018978696e-07 1.857350734370143029e-06 1.751446425387982203e-06 1.862097754356630554e-06
2.860000000000000000e+02 2.870000000000000000e+02 8.304553885682706839e-07 1.975021107625196029e-06 1.739217337655530981e-06 2.013373506675014844e-06
2.870000000000000000e+02 2.880000000000000000e+02 6.874229250689470194e-07 1.611032793011704262e-06 1.412349263316709951e-06 1.609838548415251862e-06
2.880000000000000000e+02 2.890000000000000000e+02 7.384897873101059739e-07 4.145299176716527528e-06 1.158516763003024686e-06 1.261995210731545021e-06
2.890000000000000000e+02 2.900000000000000000e+02 5.307176347315108589e-07 1.433667617115846245e-06 1.041359766973283685e-06 1.111531877793834389e-06
2.900000000000000000e+02 2.910000000000000000e+02 4.185807551921046562e-07 9.320814663501351935e-07 7.962391812501837097e-07 8.771898505702897806e-07
2.910000000000000000e+02 2.920000000000000000e+02 3.327007292883264207e-07 6.684690836184839881e-07 6.211359662928533762e-07 6.617198082335469058e-07
2.920000000000000000e+02 2.930000000000000000e+02 2.681689413800754576e-07 5.275498390959910484e-07 4.958707154521785388e-07 5.302197241164479692e-07
2.930000000000000000e+02 2.940000000000000000e+02 2.191022391573264890e-07 4.502622383774492916e-07 3.985290670988434108e-07 4.256310894610068004e-07
2.940000000000000000e+02 2.950000000000000000e+02 1.768918078954482732e-07 3.503902515406392796e-07 3.213849760530128618e-07 3.434526291199386238e-07
2.950000000000000000e+02 2.960000000000000000e+02 1.533955064923530287e-07 3.670906724374669369e-07 2.957609303347856776e-07 3.167246030496292102e-07
2.960000000000000000e+02 2.970000000000000000e+02 9.124291872429199417e-06 1.058222329557939958e-04 4.086013970537078174e-06 4.867934492985969840e-06
2.970000000000000000e+02 2.980000000000000000e+02 4.163309994717979279e-07 3.011213734334324032e-06 6.709748121320870764e-07 1.270270829514964581e-06
2.980000000000000000e+02 2.990000000000000000e+02 2.111255151404032764e-07 9.118716539719631994e-07 7.275188759763945596e-07 9.303095200407075858e-07
2.990000000000000000e+02 3.000000000000000000e+02 7.932597044645220245e-04 9.650198276018720489e-03 4.006493563771394066e-05 1.369213348921742665e-04
3.000000000000000000e+02 3.010000000000000000e+02 5.234678287338873223e-05 3.362736522747516239e-04 2.018401490228539786e-05 2.521608909060222929e-05
3.010000000000000000e+02 3.020000000000000000e+02 2.114929050267698151e-05 1.313347685446499176e-04 8.582659780844696204e-06 1.188192910608610770e-05
3.020000000000000000e+02 3.030000000000000000e+02 1.168578864786740493e-05 7.560121878313564778e-05 4.735845836470452556e-06 6.742289293877164273e-06
3.030000000000000000e+02 3.040000000000000000e+02 6.709476799521270110e-06 4.364004462543503629e-05 2.929133012428278008e-06 4.507108743590613697e-06
3.040000000000000000e+02 3.050000000000000000e+02 3.835544032004992850e-06 2.528052301839063624e-05 2.077552034269600090e-06 3.126467544944290595e-06
3.050000000000000000e+02 3.060000000000000000e+02 2.253611328748978634e-06 1.469903116900426321e-05 1.590315533557375801e-06 2.244381862702299702e-06
3.060000000000000000e+02 3.070000000000000000e+02 1.367284294441837807e-06 8.623656466566692532e-06 1.239056184165321145e-06 1.635386427806231626e-06
3.070000000000000000e+02 3.080000000000000000e+02 8.716549735021879279e-07 5.130958766107965584e-06 9.894672669349603281e-07 1.229338469327682240e-06
3.080000000000000000e+02 3.090000000000000000e+02 1.019436815043746885e-06 7.230009451559170389e-06 7.617998149385934163e-07 9.009230393714200919e-07
3.090000000000000000e+02 3.100000000000000000e+02 4.456062213249859295e-07 1.898616002059081335e-06 6.165929199729867383e-07 7.208273582841771995e-07
3.100000000000000000e+02 3.110000000000000000e+02 3.039610891294061564e-07 1.161482220822862122e-06 5.086943804548194671e-07 5.667759581764378618e-07
3.110000000000000000e+02 3.120000000000000000e+02 2.378613010522904357e-07 7.458991267782065785e-07 4.183629563376034815e-07 4.543796460005361811e-07
3.120000000000000000e+02 3.130000000000000000e+02 2.201459182682955537e-07 1.420376739867964819e-06 5.151987528092532465e-07 6.323712451275128234e-07
3.130000000000000000e+02 3.140000000000000000e+02 1.454356034739605632e-07 3.647873686921977672e-07 1.434321386841754390e-07 2.495732586834171948e-07
3.140000000000000000e+02 3.150000000000000000e+02 1.114558004618472470e-07 2.602171390082354711e-07 1.473338569255017302e-07 1.966818834224174083e-07
3.150000000000000000e+02 3.160000000000000000e+02 8.665095420442263177e-08 1.879080691057808391e-07 1.104234935520793698e-07 1.616950092735256520e-07
3.160000000000000000e+02 3.170000000000000000e+02 7.001876460513090299e-08 1.479513158903433866e-07 8.610737319226673269e-08 1.281089993469724576e-07
3.170000000000000000e+02 3.180000000000000000e+02 1.667342545491608149e-06 1.880325179274884792e-05 1.457705680451881854e-07 2.842669393060341196e-07
3.180000000000000000e+02 3.190000000000000000e+02 6.618101594668702298e-07 4.849084965509111978e-06 3.541373661131634901e-07 7.964953182938976439e-07
3.190000000000000000e+02 3.200000000000000000e+02 3.663067744062074611e-07 2.085891644241512791e-06 2.931207593878369782e-07 5.600065821035812096e-07
3.200000000000000000e+02 3.210000000000000000e+02 2.008453508753841411e-07 1.088808005095528782e-06 1.669573918387622194e-07 2.891802196232616124e-07
3.210000000000000000e+02 3.220000000000000000e+02 1.022384458448466410e-07 5.260013080564296577e-07 9.416960053091582466e-08 1.463720739924129794e-07
3.220000000000000000e+02 3.230000000000000000e+02 3.634848305411332129e-07 3.309486232884156986e-06 3.094623074125042220e-08 5.660559922015001325e-07
3.230000000000000000e+02 3.240000000000000000e+02 2.004052105013714484e-07 8.374567744342237444e-07 3.860893603416737476e-08 5.294207785903297147e-07
3.240000000000000000e+02 3.250000000000000000e+02 1.336463763105246262e-07 4.987433885363461716e-07 5.743774080684312424e-08 3.249794882261381410e-07
3.250000000000000000e+02 3.260000000000000000e+02 1.374480178895438995e-07 7.919307320799794778e-07 6.477070876840556974e-08 1.928827733588732132e-07
3.260000000000000000e+02 3.270000000000000000e+02 8.859092022563667640e-08 4.608506003380481031e-07 5.545925506810312224e-08 1.287141160325696817e-07
3.270000000000000000e+02 3.280000000000000000e+02 4.859924934768780836e-08 1.382319748578668708e-07 4.612886358858951845e-08 1.035224688803910196e-07
3.280000000000000000e+02 3.290000000000000000e+02 3.991786339735600648e-08 1.723672806451962000e-07 3.687398333784219564e-08 7.478421956394356803e-08
3.290000000000000000e+02 3.300000000000000000e+02 6.720635722304808607e-04 4.815002215710158587e-03 1.155207560522928528e-04 6.501474432054449000e-04
3.300000000000000000e+02 3.310000000000000000e+02 9.036954335475862188e-05 4.066415834151676425e-04 1.258825796097488262e-04 2.192397381629196569e-04
3.310000000000000000e+02 3.320000000000000000e+02 4.262878180532662605e-05 1.495726033085992019e-04 6.188290055211112853e-05 8.178062302720425598e-05
3.320000000000000000e+02 3.330000000000000000e+02 2.761379695241641130e-05 6.865007288121117253e-05 4.679301000360461791e-05 5.347692703739857485e-05
3.330000000000000000e+02 3.340000000000000000e+02 2.034359202239939424e-05 4.242975740751040435e-05 3.884817421646719862e-05 4.270549973527989617e-05
3.340000000000000000e+02 3.350000000000000000e+02 1.619145447814188918e-05 3.406065937758245138e-05 3.190608419454764430e-05 3.428683069478700865e-05
3.350000000000000000e+02 3.360000000000000000e+02 1.335216536494768584e-05 2.733050023147658985e-05 2.553755800562103535e-05 2.749806711629366625e-05
3.360000000000000000e+02 3.370000000000000000e+02 1.110008400154430900e-05 2.202760177243025789e-05 2.071890246052983264e-05 2.213326560422347998e-05
3.370000000000000000e+02 3.380000000000000000e+02 9.141073624751688866e-06 1.775697135324245994e-05 1.667928884788556237e-05 1.781389617463799169e-05
3.380000000000000000e+02 3.390000000000000000e+02 7.470034172441631466e-06 1.429242428566859831e-05 1.343423511812085527e-05 1.435710132109225308e-05
3.390000000000000000e+02 3.400000000000000000e+02 6.096173596913337530e-06 1.151958738078736642e-05 1.082495730803548078e-05 1.157107021067094771e-05
3.400000000000000000e+02 3.410000000000000000e+02 4.960535846218515013e-06 9.304459510182238609e-06 8.744917188856520565e-06 9.343786677477464918e-06
3.410000000000000000e+02 3.420000000000000000e+02 4.071850385767151648e-06 7.496833535303750404e-06 7.044109745656314286e-06 7.529576244004358503e-06
3.420000000000000000e+02 3.430000000000000000e+02 3.316663911746298284e-06 6.053906524274824202e-06 5.705925139986275532e-06 6.079513102696773827e-06
3.430000000000000000e+02 3.440000000000000000e+02 2.718600004067183390e-06 4.897958668269201409e-06 4.625970691398836404e-06 4.917122773914729754e-06
3.440000000000000000e+02 3.450000000000000000e+02 2.227622543360978971e-06 3.969870428133189766e-06 3.755119275694140524e-06 3.984410513699062052e-06
3.450000000000000000e+02 3.460000000000000000e+02 2.026499689595183825e-06 1.093776963673103357e-05 2.973288726844536690e-06 3.325051330424571022e-06
3.460000000000000000e+02 3.470000000000000000e+02 1.395995035885715191e-06 2.472826168302092942e-06 2.091277705982953051e-06 2.467420030986558230e-06
3.470000000000000000e+02 3.480000000000000000e+02 1.125202470628783160e-06 1.904850216212731904e-06 1.677288937368757926e-06 1.875552788571237046e-06
3.480000000000000000e+02 3.490000000000000000e+02 9.079664146548287426e-07 1.512810235332299400e-06 1.320879270332471766e-06 1.483168822483557796e-06
3.490000000000000000e+02 3.500000000000000000e+02 7.343916158160149008e-07 1.183294652166768761e-06 1.074075095003598396e-06 1.176099980831774903e-06
3.500000000000000000e+02 3.510000000000000000e+02 5.971013648417734462e-07 9.450448499987435472e-07 8.591073883949643389e-07 9.412618924005222093e-07
3.510000000000000000e+02 3.520000000000000000e+02 4.816370404756330076e-07 7.817040117171100673e-07 5.178111265566612228e-07 7.515758360456245233e-07
3.520000000000000000e+02 3.530000000000000000e+02 3.924716753718686474e-07 6.278600836426910086e-07 5.072664147689169522e-07 6.036938341034612753e-07
3.530000000000000000e+02 3.540000000000000000e+02 3.176259560339644469e-07 5.050711306696148341e-07 4.340318971475385036e-07 4.948609435872684879e-07
3.540000000000000000e+02 3.550000000000000000e+02 2.576996880543499397e-07 4.064487080568008268e-07 3.583347367977966500e-07 4.021185332181308122e-07
3.550000000000000000e+02 3.560000000000000000e+02 2.227905650395475017e-07 5.719046073248902489e-07 2.920750727898914921e-07 3.699638611228493064e-07
3.560000000000000000e+02 3.570000000000000000e+02 1.765264309898265291e-07 3.060021695283698818e-07 2.431856095981998689e-07 2.828353791785165110e-07
3.570000000000000000e+02 3.580000000000000000e+02 1.437859377817674417e-07 2.511804607476747957e-07 2.040275610152874637e-07 2.229164766654847115e-07
3.580000000000000000e+02 3.590000000000000000e+02 1.155451283983957076e-07 2.093625134363958746e-07 1.693257152880479157e-07 1.988524756150282559e-07
3.590000000000000000e+02 3.600000000000000000e+02 7.158274006855795506e-03 2.356767942571254965e-02 4.406676507396227460e-03 1.544409012062023835e-02
3.600000000000000000e+02 3.610000000000000000e+02 2.449905504854010645e-03 1.104060083270109495e-02 1.091615813904522328e-03 5.344172802613747497e-03
3.610000000000000000e+02 3.620000000000000000e+02 5.872906094947941223e-04 1.589153083273840347e-03 4.714460892992262562e-04 1.113711586785926574e-03
3.620000000000000000e+02 3.630000000000000000e+02 1.210864357372255974e-04 2.592561961163366300e-04 1.340204342183823815e-04 2.309692649716359723e-04
3.630000000000000000e+02 3.640000000000000000e+02 9.866516251054926611e-05 1.969260398944527499e-04 1.142803279839364207e-04 1.843901005201441440e-04
3.640000000000000000e+02 3.650000000000000000e+02 8.400078851244341784e-05 2.008746631834084457e-04 9.152184672708168524e-05 1.669163566514026103e-04
3.650000000000000000e+02 3.660000000000000000e+02 6.660972568820548961e-05 1.233603014120879542e-04 7.968784077582808040e-05 1.228966337110932549e-04
3.660000000000000000e+02 3.670000000000000000e+02 5.465474292797348980e-05 9.520997466185796574e-05 6.657597958126368516e-05 9.538692558921699053e-05
3.670000000000000000e+02 3.680000000000000000e+02 4.481501729892341268e-05 7.563557286179362267e-05 5.571429079899643030e-05 7.554863405852386786e-05
3.680000000000000000e+02 3.690000000000000000e+02 3.666261307882874094e-05 6.052499500946427897e-05 4.658301584968561600e-05 6.038874129981203356e-05
3.690000000000000000e+02 3.700000000000000000e+02 2.995705478921321691e-05 4.879962297352245044e-05 3.892105384379846100e-05 4.857055674984881019e-05
3.700000000000000000e+02 3.710000000000000000e+02 2.449917079702869138e-05 3.944963345287407939e-05 3.241369394216660422e-05 3.920591643872211153e-05
3.710000000000000000e+02 3.720000000000000000e+02 1.999811030908320154e-05 3.196022008317039626e-05 2.688947018659999479e-05 3.171956159026066946e-05
3.720000000000000000e+02 3.730000000000000000e+02 1.632695049027326246e-05 2.594023622941115347e-05 2.226105170357977459e-05 2.570750786178446979e-05
3.730000000000000000e+02 3.740000000000000000e+02 1.333325301389436050e-05 2.106992581686139112e-05 1.840035711662887783e-05 2.086488047716630997e-05
3.740000000000000000e+02 3.750000000000000000e+02 1.088911015102482033e-05 1.713971791817993476e-05 1.519752203820747932e-05 1.694919970152460726e-05
3.750000000000000000e+02 3.760000000000000000e+02 8.894536210023702510e-06 1.395519442344840782e-05 1.252929179215474056e-05 1.377628271235019698e-05
3.760000000000000000e+02 3.770000000000000000e+02 7.265191879739958025e-06 1.141328376473060618e-05 1.032021788949444265e-05 1.123372637178437851e-05
3.770000000000000000e+02 3.780000000000000000e+02 5.943586992318829528e-06 9.462872679166254100e-06 8.493386110915821001e-06 9.237287993843248845e-06
3.780000000000000000e+02 3.790000000000000000e+02 4.864023445589224663e-06 7.662359230696383290e-06 6.986072785586462504e-06 7.537872182794556252e-06
3.790000000000000000e+02 3.800000000000000000e+02 3.976376714328953477e-06 6.308909939388244766e-06 5.749590230863688477e-06 6.160184620277594315e-06
3.800000000000000000e+02 3.810000000000000000e+02 3.310603077748193682e-06 6.803401632551007576e-06 4.720989008523122604e-06 5.037806147999933224e-06
3.810000000000000000e+02 3.820000000000000000e+02 2.673797610499209177e-06 4.208820750019797210e-06 3.896408556814518520e-06 4.123484738287875903e-06
3.820000000000000000e+02 3.830000000000000000e+02 2.000044865352502846e-05 1.907103868522078962e-04 4.927397707301685902e-06 1.393019501457040991e-04
3.830000000000000000e+02 3.840000000000000000e+02 1.981187115452033760e-05 8.952077446849936518e-05 3.411793687935257107e-06 5.420250804451880156e-05
3.840000000000000000e+02 3.850000000000000000e+02 1.359563633091614933e-05 4.403817674490883666e-05 3.406401716435238550e-06 3.632500709357556622e-05
3.850000000000000000e+02 3.860000000000000000e+02 9.945060766850854822e-06 2.822144323272547507e-05 2.986888787088636308e-06 2.704277024888630918e-05
3.860000000000000000e+02 3.870000000000000000e+02 7.954113271854669975e-06 2.062357656866225516e-05 2.830229816633577865e-06 2.076168561731910994e-05
3.870000000000000000e+02 3.880000000000000000e+02 6.727901078029366936e-06 1.579450139764388821e-05 2.608258567878018075e-06 1.563985959568878859e-05
3.880000000000000000e+02 3.890000000000000000e+02 5.548129764040164028e-06 1.189703315959484274e-05 2.352990150004027023e-06 1.185013425440943901e-05
3.890000000000000000e+02 3.900000000000000000e+02 1.009449439914903270e-03 5.374483246963825470e-03 2.511077441261528199e-04 3.124807565930665023e-03
3.900000000000000000e+02 3.910000000000000000e+02 2.794105084952094907e-04 2.079348176165078579e-03 9.318639032315163329e-05 6.534819673208422689e-04
3.910000000000000000e+02 3.920000000000000000e+02 8.119055392946006755e-05 3.641163963177009824e-04 1.945375320490119823e-05 1.686525597989612117e-04
3.920000000000000000e+02 3.930000000000000000e+02 4.287201166988275101e-05 1.492280364816625277e-04 1.255523591490979399e-05 7.586815548942812222e-05
3.930000000000000000e+02 3.940000000000000000e+02 2.703231248633906572e-05 7.259136297396040103e-05 1.023882928619693585e-05 4.766082977324786872e-05
3.940000000000000000e+02 3.950000000000000000e+02 1.757344325556135420e-05 4.588433952111063111e-05 8.898153881814214322e-06 2.938684685342131761e-05
3.950000000000000000e+02 3.960000000000000000e+02 1.034104645790324209e-05 2.753761930385961628e-05 7.636678672018080562e-06 1.546501570869510231e-05
3.960000000000000000e+02 3.970000000000000000e+02 5.740682117707184606e-06 1.518828724739308504e-05 6.313633054570757737e-06 9.005577192161862989e-06
3.970000000000000000e+02 3.980000000000000000e+02 3.396579564929683668e-06 8.776165740686232803e-06 5.123196232792600301e-06 5.735143625548835537e-06
3.980000000000000000e+02 3.990000000000000000e+02 2.238445771657885985e-06 4.905136587235966970e-06 4.158601786060661749e-06 4.504165645078614613e-06
3.990000000000000000e+02 4.000000000000000000e+02 1.636483098989732815e-06 3.617769164495699629e-06 3.350787115888122641e-06 3.637969700591413155e-06
4.000000000000000000e+02 4.010000000000000000e+02 1.271508225557009609e-06 2.876523056167306901e-06 2.681385303905473151e-06 2.886076649296473906e-06
4.010000000000000000e+02 4.020000000000000000e+02 1.024669632329148604e-06 2.299970219537691930e-06 2.103274246908543431e-06 2.275175041287994834e-06
4.020000000000000000e+02 4.030000000000000000e+02 8.303785749945654571e-07 1.796156908812061940e-06 1.647409613769059678e-06 1.808513822685075252e-06
4.030000000000000000e+02 4.040000000000000000e+02 6.504997625458726511e-07 1.362791852357039194e-06 9.353552240043867494e-07 1.320368826551773660e-06
4.040000000000000000e+02 4.050000000000000000e+02 4.788954084368502004e-07 9.782648833852748463e-07 6.102754142737537131e-07 9.356017518564662332e-07
4.050000000000000000e+02 4.060000000000000000e+02 1.240184832400636668e-06 1.365318410907129545e-05 4.997912122287513653e-07 9.595561749214269400e-07
4.060000000000000000e+02 4.070000000000000000e+02 2.832096036064637801e-07 1.029158204623305323e-06 2.564262794651575950e-07 5.079907560014680941e-07
4.070000000000000000e+02 4.080000000000000000e+02 3.243160438911685264e-07 1.997021150126559389e-06 1.016887699892540017e-07 3.843999638151648141e-07
4.080000000000000000e+02 4.090000000000000000e+02 1.686259352017163632e-07 4.401022021870383982e-07 8.905454887329335144e-08 3.087751310736117780e-07
4.090000000000000000e+02 4.100000000000000000e+02 1.263537010399756621e-07 2.472899284016664015e-07 5.972293844901782814e-08 2.472325118264072986e-07
4.100000000000000000e+02 4.110000000000000000e+02 1.226048829390646127e-07 8.330902215064518104e-07 3.312430341375995770e-08 1.928480430984965955e-07
4.110000000000000000e+02 4.120000000000000000e+02 7.772865391877714673e-08 2.101614201331493308e-07 1.435561851957240566e-08 1.727918385745292639e-07
4.120000000000000000e+02 4.130000000000000000e+02 5.878968382458093663e-07 5.975499108048633613e-06 2.960665751162179499e-08 2.502359073420162588e-07
4.130000000000000000e+02 4.140000000000000000e+02 1.338559930848329226e-07 1.209674314341788631e-06 3.905111046459512981e-07 5.954802666768757225e-07
4.140000000000000000e+02 4.150000000000000000e+02 6.859070802238719156e-06 6.823740309330902053e-05 8.959535874920876696e-07 3.664873642106630423e-05
4.150000000000000000e+02 4.160000000000000000e+02 4.108132785133015008e-06 2.379648808896008466e-05 5.590522068158642805e-07 1.303272090225957110e-05
4.160000000000000000e+02 4.170000000000000000e+02 2.768155710762392421e-06 1.271867938997179028e-05 3.866593516340255198e-07 7.054484033806666707e-06
4.170000000000000000e+02 4.180000000000000000e+02 1.877460810023760497e-06 6.865626354308696557e-06 3.208376392629967071e-07 5.202634109782739676e-06
4.180000000000000000e+02 4.190000000000000000e+02 1.387515423520811330e-06 4.259869448430936268e-06 2.889108701750507310e-07 3.875491298010078825e-06
4.190000000000000000e+02 4.200000000000000000e+02 6.265940113925432681e-03 3.341926433752728798e-02 6.236185914667943808e-03 1.381633307611339519e-02
4.200000000000000000e+02 4.210000000000000000e+02 4.144309374888722163e-03 2.821445777831143448e-02 5.927012181566299054e-03 7.695491725669136376e-03
4.210000000000000000e+02 4.220000000000000000e+02 4.959410903127332718e-04 2.051063963550982597e-03 8.260657236280501267e-04 8.656758390856358204e-04
4.220000000000000000e+02 4.230000000000000000e+02 1.609804005579813899e-04 1.083348115406850345e-03 2.493975163885042202e-04 3.155851305443290442e-04
4.230000000000000000e+02 4.240000000000000000e+02 1.109121651006436579e-04 3.000984873928902062e-04 1.950771098776361400e-04 2.501293125595757455e-04
4.240000000000000000e+02 4.250000000000000000e+02 8.719978441355073231e-05 1.858172879946243098e-04 1.542655032129796417e-04 1.717542700763990526e-04
4.250000000000000000e+02 4.260000000000000000e+02 6.882270014581194553e-05 1.290259399935181415e-04 1.224612245287458345e-04 1.284807605404942872e-04
4.260000000000000000e+02 4.270000000000000000e+02 5.574761337895408069e-05 1.031023929901905367e-04 9.791540355002996778e-05 1.026467193664762378e-04
4.270000000000000000e+02 4.280000000000000000e+02 4.589405429675889338e-05 8.278784973901471265e-05 7.867915693068181144e-05 8.250310553889049926e-05
4.280000000000000000e+02 4.290000000000000000e+02 4.449221161058397524e-05 1.671689859259819241e-04 6.335422591193185177e-05 6.763655561308721002e-05
4.290000000000000000e+02 4.300000000000000000e+02 3.257979965024811837e-05 5.681374938363734447e-05 5.084028867584911558e-05 5.651257012876287518e-05
4.300000000000000000e+02 4.310000000000000000e+02 2.669524188783518531e-05 4.403129208760377729e-05 4.110601243230099333e-05 4.405461748297718008e-05
4.310000000000000000e+02 4.320000000000000000e+02 2.199593100416996562e-05 3.469887509244152249e-05 3.345942866633270840e-05 3.476421642106336329e-05
4.320000000000000000e+02 4.330000000000000000e+02 1.802998726500784694e-05 2.832517903722526879e-05 2.733120424254804819e-05 2.837462999805228476e-05
4.330000000000000000e+02 4.340000000000000000e+02 1.470442073585407150e-05 2.318287459722778967e-05 2.238157079890824917e-05 2.320973618996036996e-05
4.340000000000000000e+02 4.350000000000000000e+02 1.199215696609868113e-05 1.900619324556829747e-05 1.834906713784684651e-05 1.900395786332456419e-05
4.350000000000000000e+02 4.360000000000000000e+02 9.799188392327727587e-06 1.558462457009837676e-05 1.504057491463149429e-05 1.556454594058197263e-05
4.360000000000000000e+02 4.370000000000000000e+02 8.023758114689014337e-06 1.276608432192577719e-05 1.232222481221880148e-05 1.274576195444024438e-05
4.370000000000000000e+02 4.380000000000000000e+02 2.586133376180499302e-05 1.911581758121209669e-04 1.349456903010959373e-04 1.997397000756902827e-04
4.380000000000000000e+02 4.390000000000000000e+02 2.834246930532753752e-05 1.669967967542390131e-04 1.142505714520700025e-04 1.559495171344930855e-04
4.390000000000000000e+02 4.400000000000000000e+02 2.233292321715833325e-05 1.207150783938051587e-04 8.480679244689567464e-05 1.125851509704214469e-04
4.400000000000000000e+02 4.410000000000000000e+02 1.767728897223092357e-05 8.587119937076435536e-05 6.346824523709865013e-05 8.171814255930987621e-05
4.410000000000000000e+02 4.420000000000000000e+02 1.423224395043989158e-05 6.178837017973204046e-05 4.818341205712566684e-05 6.020748897743072482e-05
4.420000000000000000e+02 4.430000000000000000e+02 1.159216299564828627e-05 4.565687599990154858e-05 3.701481457891767318e-05 4.501038911090348251e-05
4.430000000000000000e+02 4.440000000000000000e+02 9.492920446296808010e-06 3.448023382875949815e-05 2.868249998076849495e-05 3.406887277621936498e-05
4.440000000000000000e+02 4.450000000000000000e+02 7.787042539123421579e-06 2.626382424449023585e-05 2.237110026857883999e-05 2.606069207195883445e-05
4.450000000000000000e+02 4.460000000000000000e+02 6.389894370356822075e-06 2.022379977462437472e-05 1.750965797342758493e-05 2.006890971606378616e-05
4.460000000000000000e+02 4.470000000000000000e+02 5.244820220951740017e-06 1.560611262026294783e-05 1.375119208273095430e-05 1.555715495687428409e-05
4.470000000000000000e+02 4.480000000000000000e+02 4.306663877406000607e-06 1.218957272405167059e-05 1.082945947650452352e-05 1.212230464285972284e-05
4.480000000000000000e+02 4.490000000000000000e+02 3.536183314582917859e-06 9.509902891515349034e-06 8.549895381705227088e-06 9.485626353368495394e-06
4.490000000000000000e+02 4.500000000000000000e+02 1.758019410860149623e-02 8.664890179195954001e-02 4.482628117144249816e-03 8.573564238431814755e-03
4.500000000000000000e+02 4.510000000000000000e+02 1.143838910301283457e-03 4.607722485292435437e-03 1.368012842929756641e-03 2.370948562324497622e-03
4.510000000000000000e+02 4.520000000000000000e+02 1.615885089865779542e-04 5.662813056814399804e-04 2.722145359578147564e-04 3.100412225064177454e-04
4.520000000000000000e+02 4.530000000000000000e+02 1.070478067800664530e-04 2.840713514267725003e-04 2.200008641851342679e-04 2.395384130166309015e-04
4.530000000000000000e+02 4.540000000000000000e+02 7.837933273286692374e-05 1.881000388591082782e-04 1.704936790578804782e-04 1.879943543505866637e-04
4.540000000000000000e+02 4.550000000000000000e+02 6.505259571862795072e-05 1.730677206932203812e-04 1.350111919409835730e-04 1.515695140181108971e-04
4.550000000000000000e+02 4.560000000000000000e+02 5.053902729144918254e-05 1.186844152574077012e-04 1.062563226622872091e-04 1.156671023630615922e-04
4.560000000000000000e+02 4.570000000000000000e+02 4.102921715451106441e-05 1.854043918926092543e-04 8.460996935864153567e-05 9.111328626631025091e-05
4.570000000000000000e+02 4.580000000000000000e+02 3.174636688074808930e-05 7.241468121675203587e-05 6.714228491912410310e-05 7.184653115088766634e-05
4.580000000000000000e+02 4.590000000000000000e+02 2.558238266850325221e-05 5.675685438560914664e-05 5.356005213481191166e-05 5.687705916096218509e-05
4.590000000000000000e+02 4.600000000000000000e+02 2.076976211373626546e-05 4.867766941325760871e-05 4.237041495889106292e-05 4.502310251031357087e-05
4.600000000000000000e+02 4.610000000000000000e+02 1.682361590729085455e-05 3.578518376038873855e-05 3.398224133171779413e-05 3.586209581556388745e-05
4.610000000000000000e+02 4.620000000000000000e+02 1.387664717494735094e-05 3.253383051031921627e-05 2.698302046533809220e-05 3.225585383268982873e-05
4.620000000000000000e+02 4.630000000000000000e+02 1.134780774234512562e-05 2.262366384027680616e-05 2.150695141362037277e-05 2.263467154456578201e-05
4.630000000000000000e+02 4.640000000000000000e+02 9.234929713454782135e-06 1.810820941807291320e-05 1.725576946209528062e-05 1.811345138269164170e-05
4.640000000000000000e+02 4.650000000000000000e+02 7.544879924543485121e-06 1.453924397129240510e-05 1.388701689833313327e-05 1.455019997016939530e-05
4.650000000000000000e+02 4.660000000000000000e+02 6.173357341212103185e-06 1.168815409524184505e-05 1.118819980783956860e-05 1.170015824845505021e-05
4.660000000000000000e+02 4.670000000000000000e+02 1.980643835164700326e-05 2.012847600985636590e-04 8.598240917570779281e-06 9.138206290605867179e-06
4.670000000000000000e+02 4.680000000000000000e+02 5.932717920779524171e-06 2.802795501664596964e-05 7.150471297928824081e-06 7.853909133698391669e-06
4.680000000000000000e+02 4.690000000000000000e+02 3.693921265807504741e-06 1.091712328083455849e-05 6.084024606672225894e-06 6.360379390124715549e-06
4.690000000000000000e+02 4.700000000000000000e+02 2.858988316805289085e-06 5.734263076517464059e-06 4.829810749387568222e-06 5.033356632724915545e-06
4.700000000000000000e+02 4.710000000000000000e+02 2.315438991217802220e-06 4.006324258461924109e-06 3.831176207701648673e-06 4.006952179663644584e-06
4.710000000000000000e+02 4.720000000000000000e+02 1.896367615466441891e-06 3.352385138788876045e-06 3.075551500220457765e-06 3.205644245843550951e-06
4.720000000000000000e+02 4.730000000000000000e+02 1.553537235392001450e-06 2.613041814652212054e-06 2.511511506622384594e-06 2.623674192425594617e-06
4.730000000000000000e+02 4.740000000000000000e+02 1.273807835425930654e-06 2.177152505338570575e-06 2.044234829457734781e-06 2.124108329158228037e-06
4.740000000000000000e+02 4.750000000000000000e+02 1.039584776355562206e-06 1.772092308510601826e-06 1.665440178086741494e-06 1.728708183809398214e-06
4.750000000000000000e+02 4.760000000000000000e+02 8.493727358226552959e-07 1.405563230440005199e-06 1.357637111269451744e-06 1.407319607269103144e-06
4.760000000000000000e+02 4.770000000000000000e+02 6.935293454148563526e-07 1.146309149204095536e-06 1.107342791932145016e-06 1.148034078955835613e-06
4.770000000000000000e+02 4.780000000000000000e+02 5.653298103144596511e-07 9.326585834452441226e-07 9.011495023781728274e-07 9.342136236925795192e-07
4.780000000000000000e+02 4.790000000000000000e+02 4.632681057022432528e-07 7.601394083043647187e-07 7.350684296432786384e-07 7.611782791476498017e-07
4.790000000000000000e+02 4.800000000000000000e+02 5.412795542730307503e-03 3.183603047240081418e-02 5.623211789531182107e-03 7.635416478902326554e-03
4.800000000000000000e+02 4.810000000000000000e+02 5.533148808335218525e-04 3.206640996785779102e-03 6.487215152783173001e-04 8.287754638347607670e-04
4.810000000000000000e+02 4.820000000000000000e+02 8.927034317793866667e-05 3.982213848750839865e-04 9.799145726498861386e-05 1.353303414468135250e-04
4.820000000000000000e+02 4.830000000000000000e+02 4.880587634611074119e-05 1.844103514229817838e-04 5.018666391642546813e-05 7.945521732482223190e-05
4.830000000000000000e+02 4.840000000000000000e+02 2.399291161338680517e-05 7.119040870307646949e-05 2.477951216140652759e-05 4.949786439905862841e-05
4.840000000000000000e+02 4.850000000000000000e+02 1.558385640544480679e-05 4.376372773573959727e-05 1.283420061805805923e-05 3.214850789142701949e-05
4.850000000000000000e+02 4.860000000000000000e+02 4.560562338835215710e-05 3.040855860181965881e-04 7.728786543517609563e-06 2.316647519873849421e-05
4.860000000000000000e+02 4.870000000000000000e+02 1.635495840973709094e-05 8.128570326778389776e-05 3.615425697389600087e-06 1.796679584698190690e-05
4.870000000000000000e+02 4.880000000000000000e+02 9.558485717024393501e-06 3.493998903961693453e-05 3.445015793085467377e-06 1.386104165864814798e-05
4.880000000000000000e+02 4.890000000000000000e+02 6.401853804093139098e-06 2.225443338648219944e-05 2.983093861109927872e-06 1.034896045156524556e-05
4.890000000000000000e+02 4.900000000000000000e+02 4.375073403229940669e-06 1.388443645343460963e-05 2.342205465579455260e-06 7.658450570618735202e-06
4.900000000000000000e+02 4.910000000000000000e+02 3.033532664288386087e-06 8.203708402538893900e-06 1.740058598905809862e-06 5.633171556106131815e-06
4.910000000000000000e+02 4.920000000000000000e+02 2.151548734224022883e-06 4.896732545498512620e-06 1.222193694252602927e-06 4.170739424479353321e-06
4.920000000000000000e+02 4.930000000000000000e+02 1.561077621246334756e-06 3.224063324166598377e-06 8.417697988091967877e-07 3.112866222909519369e-06
4.930000000000000000e+02 4.940000000000000000e+02 1.155910367585108165e-06 2.403359018037764044e-06 5.624231159790373146e-07 2.332690416801773104e-06
4.940000000000000000e+02 4.950000000000000000e+02 8.673776935701462656e-07 1.815713658243481347e-06 3.775872945201208055e-07 1.757271789438073095e-06
4.950000000000000000e+02 4.960000000000000000e+02 6.610456365239948622e-07 1.365815398380823756e-06 2.563325065469018617e-07 1.332642996570622237e-06
4.960000000000000000e+02 4.970000000000000000e+02 5.222887870029831912e-07 1.770276653779336938e-06 1.767639011318524229e-07 1.018066396617238956e-06
4.970000000000000000e+02 4.980000000000000000e+02 3.949818753431066095e-07 8.134101669484498390e-07 1.407957771061668158e-07 7.809963579568325962e-07
4.980000000000000000e+02 4.990000000000000000e+02 6.480858499971947418e-07 6.258550221819775688e-06 2.006297779581942183e-07 1.207266029862114559e-06
4.990000000000000000e+02 5.000000000000000000e+02 3.729999268349191728e-07 1.403690969723112410e-06 2.600264463835530936e-07 1.058422514172657540e-06
5.000000000000000000e+02 5.010000000000000000e+02 2.485589429819511846e-07 7.051591882076488716e-07 1.991133735277756356e-07 6.267339815383777308e-07
5.010000000000000000e+02 5.020000000000000000e+02 1.648683854610634172e-07 4.103263127322089603e-07 1.571391085587698044e-07 3.558622167302887287e-07
5.020000000000000000e+02 5.030000000000000000e+02 1.139278800909978622e-07 2.312000874566950754e-07 1.205267529040130967e-07 2.246750047418138327e-07
5.030000000000000000e+02 5.040000000000000000e+02 7.955592999309898303e-08 1.699866407415902524e-07 8.925742162213316135e-08 1.574854541516709532e-07
5.040000000000000000e+02 5.050000000000000000e+02 5.395112646113406539e-08 1.511353020267519674e-07 6.320420175769032329e-08 1.056193078820898968e-07
5.050000000000000000e+02 5.060000000000000000e+02 3.584011225254707327e-08 2.079604684664653795e-07 4.469921256547561904e-08 7.447021802272605393e-08
5.060000000000000000e+02 5.070000000000000000e+02 2.370310567857193868e-08 1.592985268123685511e-07 3.162940574583384297e-08 5.115426578310513843e-08
5.070000000000000000e+02 5.080000000000000000e+02 1.744695499800904198e-08 1.816837771329152050e-07 2.284557829527905638e-08 3.607650817521556925e-08
5.080000000000000000e+02 5.090000000000000000e+02 3.933377902289745824e-07 3.430605436320762536e-06 1.328191490807148325e-08 2.798620883901726939e-08
5.090000000000000000e+02 5.100000000000000000e+02 1.741697953359623184e-03 8.458211758294453472e-03 1.204307985686702779e-03 3.654210572981542171e-03
5.100000000000000000e+02 5.110000000000000000e+02 5.862189186787651173e-04 4.236165795597984264e-03 2.900500427088696740e-04 8.657892386425526058e-04
5.110000000000000000e+02 5.120000000000000000e+02 8.306445084830841002e-05 3.808174648816790874e-04 1.336916864375281479e-04 2.332475625658336641e-04
5.120000000000000000e+02 5.130000000000000000e+02 5.037827652804482465e-05 2.037390090357606468e-04 8.129477172915421156e-05 1.444506762097559562e-04
5.130000000000000000e+02 5.140000000000000000e+02 3.234342825793491824e-05 1.028238042466710246e-04 5.204792774349657362e-05 8.536873431443280026e-05
5.140000000000000000e+02 5.150000000000000000e+02 2.288634997326706574e-05 5.720106247513976358e-05 3.794733962361011305e-05 5.269239955148478265e-05
5.150000000000000000e+02 5.160000000000000000e+02 1.714197915000624381e-05 3.988314725547376267e-05 2.959963908023367500e-05 3.579599587437139012e-05
5.160000000000000000e+02 5.170000000000000000e+02 1.425434558764842948e-05 4.105999449698107109e-05 2.640117654140066616e-05 2.858121662185090229e-05
5.170000000000000000e+02 5.180000000000000000e+02 1.122047245632861449e-05 2.538539094435650966e-05 2.214148752769946188e-05 2.330215378268354258e-05
5.180000000000000000e+02 5.190000000000000000e+02 9.005155673235508423e-06 1.827610180836817898e-05 1.733346671459855276e-05 1.782059256443612691e-05
5.190000000000000000e+02 5.200000000000000000e+02 7.347099184040926021e-06 1.471482796484783798e-05 1.360820752144032846e-05 1.459947502753519764e-05
5.200000000000000000e+02 5.210000000000000000e+02 6.031653689967006935e-06 1.229576881368029062e-05 1.079747820453889812e-05 1.112866547036188991e-05
5.210000000000000000e+02 5.220000000000000000e+02 5.624601454274999631e-05 6.276203547873528826e-04 7.441439237676179149e-06 1.275810608887109878e-05
5.220000000000000000e+02 5.230000000000000000e+02 2.652754062228209489e-05 1.466246468982233949e-04 1.107277002256716986e-05 2.560309782845468632e-05
5.230000000000000000e+02 5.240000000000000000e+02 1.511739385447317233e-05 6.668832194443928378e-05 2.542881478014097444e-05 3.655865549270754210e-05
5.240000000000000000e+02 5.250000000000000000e+02 1.195084564225431674e-05 6.465249787707504753e-05 2.301597974675225966e-05 3.254461765109925770e-05
5.250000000000000000e+02 5.260000000000000000e+02 8.511692472030172135e-06 2.947728750818105311e-05 1.718140197103204241e-05 2.382115074791848276e-05
5.260000000000000000e+02 5.270000000000000000e+02 6.402405638166015295e-06 1.923933651699867098e-05 1.335450550396034388e-05 1.673029181433575443e-05
5.270000000000000000e+02 5.280000000000000000e+02 4.983265941946485005e-06 1.238635642672301697e-05 1.027376555388334237e-05 1.165855564203622621e-05
5.280000000000000000e+02 5.290000000000000000e+02 3.945416049493877425e-06 8.503036240379530805e-06 8.011401500363023081e-06 8.440928710168363157e-06
5.290000000000000000e+02 5.300000000000000000e+02 3.157727433851174249e-06 6.573379343435212048e-06 6.320622278343097279e-06 6.538828714333957723e-06
5.300000000000000000e+02 5.310000000000000000e+02 2.550779338458758559e-06 5.236084576521736398e-06 5.022862657105780197e-06 5.222313946295592836e-06
5.310000000000000000e+02 5.320000000000000000e+02 2.092965461405763595e-06 4.427522125235426947e-06 4.005281614403545992e-06 4.420087467350604512e-06
5.320000000000000000e+02 5.330000000000000000e+02 1.712649460734434502e-06 3.340590692344975714e-06 3.200615377056756383e-06 3.333718174532797293e-06
5.330000000000000000e+02 5.340000000000000000e+02 1.397907774837331906e-06 2.670264776656169105e-06 2.564776229733924879e-06 2.667945913958884398e-06
5.340000000000000000e+02 5.350000000000000000e+02 1.141195060189601180e-06 2.139743209384787548e-06 2.061007328901260578e-06 2.137950968238675800e-06
5.350000000000000000e+02 5.360000000000000000e+02 9.324395212894917869e-07 1.716203590411554120e-06 1.657643569918263325e-06 1.714193980343385262e-06
5.360000000000000000e+02 5.370000000000000000e+02 7.628181227346013021e-07 1.380023674934010134e-06 1.335082466912139142e-06 1.377577275598510085e-06
5.370000000000000000e+02 5.380000000000000000e+02 6.778339530239902179e-07 2.236326667870372882e-06 1.063882427665231709e-06 1.100001946787488352e-06
5.380000000000000000e+02 5.390000000000000000e+02 5.201933885708201182e-07 8.934924350357429715e-07 8.603526076889585785e-07 8.883012398609464970e-07
5.390000000000000000e+02 5.400000000000000000e+02 6.662190141361692443e-04 5.264873059500803365e-03 6.698749760444848086e-04 2.396677423182995859e-03
5.400000000000000000e+02 5.410000000000000000e+02 1.192817592971838286e-04 9.073746862227197781e-04 1.168321988721982051e-04 3.607609810342179545e-04
5.410000000000000000e+02 5.420000000000000000e+02 6.151042615417702270e-05 4.260599538994523823e-04 6.584257208508165638e-05 1.587074258915469201e-04
5.420000000000000000e+02 5.430000000000000000e+02 4.479165914951050510e-05 2.401682733447405276e-04 3.665862780829282698e-05 9.464696228336353550e-05
5.430000000000000000e+02 5.440000000000000000e+02 3.544714570597692113e-05 2.313235873124196390e-04 2.114268171121156455e-05 1.213082528585814968e-04
5.440000000000000000e+02 5.450000000000000000e+02 2.513941157298187325e-05 9.742622595270152117e-05 1.184288935544743686e-05 5.363545963452009849e-05
5.450000000000000000e+02 5.460000000000000000e+02 1.532802160905605957e-05 4.621626437936803374e-05 6.861110632775636403e-06 2.777724843573167832e-05
5.460000000000000000e+02 5.470000000000000000e+02 9.214248690583426161e-06 2.561666403409535947e-05 5.084632747936504066e-06 1.442082419392643980e-05
5.470000000000000000e+02 5.480000000000000000e+02 5.763659881422454322e-06 1.443661034190305413e-05 4.774360792912802143e-06 1.012505061571558355e-05
5.480000000000000000e+02 5.490000000000000000e+02 8.834236741725700801e-06 8.623222838069281285e-05 4.779808494022373595e-06 6.141666437903676697e-05
5.490000000000000000e+02 5.500000000000000000e+02 8.213885374824579720e-06 3.675297919328505931e-05 4.169581607160893641e-06 2.630240783957272482e-05
5.500000000000000000e+02 5.510000000000000000e+02 4.815131579158537630e-06 1.786358206566413906e-05 3.445639088681769205e-06 1.557037791477252980e-05
5.510000000000000000e+02 5.520000000000000000e+02 3.177987241098421087e-06 1.045016180089017725e-05 2.725362989332856509e-06 1.024525977634449652e-05
5.520000000000000000e+02 5.530000000000000000e+02 2.525250989807188701e-06 7.203887844892052877e-06 2.040021878105436447e-06 7.116411788559268058e-06
5.530000000000000000e+02 5.540000000000000000e+02 2.086423743615530680e-06 5.232734520710330899e-06 1.461675941994127196e-06 5.088663674989897997e-06
5.540000000000000000e+02 5.550000000000000000e+02 1.622377502388551209e-06 3.832393319869772338e-06 1.028891050219999597e-06 3.667063685817181272e-06
5.550000000000000000e+02 5.560000000000000000e+02 1.207063213002815239e-06 2.766158623529056166e-06 7.082212210724313295e-07 2.563796186021712264e-06
5.560000000000000000e+02 5.570000000000000000e+02 8.867469098286700473e-07 1.938996208835385603e-06 4.761499386786682866e-07 1.824364764297150946e-06
5.570000000000000000e+02 5.580000000000000000e+02 6.597512919995829851e-07 1.378491032058130695e-06 3.137676392820945772e-07 1.337813636916574823e-06
5.580000000000000000e+02 5.590000000000000000e+02 4.989025502691121475e-07 1.011644734937043795e-06 2.066118021337855657e-07 1.005412082370976644e-06
5.590000000000000000e+02 5.600000000000000000e+02 3.876869227364769936e-07 9.429830020405637475e-07 1.364786984907557262e-07 8.990809866566502797e-07
5.600000000000000000e+02 5.610000000000000000e+02 3.070286490992527663e-07 6.915975216611766400e-07 9.178333509161129141e-08 6.770902303876462932e-07
5.610000000000000000e+02 5.620000000000000000e+02 2.472858389278538958e-07 5.739479968939732475e-07 6.540669412649922201e-08 5.749281168610461764e-07
5.620000000000000000e+02 5.630000000000000000e+02 1.999246227365794180e-07 4.292272996021478164e-07 5.434181186891105435e-08 4.259104878443288474e-07
5.630000000000000000e+02 5.640000000000000000e+02 1.625288868208030326e-07 3.557543777343815770e-07 5.099304763320870163e-08 3.476040602168406194e-07
5.640000000000000000e+02 5.650000000000000000e+02 1.306762679698324627e-07 2.646916085859247507e-07 5.149877985885539222e-08 2.626361141335175520e-07
5.650000000000000000e+02 5.660000000000000000e+02 1.050267929664447715e-07 2.043730813495504356e-07 4.913226725615396185e-08 2.038613216385989454e-07
5.660000000000000000e+02 5.670000000000000000e+02 8.409542199035667066e-08 1.661260299043767741e-07 4.730732944965277737e-08 1.600052428901944774e-07
5.670000000000000000e+02 5.680000000000000000e+02 6.824227891234999956e-08 1.458709803865768671e-07 4.617305034725025769e-08 1.261944195892923187e-07
5.680000000000000000e+02 5.690000000000000000e+02 5.310042201667060222e-08 1.129954737711187532e-07 3.900983262412435810e-08 9.977547689261622179e-08
5.690000000000000000e+02 5.700000000000000000e+02 6.922155027640266960e-03 3.583317049720204095e-02 1.718458329305821508e-03 2.137945915921429883e-03
5.700000000000000000e+02 5.710000000000000000e+02 6.025920346847457587e-03 3.085267975036593696e-02 2.641167543333476121e-03 3.428212979876454208e-03
5.710000000000000000e+02 5.720000000000000000e+02 1.044946968511441558e-03 5.429648315049184250e-03 3.478334870848612433e-04 4.915904575985206816e-04
5.720000000000000000e+02 5.730000000000000000e+02 2.645157131175627737e-04 1.464303816196544077e-03 1.073237516968938467e-04 1.509402122682858630e-04
5.730000000000000000e+02 5.740000000000000000e+02 8.960072050581413268e-05 3.167868165411341858e-04 8.374610322613363538e-05 1.323138152075102798e-04
5.740000000000000000e+02 5.750000000000000000e+02 5.564247501077144650e-05 1.912668952937576089e-04 5.502655273318304689e-05 1.067906519011452065e-04
5.750000000000000000e+02 5.760000000000000000e+02 3.350639424293057241e-05 1.006195014125348987e-04 3.275228041304100043e-05 6.744082576226181013e-05
5.760000000000000000e+02 5.770000000000000000e+02 2.064245036400452917e-05 5.980173402233710591e-05 2.124436595481265548e-05 4.113770972519690259e-05
5.770000000000000000e+02 5.780000000000000000e+02 1.293908042782175723e-05 3.631204545916528201e-05 1.536085173065597343e-05 2.679702937675077537e-05
5.780000000000000000e+02 5.790000000000000000e+02 8.366955248127676639e-06 2.172851916663274871e-05 1.176268530474940912e-05 1.715434320670024431e-05
5.790000000000000000e+02 5.800000000000000000e+02 5.579547358388471076e-06 1.241543582426555086e-05 9.156780008839976790e-06 1.110612699825538229e-05
5.800000000000000000e+02 5.810000000000000000e+02 3.878211264471964829e-06 8.389128016748010404e-06 7.155413891642354020e-06 7.776527849903495858e-06
5.810000000000000000e+02 5.820000000000000000e+02 2.838908360094911188e-06 6.424455565931617369e-06 5.680953072004620914e-06 5.948659833869398628e-06
5.820000000000000000e+02 5.830000000000000000e+02 2.175366186412258888e-06 4.848386158056508115e-06 4.520623461424416709e-06 4.744957984612531391e-06
5.830000000000000000e+02 5.840000000000000000e+02 1.757620934629048209e-06 3.833043704671397820e-06 3.590479535307384612e-06 3.765736146763063016e-06
5.840000000000000000e+02 5.850000000000000000e+02 1.434684457198745535e-06 3.114933355956128675e-06 2.886194135430346950e-06 3.077030726582411178e-06
5.850000000000000000e+02 5.860000000000000000e+02 1.175060503603495900e-06 2.405595357118322337e-06 2.312564699956387920e-06 2.386408697348588182e-06
5.860000000000000000e+02 5.870000000000000000e+02 9.651801368863691917e-07 1.920276079691775412e-06 1.851188118671402834e-06 1.908067187427808468e-06
5.870000000000000000e+02 5.880000000000000000e+02 8.924275924319868607e-07 4.249392135616765643e-06 1.479482833391346867e-06 1.525980115549591243e-06
5.880000000000000000e+02 5.890000000000000000e+02 6.418423389208610731e-07 1.269656403004151762e-06 1.187750111855635265e-06 1.232485429393580247e-06
5.890000000000000000e+02 5.900000000000000000e+02 5.282748372713199806e-07 9.887357886134362610e-07 9.554982421356813126e-07 9.866831570114832344e-07
5.900000000000000000e+02 5.910000000000000000e+02 4.327261636352755993e-07 7.965714795670626280e-07 7.691921439400527944e-07 7.948791820324960802e-07
5.910000000000000000e+02 5.920000000000000000e+02 3.566108458875692009e-07 6.429980309304467150e-07 6.217415315213147943e-07 6.423749568319788217e-07
5.920000000000000000e+02 5.930000000000000000e+02 2.929901528859896342e-07 5.203917651516586154e-07 5.045948578055510807e-07 5.205691418487078651e-07
5.930000000000000000e+02 5.940000000000000000e+02 3.822872206624349191e-07 2.636062852705859214e-06 7.535224589540139592e-07 1.103965764837386345e-06
5.940000000000000000e+02 5.950000000000000000e+02 3.467314822144767472e-07 1.067341963236811990e-06 8.299955867999421207e-07 9.965730673288376101e-07
5.950000000000000000e+02 5.960000000000000000e+02 3.094951336827214585e-07 7.740025543144965265e-07 6.999053183900909472e-07 7.661662417909864783e-07
5.960000000000000000e+02 5.970000000000000000e+02 2.582966181051420317e-07 6.117820398002073523e-07 5.787540469565799601e-07 6.102350132483595418e-07
5.970000000000000000e+02 5.980000000000000000e+02 7.203330871023063005e-05 1.001553624891229552e-03 5.083541937991131558e-06 6.441392060122319457e-06
5.980000000000000000e+02 5.990000000000000000e+02 7.431226052361956823e-06 4.576786965279032302e-05 9.671016904284612114e-06 1.375444516690480792e-05
5.990000000000000000e+02 6.000000000000000000e+02 5.803599533658093841e-04 5.594611742517101825e-03 1.902924532994852745e-03 4.048327123171675986e-03
6.000000000000000000e+02 6.010000000000000000e+02 1.314582037917463777e-04 4.662994016517011450e-04 2.795652837386138328e-04 4.109941499809253865e-04
6.010000000000000000e+02 6.020000000000000000e+02 8.725335380375595900e-05 2.611982856448686816e-04 1.685598231430042080e-04 1.885663270857462206e-04
6.020000000000000000e+02 6.030000000000000000e+02 6.353561786737925649e-05 1.532816642645775187e-04 1.266707783415268421e-04 1.383644612111791438e-04
6.030000000000000000e+02 6.040000000000000000e+02 5.761785980545036911e-05 1.731436313529178682e-04 1.004538814628440086e-04 1.093967669343348539e-04
6.040000000000000000e+02 6.050000000000000000e+02 3.836796924652849660e-05 8.438630786752334637e-05 7.410730669491109933e-05 8.375237056115769369e-05
6.050000000000000000e+02 6.060000000000000000e+02 2.760905208967782945e-05 6.626808531947259336e-05 5.688144130598699240e-05 6.504639043081575681e-05
6.060000000000000000e+02 6.070000000000000000e+02 2.037622707161635823e-05 5.107428633746647267e-05 4.290917438356770420e-05 4.981321982165483526e-05
6.070000000000000000e+02 6.080000000000000000e+02 1.512105100005653360e-05 3.900230182197958326e-05 3.228255153404083677e-05 3.784594928796191878e-05
6.080000000000000000e+02 6.090000000000000000e+02 1.125883342923832344e-05 2.954303197411969003e-05 2.430400755168060422e-05 2.861351832645703052e-05
6.090000000000000000e+02 6.100000000000000000e+02 8.371131016766944345e-06 2.226602175866651697e-05 1.825424125278775822e-05 2.156287129527612978e-05
6.100000000000000000e+02 6.110000000000000000e+02 6.190486985793076070e-06 1.672100771880995738e-05 1.367821738610662359e-05 1.621385788247017634e-05
6.110000000000000000e+02 6.120000000000000000e+02 4.838866020576886545e-06 1.986479094497453610e-05 1.027613454405394045e-05 1.218829380683271854e-05
6.120000000000000000e+02 6.130000000000000000e+02 3.389676847508824020e-06 9.411095553398952359e-06 7.806498545924442275e-06 9.188992269629597302e-06
6.130000000000000000e+02 6.140000000000000000e+02 2.514079312044150020e-06 7.056221996202194439e-06 5.820486073714698652e-06 6.894278455128625009e-06
6.140000000000000000e+02 6.150000000000000000e+02 1.870840433113485022e-06 5.306623256734658588e-06 4.374327266652104624e-06 5.195749278833407896e-06
6.150000000000000000e+02 6.160000000000000000e+02 1.392729330005881065e-06 3.984617621101916918e-06 3.286550819344022866e-06 3.903202933166688153e-06
6.160000000000000000e+02 6.170000000000000000e+02 1.090423093319590814e-06 3.794156728781366054e-06 2.466212953683522631e-06 2.930534572170557481e-06
6.170000000000000000e+02 6.180000000000000000e+02 7.751001047998307184e-07 2.250131187969618107e-06 1.852514543980068761e-06 2.197233691940543939e-06
6.180000000000000000e+02 6.190000000000000000e+02 5.708048810211412277e-07 1.684721497362531893e-06 1.402733977595794123e-06 1.656226840452092480e-06
6.190000000000000000e+02 6.200000000000000000e+02 4.226661383241047483e-07 1.269462915654356377e-06 1.057121169712184493e-06 1.249198554112460655e-06
6.200000000000000000e+02 6.210000000000000000e+02 3.165787159975113056e-07 9.571835524568052584e-07 7.998938481487418247e-07 9.422236038629038263e-07
6.210000000000000000e+02 6.220000000000000000e+02 2.346397714609929750e-07 7.225195157269512319e-07 6.057644843945961277e-07 7.112315356557623262e-07
6.220000000000000000e+02 6.230000000000000000e+02 1.808707771741300328e-07 5.974218982970290584e-07 4.614104963378237382e-07 5.956700307681750162e-07
6.230000000000000000e+02 6.240000000000000000e+02 1.428641069319674443e-07 4.838064074302666697e-07 3.552306704472777400e-07 4.820722984366157317e-07
6.240000000000000000e+02 6.250000000000000000e+02 1.055751745870374281e-07 3.143648808911857947e-07 2.679235995808555555e-07 3.104817685440282642e-07
6.250000000000000000e+02 6.260000000000000000e+02 7.731767478495148043e-08 2.403338176037013567e-07 2.053027460562232153e-07 2.375121033575695251e-07
6.260000000000000000e+02 6.270000000000000000e+02 5.754737528953693413e-08 1.884152745287842441e-07 1.589909694677039499e-07 1.860211506218551510e-07
6.270000000000000000e+02 6.280000000000000000e+02 4.407371299790228912e-08 1.671082002056560005e-07 1.207330577056435291e-07 1.382542244582424756e-07
6.280000000000000000e+02 6.290000000000000000e+02 3.367156058308194715e-08 1.510543370389867052e-07 9.296370353600654435e-08 1.058784008893107294e-07
6.290000000000000000e+02 6.300000000000000000e+02 3.898386698888497309e-04 2.053475450638463096e-03 7.709849057337817067e-05 3.690653541188179459e-04
6.300000000000000000e+02 6.310000000000000000e+02 8.877875381791361733e-05 4.866978002801121092e-04 9.096572811882498236e-06 5.752750788135041276e-05
6.310000000000000000e+02 6.320000000000000000e+02 5.126174751474662415e-05 2.448675319613369174e-04 9.216749046355236753e-06 3.277216182091505670e-05
6.320000000000000000e+02 6.330000000000000000e+02 3.202587333085611811e-05 1.317891535418418874e-04 7.724063437690997317e-06 2.507529588022386547e-05
6.330000000000000000e+02 6.340000000000000000e+02 1.762826937142966362e-05 5.887437292683754894e-05 5.885254935956016345e-06 1.715359395143053938e-05
6.340000000000000000e+02 6.350000000000000000e+02 9.854294636200598850e-06 3.132158996537933186e-05 4.153586405653266591e-06 1.127793090857250104e-05
6.350000000000000000e+02 6.360000000000000000e+02 5.541735935623452078e-06 1.676956387488056990e-05 2.836323499260878594e-06 8.268761477076350119e-06
6.360000000000000000e+02 6.370000000000000000e+02 3.249040194535227888e-06 9.276668880973114892e-06 1.933809754886126519e-06 6.042837493442975715e-06
6.370000000000000000e+02 6.380000000000000000e+02 2.071298242406956292e-06 5.160560118258061868e-06 1.313383556542873852e-06 4.523487460588521681e-06
6.380000000000000000e+02 6.390000000000000000e+02 1.479203339357949876e-06 3.479724907802280537e-06 9.044336413395764934e-07 3.466094528023543913e-06
6.390000000000000000e+02 6.400000000000000000e+02 1.152384172369405196e-06 2.656751715412227633e-06 6.400115483547731610e-07 2.653275270198594439e-06
6.400000000000000000e+02 6.410000000000000000e+02 9.320914624610829010e-07 2.100803707023271666e-06 4.803430716455089279e-07 2.093870168412480239e-06
6.410000000000000000e+02 6.420000000000000000e+02 7.599770634308482254e-07 1.646268146469464711e-06 4.068669299115793131e-07 1.640555937885064885e-06
6.420000000000000000e+02 6.430000000000000000e+02 6.291204263945217101e-07 2.061052322127161776e-06 3.398575752879941321e-07 1.286018312177643973e-06
6.430000000000000000e+02 6.440000000000000000e+02 5.083366757443079876e-07 1.014031307389490430e-06 2.901009567730100604e-07 1.008608738476243962e-06
6.440000000000000000e+02 6.450000000000000000e+02 4.115173714938014816e-07 8.233473758345819115e-07 2.431971274781795476e-07 8.235663358208856773e-07
6.450000000000000000e+02 6.460000000000000000e+02 3.326977884436572538e-07 6.539621575739430169e-07 2.138899987689962891e-07 6.476240978208411109e-07
6.460000000000000000e+02 6.470000000000000000e+02 2.698522445945778859e-07 5.164541914867246181e-07 1.898559834364467962e-07 5.147930967271628300e-07
6.470000000000000000e+02 6.480000000000000000e+02 2.197252616919168733e-07 4.113334703912066722e-07 1.681993192953279652e-07 4.104413137238772812e-07
6.480000000000000000e+02 6.490000000000000000e+02 1.780126012273277107e-07 3.342226173144127022e-07 1.470464880699697939e-07 3.325838044320213321e-07
6.490000000000000000e+02 6.500000000000000000e+02 1.442137286003228119e-07 2.671948841138443325e-07 1.274805202405842050e-07 2.599514848315992442e-07
6.500000000000000000e+02 6.510000000000000000e+02 1.159337308006663482e-07 2.107973280494773420e-07 1.098875407614643389e-07 2.097609563638279087e-07
6.510000000000000000e+02 6.520000000000000000e+02 9.596492442169242950e-08 3.856787808578150064e-07 9.226554190125117191e-08 1.704415549046579836e-07
6.520000000000000000e+02 6.530000000000000000e+02 7.707986551021544348e-08 1.594329520742673263e-07 8.120454821346227493e-08 1.606878849882767951e-07
6.530000000000000000e+02 6.540000000000000000e+02 6.641704210291577223e-08 1.883455593556262002e-07 7.482210438723581577e-08 1.184930251430185740e-07
6.540000000000000000e+02 6.550000000000000000e+02 5.337338115607284485e-08 1.351805712112006014e-07 6.115822623842791290e-08 9.175889014917040917e-08
6.550000000000000000e+02 6.560000000000000000e+02 4.222828302606564585e-08 1.259092531277127531e-07 5.093877645806901066e-08 7.011092748292499368e-08
6.560000000000000000e+02 6.570000000000000000e+02 3.454103576380628835e-08 1.536726056808854747e-07 3.808659958031663540e-08 5.587826264778040078e-08
6.570000000000000000e+02 6.580000000000000000e+02 2.786285865092556037e-08 1.220061032270373783e-07 2.992803688288459607e-08 4.621846613219079433e-08
6.580000000000000000e+02 6.590000000000000000e+02 2.421779907959733809e-08 1.248768927681237474e-07 2.434463139397994055e-08 8.441604835307828087e-08
6.590000000000000000e+02 6.600000000000000000e+02 5.780026495379652837e-04 3.976485663020853586e-03 6.081271304364956298e-05 1.916163942667199749e-03
6.600000000000000000e+02 6.610000000000000000e+02 1.076049472289456659e-04 4.838571446179586936e-04 8.885850142062430248e-06 1.619143035406354252e-04
6.610000000000000000e+02 6.620000000000000000e+02 4.248185108278339282e-05 1.802499336017485913e-04 5.464413250104086092e-06 5.257235725539380388e-05
6.620000000000000000e+02 6.630000000000000000e+02 2.202892456074404841e-05 8.638163910464096611e-05 4.565324818499729289e-06 2.954527688142449156e-05
6.630000000000000000e+02 6.640000000000000000e+02 1.211625212528947459e-05 4.678131983796549086e-05 3.710713533755381194e-06 1.677521813057738365e-05
6.640000000000000000e+02 6.650000000000000000e+02 6.916293347027651251e-06 2.561617166151560258e-05 2.844490632323615229e-06 1.074798947891722360e-05
6.650000000000000000e+02 6.660000000000000000e+02 4.190506391336800568e-06 1.420348617250823657e-05 2.138595676017842892e-06 7.671994550556745769e-06
6.660000000000000000e+02 6.670000000000000000e+02 5.464539266835060003e-06 3.842896585244316872e-05 1.684732403070793803e-06 5.671603474437244912e-06
6.670000000000000000e+02 6.680000000000000000e+02 1.876806914610869849e-06 5.318723479522900269e-06 1.302462117218222297e-06 4.155532376678331921e-06
6.680000000000000000e+02 6.690000000000000000e+02 1.339523660122350847e-06 3.507439378743441651e-06 9.524680156172014667e-07 3.041482337974673826e-06
6.690000000000000000e+02 6.700000000000000000e+02 9.733361157785485285e-07 2.425218099696767390e-06 6.818680153103648393e-07 2.269225278148361866e-06
6.700000000000000000e+02 6.710000000000000000e+02 7.195376859226006372e-07 1.732866794917051227e-06 4.846515198152278063e-07 1.690290953469167996e-06
6.710000000000000000e+02 6.720000000000000000e+02 5.363357184114187539e-07 1.285196531922603119e-06 3.405669360235224103e-07 1.253825245298781298e-06
6.720000000000000000e+02 6.730000000000000000e+02 3.979116776218906265e-07 9.513901965494011545e-07 2.370361191073329055e-07 9.291136992682667271e-07
6.730000000000000000e+02 6.740000000000000000e+02 2.984404318872276179e-07 7.063266588945941112e-07 1.645848615555762552e-07 6.927372950473927930e-07
6.740000000000000000e+02 6.750000000000000000e+02 2.290735367233667074e-07 5.338299775028301827e-07 1.142024836071961614e-07 5.208798297684340648e-07
6.750000000000000000e+02 6.760000000000000000e+02 1.747461976000357792e-07 4.008210462738253646e-07 7.983846485669758554e-08 3.971060941307112187e-07
6.760000000000000000e+02 6.770000000000000000e+02 1.344281027801041266e-07 3.213870155592658046e-07 5.577990683985451211e-08 3.008734728067776686e-07
6.770000000000000000e+02 6.780000000000000000e+02 1.088992593426864499e-07 3.130853531303200795e-07 4.817145069018657878e-08 2.239996783269517702e-07
6.780000000000000000e+02 6.790000000000000000e+02 8.766269420681089996e-08 2.146905671473272372e-07 3.829289102737233871e-08 1.721041768940509193e-07
6.790000000000000000e+02 6.800000000000000000e+02 7.009716221347314863e-08 1.846166789650224014e-07 3.615273777325869208e-08 1.348665918669650201e-07
6.800000000000000000e+02 6.810000000000000000e+02 5.457195276766419173e-08 1.161410570844693043e-07 3.283904352407394633e-08 1.045301426643861568e-07
6.810000000000000000e+02 6.820000000000000000e+02 4.677087534773305680e-08 2.169699677142668353e-07 2.700956788311063078e-08 2.033461726222178184e-07
6.820000000000000000e+02 6.830000000000000000e+02 3.773087280432053771e-08 1.370339672893321817e-07 2.326703510637806422e-08 1.363518506392816668e-07
6.830000000000000000e+02 6.840000000000000000e+02 3.204191900412037917e-08 1.101762936806252490e-07 1.815430314899918573e-08 9.451505907587248514e-08
6.840000000000000000e+02 6.850000000000000000e+02 2.595454184708065811e-08 1.288080625626180615e-07 1.662048045570006625e-08 6.820455818404357587e-08
6.850000000000000000e+02 6.860000000000000000e+02 2.316909279833255974e-08 1.296498926587331075e-07 1.779276960564212476e-08 5.017833195466845865e-08
6.860000000000000000e+02 6.870000000000000000e+02 1.811434938931636829e-08 1.143126760057586348e-07 1.456399801369039329e-08 3.830542369799394370e-08
6.870000000000000000e+02 6.880000000000000000e+02 1.971326142811884672e-08 1.829698231439329170e-07 3.344926762806955672e-08 6.314542743485349455e-08
6.880000000000000000e+02 6.890000000000000000e+02 1.525849603364692402e-08 1.289847213589739199e-07 2.615844727309545462e-08 4.383156730552313894e-08
6.890000000000000000e+02 6.900000000000000000e+02 3.163623597459668934e-04 3.218759704458948497e-03 7.085062132871772494e-05 1.428449013275637626e-04
6.900000000000000000e+02 6.910000000000000000e+02 8.040214261477045049e-05 5.521260796236209618e-04 1.432121093423632991e-04 2.638754276193026557e-04
6.910000000000000000e+02 6.920000000000000000e+02 5.247160366389196496e-05 2.280403447057797539e-04 1.088018033148200226e-04 1.293393708657145655e-04
6.920000000000000000e+02 6.930000000000000000e+02 4.734446697255388636e-05 1.874948793805585154e-04 6.844837466563550427e-05 7.237212597008019655e-05
6.930000000000000000e+02 6.940000000000000000e+02 2.959702622890761061e-05 8.682069847486476445e-05 5.113552685439876918e-05 5.230388635722154348e-05
6.940000000000000000e+02 6.950000000000000000e+02 2.073901309926134626e-05 5.576619567953742791e-05 4.001357178796122855e-05 4.253069915210165873e-05
6.950000000000000000e+02 6.960000000000000000e+02 1.511930973372254522e-05 3.941347687756981892e-05 3.132202943801984808e-05 3.369339495985739218e-05
6.960000000000000000e+02 6.970000000000000000e+02 1.130943109934215380e-05 2.824475089619304637e-05 2.463528617077195520e-05 2.670106327058305513e-05
6.970000000000000000e+02 6.980000000000000000e+02 8.639145184027380775e-06 2.151269053960125233e-05 1.943535135645279208e-05 2.110453196264491714e-05
6.980000000000000000e+02 6.990000000000000000e+02 6.742584598227683164e-06 1.688205243099719847e-05 1.533537197086433225e-05 1.667608864507368391e-05
6.990000000000000000e+02 7.000000000000000000e+02 5.312735756485585012e-06 1.325411088062902144e-05 1.208994468585772024e-05 1.315543761254046539e-05
7.000000000000000000e+02 7.010000000000000000e+02 4.231673494123265590e-06 1.045968726048331101e-05 9.561669860454952207e-06 1.037488306489869343e-05
7.010000000000000000e+02 7.020000000000000000e+02 3.398586743980533636e-06 8.278540047483237086e-06 7.596742478243367573e-06 8.225604542660787583e-06
7.020000000000000000e+02 7.030000000000000000e+02 2.757327253846379378e-06 6.616147491588208973e-06 6.043749905207424311e-06 6.534154589897078584e-06
7.030000000000000000e+02 7.040000000000000000e+02 2.224481321794329656e-06 5.199537508390902367e-06 4.814907920429884665e-06 5.190746090929258909e-06
7.040000000000000000e+02 7.050000000000000000e+02 1.809666549198731194e-06 4.132710560845413023e-06 3.845146345454437961e-06 4.131774095542225313e-06
7.050000000000000000e+02 7.060000000000000000e+02 1.476933875241247641e-06 3.291429993460150021e-06 3.077397553126173054e-06 3.295568373788656062e-06
7.060000000000000000e+02 7.070000000000000000e+02 1.206788897602416070e-06 2.627693130440116326e-06 2.467038018620150835e-06 2.632848223638577008e-06
7.070000000000000000e+02 7.080000000000000000e+02 9.863073965006332377e-07 2.101148915547104695e-06 1.984766800732707947e-06 2.107485124053223714e-06
7.080000000000000000e+02 7.090000000000000000e+02 8.075093501339178484e-07 1.681109087948462939e-06 1.596820686339843993e-06 1.690522396316767964e-06
7.090000000000000000e+02 7.100000000000000000e+02 6.610600211896691411e-07 1.379569955947210111e-06 1.286267970169733899e-06 1.358012009216816933e-06
7.100000000000000000e+02 7.110000000000000000e+02 5.472802710774600428e-07 1.288079757847545133e-06 1.037086306553916850e-06 1.092484749700498333e-06
7.110000000000000000e+02 7.120000000000000000e+02 4.434929220606984020e-07 8.766137367108539374e-07 8.353156203472839169e-07 8.798537716433047431e-07
7.120000000000000000e+02 7.130000000000000000e+02 3.629746818769338062e-07 7.052847980298458020e-07 6.746080410076243731e-07 7.081240510522490635e-07
7.130000000000000000e+02 7.140000000000000000e+02 2.971160977895851408e-07 5.694189689073365990e-07 5.460560470931384339e-07 5.716321732031289681e-07
7.140000000000000000e+02 7.150000000000000000e+02 2.449908708654287077e-07 4.605920407742873346e-07 4.426953602569047920e-07 4.623667549696003167e-07
7.150000000000000000e+02 7.160000000000000000e+02 1.999183486357761496e-07 3.728587171942437358e-07 3.591582800353125412e-07 3.741137844833065389e-07
7.160000000000000000e+02 7.170000000000000000e+02 1.644016479548452417e-07 3.021472488037458168e-07 2.915640743526007642e-07 3.031007607652242934e-07
7.170000000000000000e+02 7.180000000000000000e+02 1.350108886602095947e-07 2.493679307499125970e-07 2.367556310124849653e-07 2.456730907677491690e-07
7.180000000000000000e+02 7.190000000000000000e+02 1.127930508297790108e-07 2.196717376158280339e-07 1.937065042491883343e-07 2.189794699485471450e-07
7.190000000000000000e+02 7.200000000000000000e+02 1.489913521574238488e-03 1.004713016600431406e-02 1.940475914987636972e-03 3.218554528801789022e-03
7.200000000000000000e+02 7.210000000000000000e+02 1.701388219149203905e-04 1.013666565330635693e-03 2.967703485706312547e-04 5.916299283140525646e-04
7.210000000000000000e+02 7.220000000000000000e+02 8.067365558272161850e-05 3.040500105233813651e-04 6.228740716980368710e-05 1.850974514344524622e-04
7.220000000000000000e+02 7.230000000000000000e+02 4.411834478165674322e-05 1.583025275756938283e-04 3.802070333650633710e-05 9.129103133273244665e-05
7.230000000000000000e+02 7.240000000000000000e+02 2.768691680422554662e-05 8.475417133704460436e-05 3.313210211260327889e-05 5.956819133633784239e-05
7.240000000000000000e+02 7.250000000000000000e+02 1.976435585859648547e-05 5.907857633797258492e-05 2.815656380100026702e-05 4.072706436057445815e-05
7.250000000000000000e+02 7.260000000000000000e+02 1.530273613312482442e-05 4.600017340293376946e-05 3.510359057196559072e-05 4.751445395362092919e-05
7.260000000000000000e+02 7.270000000000000000e+02 1.263572038073553611e-05 4.055006112526540193e-05 3.215328396112216233e-05 3.883517964688986963e-05
7.270000000000000000e+02 7.280000000000000000e+02 9.652612277970001891e-06 3.079960299628491745e-05 2.592146067430451447e-05 3.079188040085077086e-05
7.280000000000000000e+02 7.290000000000000000e+02 7.262687845499557795e-06 2.370933166004988369e-05 1.928748293784897247e-05 2.335598691704322193e-05
7.290000000000000000e+02 7.300000000000000000e+02 5.715608473264902452e-06 2.268530712925085496e-05 1.481389109552425510e-05 1.774734268023951564e-05
7.300000000000000000e+02 7.310000000000000000e+02 4.433795631624678902e-06 1.448829256178589100e-05 1.189682515658476990e-05 1.419390060557975438e-05
7.310000000000000000e+02 7.320000000000000000e+02 3.398727088665758333e-06 1.139692642224484040e-05 9.499268248683719764e-06 1.120196517208983371e-05
7.320000000000000000e+02 7.330000000000000000e+02 2.616759561963462956e-06 8.820036869886787654e-06 7.358437990191644262e-06 8.662008044023183494e-06
7.330000000000000000e+02 7.340000000000000000e+02 2.080382039055763762e-06 6.832668950570107437e-06 6.205879160474449363e-06 6.797445361805630014e-06
7.340000000000000000e+02 7.350000000000000000e+02 1.667298260761945254e-06 5.468106433676601598e-06 4.916472569311164521e-06 5.410564844727244144e-06
7.350000000000000000e+02 7.360000000000000000e+02 1.307649723475352813e-06 4.218402172617084644e-06 3.704986272669241858e-06 4.189748930928881876e-06
7.360000000000000000e+02 7.370000000000000000e+02 1.050999162628670082e-06 3.288773733851579896e-06 2.868171913621657376e-06 3.255449316337701400e-06
7.370000000000000000e+02 7.380000000000000000e+02 8.382547943562472393e-07 2.569357894149161083e-06 2.241571886526517096e-06 2.540391561824260093e-06
7.380000000000000000e+02 7.390000000000000000e+02 6.601629968258423721e-07 2.009644352281581014e-06 1.751189587751146578e-06 1.985333391603737102e-06
7.390000000000000000e+02 7.400000000000000000e+02 5.259580349123335177e-07 1.571087028370070429e-06 1.376290385498213151e-06 1.553339732241676438e-06
7.400000000000000000e+02 7.410000000000000000e+02 4.289444630408338352e-07 1.230353670024611999e-06 1.087238077909489662e-06 1.217388589769265570e-06
7.410000000000000000e+02 7.420000000000000000e+02 3.513173270948153761e-07 9.874404416993545708e-07 8.801140410599725319e-07 9.655502400058691284e-07
7.420000000000000000e+02 7.430000000000000000e+02 2.833598499757408732e-07 7.680042841700526347e-07 7.066043123708097549e-07 7.680924624382515398e-07
7.430000000000000000e+02 7.440000000000000000e+02 2.277954642330859159e-07 6.092532580208781899e-07 5.594588950888029045e-07 6.092280652042846320e-07
7.440000000000000000e+02 7.450000000000000000e+02 1.998065886893952964e-07 7.047633482666824348e-07 4.421149771829887442e-07 4.839757509594845766e-07
7.450000000000000000e+02 7.460000000000000000e+02 1.579888778029826580e-07 3.833831402120352605e-07 3.580713283390744118e-07 3.843427443645175720e-07
7.460000000000000000e+02 7.470000000000000000e+02 1.315431251005229640e-07 3.113928734829601643e-07 2.992144443268396446e-07 3.133164352109940949e-07
7.470000000000000000e+02 7.480000000000000000e+02 1.078040396834087469e-07 2.581909111035419762e-07 2.409668353662821133e-07 2.535624243792685913e-07
7.480000000000000000e+02 7.490000000000000000e+02 8.689569716171351732e-08 2.023992341789723309e-07 1.916478300447532128e-07 2.030576331258847227e-07
7.490000000000000000e+02 7.500000000000000000e+02 8.346266417687434958e-04 1.124281428551494703e-02 4.474217243478990284e-05 1.200897816313864627e-03
7.500000000000000000e+02 7.510000000000000000e+02 5.102079636216656186e-05 3.400306856737421858e-04 1.042586339778068707e-05 1.601603781678949054e-04
7.510000000000000000e+02 7.520000000000000000e+02 3.094431053392537705e-05 1.344425882382678538e-04 8.003330018949597982e-06 5.518051396587407554e-05
7.520000000000000000e+02 7.530000000000000000e+02 1.693785839427312633e-05 5.593864137978927749e-05 5.762703180389884184e-06 3.792145705261224713e-05
7.530000000000000000e+02 7.540000000000000000e+02 1.072625122944623487e-05 3.039893000691739960e-05 4.115616554131979324e-06 2.750874326467734257e-05
7.540000000000000000e+02 7.550000000000000000e+02 7.640928486462015998e-06 2.090145276826318107e-05 2.978503871799160031e-06 2.002642751043646959e-05
7.550000000000000000e+02 7.560000000000000000e+02 5.626370214726282244e-06 1.522260560134263927e-05 2.177857694067752466e-06 1.477883651660988719e-05
7.560000000000000000e+02 7.570000000000000000e+02 4.469006801234544597e-06 1.806118733853169316e-05 8.570566510481811406e-06 1.391626996398970257e-05
7.570000000000000000e+02 7.580000000000000000e+02 3.310078669239081290e-06 1.066287497900189819e-05 1.579104328057732788e-06 8.205154703269089162e-06
7.580000000000000000e+02 7.590000000000000000e+02 2.532043216110009807e-06 8.142989175131132577e-06 1.983896344726721284e-06 6.117322157425621010e-06
7.590000000000000000e+02 7.600000000000000000e+02 1.942247921789700139e-06 4.662748930095480614e-06 1.663556172244323781e-06 4.567343634624649504e-06
7.600000000000000000e+02 7.610000000000000000e+02 1.504938798441408889e-06 3.488238922597692137e-06 1.035650424664282243e-06 3.416088960553392854e-06
7.610000000000000000e+02 7.620000000000000000e+02 1.170055533608929847e-06 2.609791296795867672e-06 7.887135309192447493e-07 2.569274640462460534e-06
7.620000000000000000e+02 7.630000000000000000e+02 9.120716435672811174e-07 1.967189955133010084e-06 6.607762101123232205e-07 1.939608505659494630e-06
7.630000000000000000e+02 7.640000000000000000e+02 7.147905127372547389e-07 1.490114895544313181e-06 5.646826114476710937e-07 1.473847388476545534e-06
7.640000000000000000e+02 7.650000000000000000e+02 5.630153274274525937e-07 1.134134644482868671e-06 4.816762827621886433e-07 1.120997957723422087e-06
7.650000000000000000e+02 7.660000000000000000e+02 4.466082265627049217e-07 8.687197426396433655e-07 4.091824070586968536e-07 8.610171639586375805e-07
7.660000000000000000e+02 7.670000000000000000e+02 3.560904328384658308e-07 6.703018326763954487e-07 3.457087084804580667e-07 6.666591678914878944e-07
7.670000000000000000e+02 7.680000000000000000e+02 2.859922739631195756e-07 5.247609134541276340e-07 2.912768386840476777e-07 5.200938594109925254e-07
7.680000000000000000e+02 7.690000000000000000e+02 2.512095594482509731e-07 8.777838114250991776e-07 2.436512361136731168e-07 4.121312863184781196e-07
7.690000000000000000e+02 7.700000000000000000e+02 1.973559708638254888e-07 8.137148431093273801e-07 2.135068035451100987e-07 3.250767782667325894e-07
7.700000000000000000e+02 7.710000000000000000e+02 1.529981817546401545e-07 2.559813524087027945e-07 1.991672838243195406e-07 2.536845276738062818e-07
7.710000000000000000e+02 7.720000000000000000e+02 1.260179970516412161e-07 2.224951228844059738e-07 1.668352246008809012e-07 2.193390390713990396e-07
7.720000000000000000e+02 7.730000000000000000e+02 1.041125872017825822e-07 1.959165533926466091e-07 1.404153062872969282e-07 1.706894557625164069e-07
7.730000000000000000e+02 7.740000000000000000e+02 8.500224533952587549e-08 1.650413336256753048e-07 1.164635531835065609e-07 1.347391741431056562e-07
7.740000000000000000e+02 7.750000000000000000e+02 7.028550878559087151e-08 1.845744463088395405e-07 9.635570565395102721e-08 1.100546674815749158e-07
7.750000000000000000e+02 7.760000000000000000e+02 5.806905823575963072e-08 1.845744944922491351e-07 7.971064473484613055e-08 8.774019359740492830e-08
7.760000000000000000e+02 7.770000000000000000e+02 4.641743240835098735e-08 1.674621143200764768e-07 6.325271422221947636e-08 7.255859525764961636e-08
7.770000000000000000e+02 7.780000000000000000e+02 3.733877737769167297e-08 1.293283471954831008e-07 5.408852755710119956e-08 5.892770696794982761e-08
7.780000000000000000e+02 7.790000000000000000e+02 3.102328049028087034e-08 8.493327019248570638e-08 4.375954360494445841e-08 4.706109672672076247e-08
7.790000000000000000e+02 7.800000000000000000e+02 3.507216077192510696e-03 1.822989492845642628e-02 5.731243505536076990e-03 9.120116450602882424e-03
7.800000000000000000e+02 7.810000000000000000e+02 1.228161958696722886e-03 6.935181625966797825e-03 1.489837383007013190e-03 2.758365117653312475e-03
7.810000000000000000e+02 7.820000000000000000e+02 4.696344665836394783e-04 2.196259324250283192e-03 8.659212104651413736e-04 1.509171223182732618e-03
7.820000000000000000e+02 7.830000000000000000e+02 1.131775409736845810e-04 4.236832214939091536e-04 2.441690681774718328e-04 3.720922215633095569e-04
7.830000000000000000e+02 7.840000000000000000e+02 8.013039500773450931e-05 2.712961256692575786e-04 1.777913154884579010e-04 2.428447251902276192e-04
7.840000000000000000e+02 7.850000000000000000e+02 5.861928608709719756e-05 1.666881105795339876e-04 1.334108662703211128e-04 1.582156956282130341e-04
7.850000000000000000e+02 7.860000000000000000e+02 4.302154899256287662e-05 1.070449153045553752e-04 1.011197242179994458e-04 1.044727901795042925e-04
7.860000000000000000e+02 7.870000000000000000e+02 4.592541712370718220e-05 1.481990591228657915e-04 7.754380733892359163e-05 8.098252720409071818e-05
7.870000000000000000e+02 7.880000000000000000e+02 3.012942207747568802e-05 9.154468230847490019e-05 6.052222851238041920e-05 6.427024462047129221e-05
7.880000000000000000e+02 7.890000000000000000e+02 2.134146777958601280e-05 5.197052267468111589e-05 4.735470154388523429e-05 5.156455857853373110e-05
7.890000000000000000e+02 7.900000000000000000e+02 1.659013286765951054e-05 4.109371610455706230e-05 3.762899358533237655e-05 4.098334901870363789e-05
7.900000000000000000e+02 7.910000000000000000e+02 1.333758948039644102e-05 3.618776760103881347e-05 3.015530724682632740e-05 3.266340295947872771e-05
7.910000000000000000e+02 7.920000000000000000e+02 1.074922254467663784e-05 2.614385544054604978e-05 2.418663838476932458e-05 2.608551234515491359e-05
7.920000000000000000e+02 7.930000000000000000e+02 8.719133663049757167e-06 2.094851510256532100e-05 1.948572709795276975e-05 2.094883214246544544e-05
7.930000000000000000e+02 7.940000000000000000e+02 7.125414505881425867e-06 1.682811147400527425e-05 1.570409660013124571e-05 1.681534228481523134e-05
7.940000000000000000e+02 7.950000000000000000e+02 5.776110432217529281e-06 1.345332123494459776e-05 1.266133511384759369e-05 1.350944469315296484e-05
7.950000000000000000e+02 7.960000000000000000e+02 4.716593839373472146e-06 1.083258540892177329e-05 1.021292016589082483e-05 1.085766100114717337e-05
7.960000000000000000e+02 7.970000000000000000e+02 3.853124792803119101e-06 8.705810400795458139e-06 8.228922702811503810e-06 8.735680037357863338e-06
7.970000000000000000e+02 7.980000000000000000e+02 3.150472296317096562e-06 7.005863035216000151e-06 6.637197731952177777e-06 7.031034502806477123e-06
7.980000000000000000e+02 7.990000000000000000e+02 2.581957289523486246e-06 5.621811740843057747e-06 5.356040745682221451e-06 5.663027110164366862e-06
7.990000000000000000e+02 8.000000000000000000e+02 2.112397265223706505e-06 4.572302049935862518e-06 4.323951649276910174e-06 4.563868605778070045e-06
8.000000000000000000e+02 8.010000000000000000e+02 1.735135416723209495e-06 3.666671483725662420e-06 3.493559710171651290e-06 3.680178665888466349e-06
8.010000000000000000e+02 8.020000000000000000e+02 1.418471309388141895e-06 2.958691380652555674e-06 2.823913362824573610e-06 2.969310743223260309e-06
8.020000000000000000e+02 8.030000000000000000e+02 1.168090736570124902e-06 2.543087817921039499e-06 2.290236763131889127e-06 2.400361696523575516e-06
8.030000000000000000e+02 8.040000000000000000e+02 9.574797090742520974e-07 1.935816372647725937e-06 1.870014538785211293e-06 1.945577415578085986e-06
8.040000000000000000e+02 8.050000000000000000e+02 7.865688852293673242e-07 1.574306413682677405e-06 1.518062760759232618e-06 1.579493779662755703e-06
8.050000000000000000e+02 8.060000000000000000e+02 6.436307237723919034e-07 1.275791129303496600e-06 1.227791121798163383e-06 1.278826571429085159e-06
8.060000000000000000e+02 8.070000000000000000e+02 5.283622200729690899e-07 1.031909568151298085e-06 9.930330893529841733e-07 1.034684876942414578e-06
8.070000000000000000e+02 8.080000000000000000e+02 4.333328484886785969e-07 8.350717826985388385e-07 8.042118569229320580e-07 8.373526019755318976e-07
8.080000000000000000e+02 8.090000000000000000e+02 3.566218660460601353e-07 6.762119986131794190e-07 6.518726719251218950e-07 6.783343084206275322e-07
8.090000000000000000e+02 8.100000000000000000e+02 6.811618744541922225e-04 7.330779530075159922e-03 4.123685940531326738e-05 7.266620637193418582e-04
8.100000000000000000e+02 8.110000000000000000e+02 2.988405332292684439e-04 2.469556166384375383e-03 1.894081656357106795e-05 3.437902440805720109e-04
8.110000000000000000e+02 8.120000000000000000e+02 9.798942097245273838e-05 1.039050439026578893e-03 8.745388329754578098e-06 1.099952531318887475e-04
8.120000000000000000e+02 8.130000000000000000e+02 2.822703719587561400e-05 1.117975316590195034e-04 1.484638147778272229e-05 4.076801980345642787e-05
8.130000000000000000e+02 8.140000000000000000e+02 1.227089606356024148e-05 5.234028090890448541e-05 1.703533227836867762e-05 3.241972730281586886e-05
8.140000000000000000e+02 8.150000000000000000e+02 6.713076571445590971e-06 2.627555682388740192e-05 1.248219286148165083e-05 2.266702422291671409e-05
8.150000000000000000e+02 8.160000000000000000e+02 4.423835523967132166e-06 1.492674410576917449e-05 8.388722342406994021e-06 1.335222204296229291e-05
8.160000000000000000e+02 8.170000000000000000e+02 2.826988729707167776e-06 8.116116999224136391e-06 5.678295651059272736e-06 7.429794191836779821e-06
8.170000000000000000e+02 8.180000000000000000e+02 1.813444412807522706e-06 4.509553454986639138e-06 3.989502402999507892e-06 4.254174194531846115e-06
8.180000000000000000e+02 8.190000000000000000e+02 1.230435526084334645e-06 3.238720008597989758e-06 2.926122534860119216e-06 3.176020608556487904e-06
8.190000000000000000e+02 8.200000000000000000e+02 8.910676020908527880e-07 2.523005889314217779e-06 2.217333326780808429e-06 2.482521815809999387e-06
8.200000000000000000e+02 8.210000000000000000e+02 6.720042563656794384e-07 1.958032108170348637e-06 1.714124843384383172e-06 1.938129741514641461e-06
8.210000000000000000e+02 8.220000000000000000e+02 5.225774569325986750e-07 1.525746922771214411e-06 1.341319232751542333e-06 1.513856385695426431e-06
8.220000000000000000e+02 8.230000000000000000e+02 4.252855279465488287e-07 1.199210833830967174e-06 1.061297069893829151e-06 1.190254126362652596e-06
8.230000000000000000e+02 8.240000000000000000e+02 3.565906299030092759e-07 1.446139002793468526e-06 8.434169966150444665e-07 1.361212219330783466e-06
8.240000000000000000e+02 8.250000000000000000e+02 2.865531109407909055e-07 8.878709262705181759e-07 6.741640913435348715e-07 8.842953485756912465e-07
8.250000000000000000e+02 8.260000000000000000e+02 2.874151484663934839e-07 1.837468962798716542e-06 5.448890861286544288e-07 1.534378939577813711e-06
8.260000000000000000e+02 8.270000000000000000e+02 3.239075660143834185e-07 1.422379413127365906e-06 4.368110643839007958e-07 1.127691387961970882e-06
8.270000000000000000e+02 8.280000000000000000e+02 3.164336861897759970e-07 8.967542119760834546e-07 3.509048562732471493e-07 8.278816449559613383e-07
8.280000000000000000e+02 8.290000000000000000e+02 2.918060912331949716e-07 1.053554464041913891e-06 2.990617197986621460e-07 6.464914366901951970e-07
8.290000000000000000e+02 8.300000000000000000e+02 2.527507360048139593e-07 6.551707345135570540e-07 2.988295839152942795e-07 5.172510993343639985e-07
8.300000000000000000e+02 8.310000000000000000e+02 2.225065532111879603e-07 6.638252907099122328e-07 2.805422060867998646e-07 4.158580895297817555e-07
8.310000000000000000e+02 8.320000000000000000e+02 1.247810007396097303e-06 1.380154626182194882e-05 3.649898174007379172e-07 5.512282824935528717e-07
8.320000000000000000e+02 8.330000000000000000e+02 4.104729935274262405e-07 2.127478389228739364e-06 9.920413493592503414e-07 1.503410769981766532e-06
8.330000000000000000e+02 8.340000000000000000e+02 3.015430039300075334e-05 3.387837220603492818e-04 1.716687940184124098e-06 4.635733183896100003e-06
8.340000000000000000e+02 8.350000000000000000e+02 3.437181719165577749e-06 1.748146373410184998e-05 3.887478819456262745e-06 1.295531118051063188e-05
8.350000000000000000e+02 8.360000000000000000e+02 2.434904765365877998e-06 9.894020117384870250e-06 4.466550740825963182e-06 9.223612957223229999e-06
8.360000000000000000e+02 8.370000000000000000e+02 1.849012203402444738e-06 6.442138229339457124e-06 4.055375965234604531e-06 6.313620215428507355e-06
8.370000000000000000e+02 8.380000000000000000e+02 1.377059982524624902e-06 4.355875253503993072e-06 3.394454880258524705e-06 4.254154830253080433e-06
8.380000000000000000e+02 8.390000000000000000e+02 1.039824930883793323e-06 3.090368117051929846e-06 2.764394345387179056e-06 3.008393654760225544e-06
8.390000000000000000e+02 8.400000000000000000e+02 6.125802727618490703e-04 3.694180984339767715e-03 3.300203774702102958e-04 7.021393458799011708e-04
8.400000000000000000e+02 8.410000000000000000e+02 3.143495245680448806e-04 2.096992068404845803e-03 2.535069788773508894e-04 4.174252989128987958e-04
8.410000000000000000e+02 8.420000000000000000e+02 5.447997977395447098e-05 3.023885951863037854e-04 7.528459088552581758e-05 1.024640816139649354e-04
8.420000000000000000e+02 8.430000000000000000e+02 3.440650121453696505e-05 2.110049189877167500e-04 8.693337199449960545e-05 1.368776200615843370e-04
8.430000000000000000e+02 8.440000000000000000e+02 2.236484449712145150e-05 1.186325879823206270e-04 5.357061658015576473e-05 9.425622045378940605e-05
8.440000000000000000e+02 8.450000000000000000e+02 4.205095230790322863e-05 1.956117876628664842e-04 2.826118756112934682e-05 5.278366777835648207e-05
8.450000000000000000e+02 8.460000000000000000e+02 1.479194109337215545e-05 1.122259042581620592e-04 1.176488774696085556e-05 2.807350343771779721e-05
8.460000000000000000e+02 8.470000000000000000e+02 3.458241747146197667e-05 1.711436167324678409e-04 7.182450170610888345e-06 1.377529695237853565e-05
8.470000000000000000e+02 8.480000000000000000e+02 4.591144490818199308e-06 4.666696318494260794e-05 3.878871170027669668e-06 7.852012079038700766e-06
8.480000000000000000e+02 8.490000000000000000e+02 3.302582921164319362e-05 1.661410057913668373e-04 4.663815588800914900e-06 5.626092779893809890e-06
8.490000000000000000e+02 8.500000000000000000e+02 3.212427602740138141e-05 1.638608491175107804e-04 9.650182755010733357e-07 3.047989115706143718e-06
8.500000000000000000e+02 8.510000000000000000e+02 1.175523419288591098e-05 1.038112994122571803e-04 1.311517080640597230e-06 2.225156265007237425e-06
8.510000000000000000e+02 8.520000000000000000e+02 1.304731086621138451e-05 1.024183833606783200e-04 2.766098080409308657e-06 3.771597208888195844e-06
8.520000000000000000e+02 8.530000000000000000e+02 3.111148445855508731e-05 1.583135245639218547e-04 9.468674739093261321e-07 2.593441864970945661e-06
8.530000000000000000e+02 8.540000000000000000e+02 3.173221846171148987e-05 1.615486296204290007e-04 8.052035074231191623e-07 2.265236303773502874e-06
8.540000000000000000e+02 8.550000000000000000e+02 3.425344112396405893e-06 4.526018696061639187e-05 7.443122427230703694e-07 1.056907065610643522e-06
8.550000000000000000e+02 8.560000000000000000e+02 3.106014608614324749e-05 1.585523036383357839e-04 5.963522401628868601e-07 2.381364081352697972e-06
8.560000000000000000e+02 8.570000000000000000e+02 3.170854643582897393e-05 1.611997800484279498e-04 9.274370860076214596e-07 2.111588527325477732e-06
8.570000000000000000e+02 8.580000000000000000e+02 1.179576746850062436e-05 1.044040028660006347e-04 1.621968536451373158e-06 3.613841465871876834e-06
8.580000000000000000e+02 8.590000000000000000e+02 3.285817120172966887e-05 1.673512417653998997e-04 2.620590255282127048e-06 4.351898116365207725e-06
8.590000000000000000e+02 8.600000000000000000e+02 3.175070078287747322e-05 1.618580628501228597e-04 7.918559136633354782e-07 2.006338166723277115e-06
8.600000000000000000e+02 8.610000000000000000e+02 1.163323487656131915e-05 1.041417995000524566e-04 1.699265890054293239e-06 2.317661075542526083e-06
8.610000000000000000e+02 8.620000000000000000e+02 3.284438850206261199e-05 1.671910788091384337e-04 2.566587690012188110e-06 3.455481602724132024e-06
8.620000000000000000e+02 8.630000000000000000e+02 3.170081327978469492e-05 1.618637336962563294e-04 8.237452050706260550e-07 2.084399828782879640e-06
8.630000000000000000e+02 8.640000000000000000e+02 1.163836835715458914e-05 1.041851437823785063e-04 1.716512291697571028e-06 2.336303185035274252e-06
8.640000000000000000e+02 8.650000000000000000e+02 3.284486607551061714e-05 1.672104772224711959e-04 2.545012049153242836e-06 3.413701097942261987e-06
8.650000000000000000e+02 8.660000000000000000e+02 3.169823055920675695e-05 1.618599902371859877e-04 8.182531796615004940e-07 2.233830675284416404e-06
8.660000000000000000e+02 8.670000000000000000e+02 1.163732092976995417e-05 1.041926188408248379e-04 1.719052458442909187e-06 2.338962854219614154e-06
8.670000000000000000e+02 8.680000000000000000e+02 3.284338279596504161e-05 1.672187664330724818e-04 2.545299091672856073e-06 3.414811723064103632e-06
8.680000000000000000e+02 8.690000000000000000e+02 3.170048896921387168e-05 1.618659396250988613e-04 8.218874692343798268e-07 2.265785094862975702e-06
8.690000000000000000e+02 8.700000000000000000e+02 7.845345355648439181e-04 6.152292728890538381e-03 1.590671372675620931e-03 2.768244681268312163e-03
8.700000000000000000e+02 8.710000000000000000e+02 2.257285814778133188e-04 1.940716116655761539e-03 1.847424900630947604e-04 2.882941920980163419e-04
8.710000000000000000e+02 8.720000000000000000e+02 5.887826601802406359e-05 5.138143953995151286e-04 1.760548434353560406e-04 2.634063760543472674e-04
8.720000000000000000e+02 8.730000000000000000e+02 3.241009530824269215e-05 1.904449864004010922e-04 1.005255852575022147e-04 1.505276798544998896e-04
8.730000000000000000e+02 8.740000000000000000e+02 1.686056061577493090e-05 7.826738747589636756e-05 3.858759280686600905e-05 6.428420764649010028e-05
8.740000000000000000e+02 8.750000000000000000e+02 9.316833420596179051e-06 3.070055199070771397e-05 1.351006775529393194e-05 2.647987434744078467e-05
8.750000000000000000e+02 8.760000000000000000e+02 5.858214636235527914e-06 1.512101973248315749e-05 6.418456657673238984e-06 1.325181928686895224e-05
8.760000000000000000e+02 8.770000000000000000e+02 4.229252361800312076e-06 1.011711220633170117e-05 4.622997832707837702e-06 1.007301256017780215e-05
8.770000000000000000e+02 8.780000000000000000e+02 3.353817518298245589e-06 8.900582534014354162e-06 3.584353139904102946e-06 7.345586269889499453e-06
8.780000000000000000e+02 8.790000000000000000e+02 2.584231283703785113e-06 5.422419789065550670e-06 2.760940083558427575e-06 5.336553269534979727e-06
8.790000000000000000e+02 8.800000000000000000e+02 1.977765760714096029e-06 3.994834679631472774e-06 2.513503432576694239e-06 3.614996391925830989e-06
8.800000000000000000e+02 8.810000000000000000e+02 1.485828158043667195e-06 2.869063521692990163e-06 1.617107293611841365e-06 2.346683501269199023e-06
8.810000000000000000e+02 8.820000000000000000e+02 1.111426056995011013e-06 2.102624077279549655e-06 1.200255063916961777e-06 1.867961654491139955e-06
8.820000000000000000e+02 8.830000000000000000e+02 8.617752831480621731e-07 2.627428270337163464e-06 8.148247790655640671e-07 1.423179524307527630e-06
8.830000000000000000e+02 8.840000000000000000e+02 6.675922932474292997e-07 3.105027995812420571e-06 4.031625276508237205e-07 1.132033528609690920e-06
8.840000000000000000e+02 8.850000000000000000e+02 4.909941453547923288e-07 9.490795648994722598e-07 2.527740591640384782e-07 9.182480780782873077e-07
8.850000000000000000e+02 8.860000000000000000e+02 3.813882551854095553e-07 1.337775794599481422e-06 1.468565312093976838e-07 7.475797537976407408e-07
8.860000000000000000e+02 8.870000000000000000e+02 3.364064131857771332e-07 2.061621770902442318e-06 1.280988856536220471e-07 6.075367554020191287e-07
8.870000000000000000e+02 8.880000000000000000e+02 2.477610638713494445e-07 6.505769115689106957e-07 1.074661298318186828e-07 5.218867749928361371e-07
8.880000000000000000e+02 8.890000000000000000e+02 2.294255581019555995e-07 1.689705730121408544e-06 3.194674486090340484e-07 5.830969124071113465e-07
8.890000000000000000e+02 8.900000000000000000e+02 1.633369873405959793e-07 4.732173452315566813e-07 2.095230303293538251e-07 3.955376599778096314e-07
8.900000000000000000e+02 8.910000000000000000e+02 5.706635712773664305e-05 8.264703296967215772e-04 3.246683999845320095e-06 1.491392083102172165e-05
8.910000000000000000e+02 8.920000000000000000e+02 1.991770996743689383e-05 1.052891215450986939e-04 1.019077185339736071e-06 1.292777752008905186e-05
8.920000000000000000e+02 8.930000000000000000e+02 7.502386857530874110e-06 3.789229962276402736e-05 1.443597982172316487e-06 1.064930265137269220e-05
8.930000000000000000e+02 8.940000000000000000e+02 3.816414073717431100e-06 1.517140745154241634e-05 3.466828339155923081e-06 7.961482058493333011e-06
8.940000000000000000e+02 8.950000000000000000e+02 2.309032290223452658e-06 7.886612977037508283e-06 2.811089496840064492e-06 5.175566431997846249e-06
8.950000000000000000e+02 8.960000000000000000e+02 1.404698158292866473e-06 4.412598274088867513e-06 1.724109262457463510e-06 2.820619654986310657e-06
8.960000000000000000e+02 8.970000000000000000e+02 8.759407539115841361e-07 2.446164571215341073e-06 1.058137126740243349e-06 1.521886208001005574e-06
8.970000000000000000e+02 8.980000000000000000e+02 5.759508967006329771e-07 1.428615823175452796e-06 7.247261523838117209e-07 9.965396953860638603e-07
8.980000000000000000e+02 8.990000000000000000e+02 4.041838052884442543e-07 8.945450655409434751e-07 5.366977365405818544e-07 6.830926390377094320e-07
8.990000000000000000e+02 9.000000000000000000e+02 1.294029348431873123e-03 5.545066055640409351e-03 1.856527874855544956e-03 4.219602286832709742e-03
9.000000000000000000e+02 9.010000000000000000e+02 4.655359164283847783e-04 2.376480218767032526e-03 3.601328686860349841e-04 1.609252284210088224e-03
9.010000000000000000e+02 9.020000000000000000e+02 1.368598620254912160e-04 5.669413819351430770e-04 1.643253519517792402e-04 4.304340016866376383e-04
9.020000000000000000e+02 9.030000000000000000e+02 9.365245464165361977e-05 3.238263087772289234e-04 1.436684247746494898e-04 3.000167803807502636e-04
9.030000000000000000e+02 9.040000000000000000e+02 6.333379256222832865e-05 2.138821812677981719e-04 1.182403106243812849e-04 2.015805476407073096e-04
9.040000000000000000e+02 9.050000000000000000e+02 4.448406991321618344e-05 1.425852858955177678e-04 1.008919308072031313e-04 1.294966531976469808e-04
9.050000000000000000e+02 9.060000000000000000e+02 3.259296019356474337e-05 9.084914243012906217e-05 8.124875467149259370e-05 8.706424153950820775e-05
9.060000000000000000e+02 9.070000000000000000e+02 2.596798900267722310e-05 8.602374450514905851e-05 7.280164809325204828e-05 8.934451050915493222e-05
9.070000000000000000e+02 9.080000000000000000e+02 2.125523713113924070e-05 7.348678824559875112e-05 6.122942038930913105e-05 7.296018206001618467e-05
9.080000000000000000e+02 9.090000000000000000e+02 1.691593347624239965e-05 5.864474558529353328e-05 4.968899064411911416e-05 5.813214399556524618e-05
9.090000000000000000e+02 9.100000000000000000e+02 1.366442055333602507e-05 4.646621897590466827e-05 4.000885546516916226e-05 4.618334743558990239e-05
9.100000000000000000e+02 9.110000000000000000e+02 1.121660450111102529e-05 3.700425112542740560e-05 3.274296751377145045e-05 3.703464933260928614e-05
9.110000000000000000e+02 9.120000000000000000e+02 9.196026992931705113e-06 2.944332427441898525e-05 2.619623467599655598e-05 2.944188781917680636e-05
9.120000000000000000e+02 9.130000000000000000e+02 7.627373502130447135e-06 2.350650865960889421e-05 2.163796699142262072e-05 2.354643221297658828e-05
9.130000000000000000e+02 9.140000000000000000e+02 6.287975329232639669e-06 1.891882918913985354e-05 1.752762464600065851e-05 1.900673643329138017e-05
9.140000000000000000e+02 9.150000000000000000e+02 5.153561978465632666e-06 1.518564673976295832e-05 1.408711325900271740e-05 1.527074757712297592e-05
9.150000000000000000e+02 9.160000000000000000e+02 4.250719580437267313e-06 1.224835574812146061e-05 1.131999893985922143e-05 1.227123361252932348e-05
9.160000000000000000e+02 9.170000000000000000e+02 3.486582792990831236e-06 9.813359723215384851e-06 9.108842185318792670e-06 9.862758894799317046e-06
9.170000000000000000e+02 9.180000000000000000e+02 2.855824678294001100e-06 7.912869107699734697e-06 7.335106467007641227e-06 7.931718971570588612e-06
9.180000000000000000e+02 9.190000000000000000e+02 2.330412909283218474e-06 6.352136917761363726e-06 5.905632530994001523e-06 6.380060034646210528e-06
9.190000000000000000e+02 9.200000000000000000e+02 1.940909126612152180e-06 6.048735194591035637e-06 4.779832448664432476e-06 5.107860307958621016e-06
9.200000000000000000e+02 9.210000000000000000e+02 1.589583184608657103e-06 4.182222044126079458e-06 4.053806445960742491e-06 4.193470934832936177e-06
9.210000000000000000e+02 9.220000000000000000e+02 1.311402361772653335e-06 3.560238006463120593e-06 3.254542962012977520e-06 3.409658141975910525e-06
9.220000000000000000e+02 9.230000000000000000e+02 1.065821735167558143e-06 2.746679303411773938e-06 2.579026645290302105e-06 2.744427621277812901e-06
9.230000000000000000e+02 9.240000000000000000e+02 8.677477097386960823e-07 2.205624578834205596e-06 2.059492958007591543e-06 2.207216302837760339e-06
9.240000000000000000e+02 9.250000000000000000e+02 7.094422093782582836e-07 1.771993545916780098e-06 1.655581257920608306e-06 1.776868081069969185e-06
9.250000000000000000e+02 9.260000000000000000e+02 5.773319148349096858e-07 1.426588332732408692e-06 1.334606998862156800e-06 1.431043437210082444e-06
9.260000000000000000e+02 9.270000000000000000e+02 4.724018162944775072e-07 1.149002993138583573e-06 1.076488616493218585e-06 1.152676795841284548e-06
9.270000000000000000e+02 9.280000000000000000e+02 3.875458400853208845e-07 9.253758078661665501e-07 8.681185405231386839e-07 9.283271318593294541e-07
9.280000000000000000e+02 9.290000000000000000e+02 3.196265539752228610e-07 8.275567714359699952e-07 7.038179250496732435e-07 7.478925905429795460e-07
9.290000000000000000e+02 9.300000000000000000e+02 3.020830150974625336e-04 4.503332785413842118e-03 5.323193000543163919e-05 2.948757743288488143e-04
9.300000000000000000e+02 9.310000000000000000e+02 4.123941417439352833e-05 3.838629069109654934e-04 2.641236666828063510e-05 8.525400891668891428e-05
9.310000000000000000e+02 9.320000000000000000e+02 2.451276275590175959e-05 2.036656315527066250e-04 2.411614631910408786e-05 5.239492311898452567e-05
9.320000000000000000e+02 9.330000000000000000e+02 1.504421194893137756e-05 1.196990774295940343e-04 1.968534841155094472e-05 3.429810970379099626e-05
9.330000000000000000e+02 9.340000000000000000e+02 9.439584257060829853e-06 6.913850951095550871e-05 1.588659587866593238e-05 2.219076077731867467e-05
9.340000000000000000e+02 9.350000000000000000e+02 6.203258477555835311e-06 3.826414375931518703e-05 1.287040273061327981e-05 1.477389605480203051e-05
9.350000000000000000e+02 9.360000000000000000e+02 4.387167811302876453e-06 2.123616475211581069e-05 1.040403142016729058e-05 1.153227657333405131e-05
9.360000000000000000e+02 9.370000000000000000e+02 3.305677253276254640e-06 1.330659831493767841e-05 8.395001929863422818e-06 9.245272830878888305e-06
9.370000000000000000e+02 9.380000000000000000e+02 5.797240110133986396e-06 6.453109184184350664e-05 6.323626115666578377e-06 8.118222411023720022e-06
9.380000000000000000e+02 9.390000000000000000e+02 3.085028138406388097e-06 2.473141824306942735e-05 9.006650329541957318e-06 1.101046327666401121e-05
9.390000000000000000e+02 9.400000000000000000e+02 1.626571998283455004e-06 8.387138966042835119e-06 5.470437161055717595e-06 6.644647714824745768e-06
9.400000000000000000e+02 9.410000000000000000e+02 9.761049017226816841e-07 3.496745298530011078e-06 2.288907639644528213e-06 2.622037265591782557e-06
9.410000000000000000e+02 9.420000000000000000e+02 7.033627616393494978e-07 1.869587726440106472e-06 1.309143798042869762e-06 1.717644915660318783e-06
9.420000000000000000e+02 9.430000000000000000e+02 5.683346634103220116e-07 2.625235388322544978e-06 1.108322670404568676e-06 1.330999916123677140e-06
9.430000000000000000e+02 9.440000000000000000e+02 4.295900987160702804e-07 1.005511710277459053e-06 8.140316792976024783e-07 9.104137230672611028e-07
9.440000000000000000e+02 9.450000000000000000e+02 3.446218277268243954e-07 7.142120858478355975e-07 6.467146802423477547e-07 6.932651749066140688e-07
9.450000000000000000e+02 9.460000000000000000e+02 2.807473220564158314e-07 5.500635983827023157e-07 5.174322759209649366e-07 5.483135998274006262e-07
9.460000000000000000e+02 9.470000000000000000e+02 2.235279314934772685e-07 8.984981414625510193e-07 4.183533941789240772e-07 8.415858459353540484e-07
9.470000000000000000e+02 9.480000000000000000e+02 1.725916998311779012e-07 4.164754952470780790e-07 3.291796813335177352e-07 3.644981567583592875e-07
9.480000000000000000e+02 9.490000000000000000e+02 1.415134215908434349e-07 2.908392954226799882e-07 2.640837465819846410e-07 2.916522621551514955e-07
9.490000000000000000e+02 9.500000000000000000e+02 1.166287243282427203e-07 2.403011265652921165e-07 2.156568636044152515e-07 2.353839619614503193e-07
9.500000000000000000e+02 9.510000000000000000e+02 9.615961158174322133e-08 2.159257513423876520e-07 1.761189663168009361e-07 1.898695874563588026e-07
9.510000000000000000e+02 9.520000000000000000e+02 7.871894762915940849e-08 1.519590745613110736e-07 1.437443340474060655e-07 1.532980554863854973e-07
9.520000000000000000e+02 9.530000000000000000e+02 6.438416485466666164e-08 1.343123177728139918e-07 1.175569763621467172e-07 1.242117752034105205e-07
9.530000000000000000e+02 9.540000000000000000e+02 5.238787929939005876e-08 1.157508952626420255e-07 9.374437227083745644e-08 9.858882342897335442e-08
9.540000000000000000e+02 9.550000000000000000e+02 4.301169197344941084e-08 2.592224437325642619e-07 7.447857149865567481e-08 2.421464077709357957e-07
9.550000000000000000e+02 9.560000000000000000e+02 3.384639890492973893e-08 1.227109805540606882e-07 5.713947753817956474e-08 8.435651896801155701e-08
9.560000000000000000e+02 9.570000000000000000e+02 3.312680136475563636e-08 3.315675093334500447e-07 4.607164738585145346e-08 5.303570953049825932e-08
9.570000000000000000e+02 9.580000000000000000e+02 2.362161401510662820e-08 1.359467569224768298e-07 3.737558683759566716e-08 4.188493272852178729e-08
9.580000000000000000e+02 9.590000000000000000e+02 1.570380623571818119e-06 2.738290315299191414e-05 1.565596333799329086e-07 1.223473611116377357e-06
9.590000000000000000e+02 9.600000000000000000e+02 2.873223350872543421e-04 4.186986955874437942e-03 5.592196092696934129e-04 1.007422644008240838e-03
9.600000000000000000e+02 9.610000000000000000e+02 1.131129831440193039e-04 1.249380723221538668e-03 3.803696016270095262e-04 6.560394380538135716e-04
9.610000000000000000e+02 9.620000000000000000e+02 8.768064079896651579e-05 5.765930653981751839e-04 2.844006185447427973e-04 4.849293809101390342e-04
9.620000000000000000e+02 9.630000000000000000e+02 6.726034498645295503e-05 3.619893259720720954e-04 1.817247012667674172e-04 3.011088614106205864e-04
9.630000000000000000e+02 9.640000000000000000e+02 5.269060869550217690e-05 2.338001888257930730e-04 1.332809919408390904e-04 2.020316150804855990e-04
9.640000000000000000e+02 9.650000000000000000e+02 4.127363939579628777e-05 1.569928147821723994e-04 1.029437080191273425e-04 1.411634706791632101e-04
9.650000000000000000e+02 9.660000000000000000e+02 3.246398176067232845e-05 1.087140549842918757e-04 8.159703524590012302e-05 1.013576477131232067e-04
9.660000000000000000e+02 9.670000000000000000e+02 2.538945114905683030e-05 7.767994922458300896e-05 6.525815672296552870e-05 7.499928257737990291e-05
9.670000000000000000e+02 9.680000000000000000e+02 2.001504329405086384e-05 5.665623499614754220e-05 5.198636018655375987e-05 5.604968043359114958e-05
9.680000000000000000e+02 9.690000000000000000e+02 1.587659653221852124e-05 4.262641700315328904e-05 4.140766479461289860e-05 4.266229246367836929e-05
9.690000000000000000e+02 9.700000000000000000e+02 1.268198738972282634e-05 3.423637736562843965e-05 3.310809872552784318e-05 3.413726485259824250e-05
9.700000000000000000e+02 9.710000000000000000e+02 1.017252149571629019e-05 2.769757554329806121e-05 2.652776054374060755e-05 2.762127227672654076e-05
9.710000000000000000e+02 9.720000000000000000e+02 8.210288760285947175e-06 2.233718335728901428e-05 2.126514708935479578e-05 2.233046853904343439e-05
9.720000000000000000e+02 9.730000000000000000e+02 6.657592340992431406e-06 1.801038922044767283e-05 1.706828025948730249e-05 1.802832516756972724e-05
9.730000000000000000e+02 9.740000000000000000e+02 5.489588593168562464e-06 1.605383945497354124e-05 1.371437527225506154e-05 1.453220641220784445e-05
9.740000000000000000e+02 9.750000000000000000e+02 4.407521577073201824e-06 1.169578687182079295e-05 1.107577051349383713e-05 1.173896804910538297e-05
9.750000000000000000e+02 9.760000000000000000e+02 3.601777605178816646e-06 9.410761351954981209e-06 8.937506534232207906e-06 9.464127515132004701e-06
9.760000000000000000e+02 9.770000000000000000e+02 2.947176153647286192e-06 7.637565929103604743e-06 7.209744327651983439e-06 7.635585667905100439e-06
9.770000000000000000e+02 9.780000000000000000e+02 2.413729366518560643e-06 6.139296180590010901e-06 5.810736273161986459e-06 6.157617109111042889e-06
9.780000000000000000e+02 9.790000000000000000e+02 1.990414591953674102e-06 5.030086423446508237e-06 4.690966063109367931e-06 4.965719148839625808e-06
9.790000000000000000e+02 9.800000000000000000e+02 1.635161216584667830e-06 3.994297162820425632e-06 3.788249857814011700e-06 4.006437698089788499e-06
9.800000000000000000e+02 9.810000000000000000e+02 1.454386393761012179e-06 5.816883436418567897e-06 3.064324659867092612e-06 4.401640261342354372e-06
9.810000000000000000e+02 9.820000000000000000e+02 1.192233925855728084e-06 3.239242656652447866e-06 2.472678683616393840e-06 3.119639069124617087e-06
9.820000000000000000e+02 9.830000000000000000e+02 9.418040649065941347e-07 2.192530356058541174e-06 2.001472691837056126e-06 2.122373466229568261e-06
9.830000000000000000e+02 9.840000000000000000e+02 7.617258854351725279e-07 1.701017573895946564e-06 1.619163063114530337e-06 1.706937522880907351e-06
9.840000000000000000e+02 9.850000000000000000e+02 7.743768379173740479e-07 4.000536941023697575e-06 1.316911459939287332e-06 1.704188972397078821e-06
9.850000000000000000e+02 9.860000000000000000e+02 5.750494296719921569e-07 1.501420568205636097e-06 1.059232204245149431e-06 1.455792041881302557e-06
9.860000000000000000e+02 9.870000000000000000e+02 4.850519940022729593e-07 1.066799813267237367e-06 8.568828784217768184e-07 1.043664212857696082e-06
9.870000000000000000e+02 9.880000000000000000e+02 4.041503684206603189e-07 8.041533924715008705e-07 6.957192003281733286e-07 8.022462336946292943e-07
9.880000000000000000e+02 9.890000000000000000e+02 3.302133510196639456e-07 6.221555899288075137e-07 5.623051708233336134e-07 6.214538746496529560e-07
9.890000000000000000e+02 9.900000000000000000e+02 7.667889337085880312e-05 3.808110949618402543e-04 6.880533360332741980e-06 3.799882275744383061e-05
9.900000000000000000e+02 9.910000000000000000e+02 1.047794429199769886e-05 6.751611672598264817e-05 1.722541812822555045e-06 5.259726661153782068e-06
9.910000000000000000e+02 9.920000000000000000e+02 3.824276807143756104e-06 1.581148306731814285e-05 8.702464320234101127e-07 2.765478508221749837e-06
9.920000000000000000e+02 9.930000000000000000e+02 2.014685248925180436e-06 7.889862675544987634e-06 5.715244754662043985e-07 2.077275101985921145e-06
9.930000000000000000e+02 9.940000000000000000e+02 1.129048428055727387e-06 3.788593242185063861e-06 4.117025922628103350e-07 1.412725872061753446e-06
9.940000000000000000e+02 9.950000000000000000e+02 6.978662116961732639e-07 2.466824335708053169e-06 3.380521503212465130e-07 1.521458554854010555e-06
9.950000000000000000e+02 9.960000000000000000e+02 4.501661184251866774e-07 1.202354016253180450e-06 3.281246085355020535e-07 8.865103630365256573e-07
9.960000000000000000e+02 9.970000000000000000e+02 3.101464775486175620e-07 7.307311296438593879e-07 3.018589457658918122e-07 6.378485273502201859e-07
9.970000000000000000e+02 9.980000000000000000e+02 2.339975998975035939e-07 5.624041557519043093e-07 2.599770150503586505e-07 4.909060622257484701e-07
9.980000000000000000e+02 9.990000000000000000e+02 1.874697036423985273e-07 4.049560609761876799e-07 2.178699405091743468e-07 3.794034366945923146e-07
9.990000000000000000e+02 1.000000000000000000e+03 1.630710977023557488e-07 5.585429652111197124e-07 1.822058846901931370e-07 3.006862454355578000e-07
1.000000000000000000e+03 1.001000000000000000e+03 1.332812575057124913e-07 3.034100468966753214e-07 1.503433869679003225e-07 2.677323626558359797e-07
1.001000000000000000e+03 1.002000000000000000e+03 1.106343021891353568e-07 2.272152526906847216e-07 1.234958872015169169e-07 2.156921363678704195e-07
1.002000000000000000e+03 1.003000000000000000e+03 9.108465266737056850e-08 1.817194793178650529e-07 1.018872423990114883e-07 1.661371116653384571e-07
1.003000000000000000e+03 1.004000000000000000e+03 1.623079899692760140e-07 1.549315063090701814e-06 9.294414684307578324e-08 1.471852160178584127e-06
1.004000000000000000e+03 1.005000000000000000e+03 1.104234273621631734e-07 6.808381370420550458e-07 7.442829038401080696e-08 4.681310992011627678e-07
1.005000000000000000e+03 1.006000000000000000e+03 7.381454661102084555e-08 3.256794566899983599e-07 5.470257394155108050e-08 2.240098578008467978e-07
1.006000000000000000e+03 1.007000000000000000e+03 5.837674681916844749e-08 1.910234399175308446e-07 4.670755746600648332e-08 1.436621065790213138e-07
1.007000000000000000e+03 1.008000000000000000e+03 4.964432836867095435e-08 1.734664752684793238e-07 4.134811957271306437e-08 1.077297833173907689e-07
1.008000000000000000e+03 1.009000000000000000e+03 3.994792029222597877e-08 1.837750161333156220e-07 3.379175732212055609e-08 8.675909248276374730e-08
1.009000000000000000e+03 1.010000000000000000e+03 3.288563687927424118e-08 1.865189589909749046e-07 3.134300686707515638e-08 6.957452503294503887e-08
1.010000000000000000e+03 1.011000000000000000e+03 2.785078771307486926e-08 1.705128021022180925e-07 2.101347259028164960e-08 5.472771671358974975e-08
1.011000000000000000e+03 1.012000000000000000e+03 3.192278648381226118e-08 2.439590449480473918e-07 1.454108679929304729e-08 4.473195579396363519e-08
1.012000000000000000e+03 1.013000000000000000e+03 1.908144702877609231e-08 1.214970461654800895e-07 8.741912022589170815e-09 3.628260582732056277e-08
1.013000000000000000e+03 1.014000000000000000e+03 1.589947944826615707e-08 1.248214005123924892e-07 8.250602356672922611e-09 2.799714595812124787e-08
1.014000000000000000e+03 1.015000000000000000e+03 1.687897591945565765e-08 1.100980939584324747e-07 7.832416618439112216e-09 4.178525284093186245e-08
1.015000000000000000e+03 1.016000000000000000e+03 1.357965278723695553e-08 9.392269805695171906e-08 7.336456049219139122e-09 2.429322530400342040e-08
1.016000000000000000e+03 1.017000000000000000e+03 1.114950288466936799e-08 1.677631839334977730e-07 6.271768209026598911e-09 1.547886739125000730e-08
1.017000000000000000e+03 1.018000000000000000e+03 1.126211752397347384e-08 1.677655111404277869e-07 4.973551366121821763e-09 2.223630608063097505e-08
1.018000000000000000e+03 1.019000000000000000e+03 7.250064849361840476e-09 1.061601872961135026e-07 3.927659335310701958e-09 1.530574826268964033e-08
1.019000000000000000e+03 1.020000000000000000e+03 3.350164136668726668e-04 2.223032678571441011e-03 5.377209622572823815e-05 2.240837782538455340e-03
1.020000000000000000e+03 1.021000000000000000e+03 7.184027655941953370e-05 4.332849326665728050e-04 1.099453772982682052e-05 3.339870735479228510e-04
1.021000000000000000e+03 1.022000000000000000e+03 4.716272004386603688e-05 2.446942243909514566e-04 7.469091316376183886e-06 2.045941949741488051e-04
1.022000000000000000e+03 1.023000000000000000e+03 3.564486882611948761e-05 1.563770290216301212e-04 5.884074193227737517e-06 1.596584215640404255e-04
1.023000000000000000e+03 1.024000000000000000e+03 3.479139661371932388e-05 1.630486749368912898e-04 5.837629906226503895e-06 9.172180935706660801e-05
1.024000000000000000e+03 1.025000000000000000e+03 2.570111900192701242e-05 8.004798186599787740e-05 5.944166847475367066e-06 5.987856344790062609e-05
1.025000000000000000e+03 1.026000000000000000e+03 1.891283310889430822e-05 4.888292422177884476e-05 5.995128191031607755e-06 4.497791992441913813e-05
1.026000000000000000e+03 1.027000000000000000e+03 1.489988372354892626e-05 3.825717136857774479e-05 5.788063142260184836e-06 3.580457270444468412e-05
1.027000000000000000e+03 1.028000000000000000e+03 1.214602426777554536e-05 2.966366229159684648e-05 5.241622619367159056e-06 2.859969924485208906e-05
1.028000000000000000e+03 1.029000000000000000e+03 1.007118122626699718e-05 2.338985061714189093e-05 4.590934515560899615e-06 2.300273332755995600e-05
1.029000000000000000e+03 1.030000000000000000e+03 8.387379283140098264e-06 1.841365370191330064e-05 3.957509259520185417e-06 1.822662703129660004e-05
1.030000000000000000e+03 1.031000000000000000e+03 6.947900959006099261e-06 1.449885059442487377e-05 3.407519200063844439e-06 1.438341502911848847e-05
1.031000000000000000e+03 1.032000000000000000e+03 5.706911774267515964e-06 1.151030868868217991e-05 2.910271748271490909e-06 1.140622980439206727e-05
1.032000000000000000e+03 1.033000000000000000e+03 4.652449037389693205e-06 9.170713806063636345e-06 2.475268476894423421e-06 9.093063603363204787e-06
1.033000000000000000e+03 1.034000000000000000e+03 3.779755310375424159e-06 7.306487968421811213e-06 2.103725212268730786e-06 7.247156065368419540e-06
1.034000000000000000e+03 1.035000000000000000e+03 3.087503162141448905e-06 5.834887098373601908e-06 1.793419639924940115e-06 5.784182043185272161e-06
1.035000000000000000e+03 1.036000000000000000e+03 2.496076170130900761e-06 4.709815758900479861e-06 1.514795627024381424e-06 4.652748673299015548e-06
1.036000000000000000e+03 1.037000000000000000e+03 2.022287150045237353e-06 3.774956159240460966e-06 1.272861879670360738e-06 3.739735446986834888e-06
1.037000000000000000e+03 1.038000000000000000e+03 1.639357822501947937e-06 3.036405723576295343e-06 1.068031996079671710e-06 3.011096074971518212e-06
1.038000000000000000e+03 1.039000000000000000e+03 1.327194227824248709e-06 2.446709017597855552e-06 8.961942019017525717e-07 2.427574821811255430e-06
1.039000000000000000e+03 1.040000000000000000e+03 8.319644403936349357e-06 1.154788959916047165e-04 6.142487087009497901e-07 6.099242191571155409e-06
1.040000000000000000e+03 1.041000000000000000e+03 1.555351724832650084e-06 9.588980384859015926e-06 3.660095059742358397e-07 3.898112251406705910e-06
1.041000000000000000e+03 1.042000000000000000e+03 8.642393331306723857e-07 3.455430681118113452e-06 5.700200217711963288e-07 2.413346743831222321e-06
1.042000000000000000e+03 1.043000000000000000e+03 6.631325508227870213e-07 1.652169330558756886e-06 5.024091341419001926e-07 1.620116880455604400e-06
1.043000000000000000e+03 1.044000000000000000e+03 5.393933794362144402e-07 1.182313833133877565e-06 3.721635812857787904e-07 1.148324049724189849e-06
1.044000000000000000e+03 1.045000000000000000e+03 4.443302422957093002e-07 9.239452018244996678e-07 2.942413437428912201e-07 8.967851920390033274e-07
1.045000000000000000e+03 1.046000000000000000e+03 3.822447197368975204e-07 1.176742571387236408e-06 2.457954023495810728e-07 1.162047087192693299e-06
1.046000000000000000e+03 1.047000000000000000e+03 3.139456644334219115e-07 6.749793341334533156e-07 2.062589847842936295e-07 6.613050963581815225e-07
1.047000000000000000e+03 1.048000000000000000e+03 2.543200825454117641e-07 4.899750378796987136e-07 1.706969902731052862e-07 4.844555818803342553e-07
1.048000000000000000e+03 1.049000000000000000e+03 2.087057502020173406e-07 3.937522441617557935e-07 1.425234702504395541e-07 3.875330922141478983e-07
1.049000000000000000e+03 1.050000000000000000e+03 3.106306389861133695e-04 3.329879574862395965e-03 9.978065708101589671e-06 2.089435353748765470e-04
1.050000000000000000e+03 1.051000000000000000e+03 5.478446514590704401e-05 4.024315033570412931e-04 1.103316595042027660e-05 5.747938702216122967e-05
1.051000000000000000e+03 1.052000000000000000e+03 2.089381922468888769e-05 1.093532903401745588e-04 2.114315601171969092e-05 4.862035748692963784e-05
1.052000000000000000e+03 1.053000000000000000e+03 2.611942126547976001e-05 4.305396751262171575e-04 2.176486172666061291e-05 4.565000060007182972e-05
1.053000000000000000e+03 1.054000000000000000e+03 1.066354319960655792e-05 3.529186012458983626e-05 1.379933465971503113e-05 2.781858158614885910e-05
1.054000000000000000e+03 1.055000000000000000e+03 9.000164170786106792e-06 2.200824408702734052e-05 9.294093808836513719e-06 1.852126669061378051e-05
1.055000000000000000e+03 1.056000000000000000e+03 7.454557764789761931e-06 1.525650663052473953e-05 6.912702676092399303e-06 1.387173466403057202e-05
1.056000000000000000e+03 1.057000000000000000e+03 6.093848448009672678e-06 1.126747527245444439e-05 5.475569502312557958e-06 1.113775070211965570e-05
1.057000000000000000e+03 1.058000000000000000e+03 4.970537679842911374e-06 9.086528252100832228e-06 4.456550057923699826e-06 9.000200536784010378e-06
1.058000000000000000e+03 1.059000000000000000e+03 4.009648050550978132e-06 7.358708216852359622e-06 3.655185550926177648e-06 7.296595945740680077e-06
1.059000000000000000e+03 1.060000000000000000e+03 3.261192352295813131e-06 5.962064272526553847e-06 3.006694481257106410e-06 5.920135052415207890e-06
1.060000000000000000e+03 1.061000000000000000e+03 2.646494627465768256e-06 4.835003419808159315e-06 2.473500960364223957e-06 4.804133135560071641e-06
1.061000000000000000e+03 1.062000000000000000e+03 2.162878872138432805e-06 3.915809939490647653e-06 2.036586415090960823e-06 3.889470489046407010e-06
1.062000000000000000e+03 1.063000000000000000e+03 1.759281175232547220e-06 3.161987327883317984e-06 1.666813713176683824e-06 3.143447839696040692e-06
1.063000000000000000e+03 1.064000000000000000e+03 1.429191239487343049e-06 2.547985527573540952e-06 1.367608209931682313e-06 2.533121529829978788e-06
1.064000000000000000e+03 1.065000000000000000e+03 1.160320047940292666e-06 2.056402960640711876e-06 1.130538757268959326e-06 2.043440459673709793e-06
1.065000000000000000e+03 1.066000000000000000e+03 9.352224316829344056e-07 2.893907611755358697e-06 9.337468228887714151e-07 2.236169170262889432e-06
1.066000000000000000e+03 1.067000000000000000e+03 7.607091846963057025e-07 2.073835502445278215e-06 7.724946905997249727e-07 1.346416010209731486e-06
1.067000000000000000e+03 1.068000000000000000e+03 6.060455962985297904e-07 1.097633468658393783e-06 6.337025824681917565e-07 1.090541691802868560e-06
1.068000000000000000e+03 1.069000000000000000e+03 4.933977863365464393e-07 8.881839618675279401e-07 5.196711916723443396e-07 8.839075292615671771e-07
1.069000000000000000e+03 1.070000000000000000e+03 3.991858171623995456e-07 7.044467563729445533e-07 4.286496027166410154e-07 7.023737978428582046e-07
1.070000000000000000e+03 1.071000000000000000e+03 3.210581387012391611e-07 5.573079549742111278e-07 3.509814172348194916e-07 5.526390550649616208e-07
1.071000000000000000e+03 1.072000000000000000e+03 2.595686293014343998e-07 4.357659840605005797e-07 2.862579823813768052e-07 4.299835329078853729e-07
1.072000000000000000e+03 1.073000000000000000e+03 3.795622530567925125e-07 4.901497212401856195e-06 2.396860989667924255e-07 3.456798855982945379e-07
1.073000000000000000e+03 1.074000000000000000e+03 1.715510036342651097e-07 6.061288403348126583e-07 1.978075576274786469e-07 2.798941062319535856e-07
1.074000000000000000e+03 1.075000000000000000e+03 1.287810005785561338e-07 2.677505435895036537e-07 1.372121123017569506e-07 2.294952308900610482e-07
1.075000000000000000e+03 1.076000000000000000e+03 6.212234327857743157e-07 8.006925491461158387e-06 1.107042437761676211e-07 2.006208324355184603e-07
1.076000000000000000e+03 1.077000000000000000e+03 8.704654725362228077e-08 1.746185878443044895e-07 9.007935579378550430e-08 1.602744859686220474e-07
1.077000000000000000e+03 1.078000000000000000e+03 1.108704215291247844e-06 9.714490637762348855e-06 7.026905280198796885e-08 1.396573880818225050e-07
1.078000000000000000e+03 1.079000000000000000e+03 5.398758734138084427e-08 1.564125812765615259e-07 4.565927859214030012e-08 1.007054736721323261e-07
1.079000000000000000e+03 1.080000000000000000e+03 1.191059856819572983e-04 9.321087259607010187e-04 1.116833144909557869e-05 3.915610545169327574e-04
1.080000000000000000e+03 1.081000000000000000e+03 4.495752460768993403e-05 3.126446837614386336e-04 5.540574510781346405e-06 1.925761521141952301e-04
1.081000000000000000e+03 1.082000000000000000e+03 2.581380680575127851e-05 1.215800081476371447e-04 3.550945886475217640e-06 7.616483592036297004e-05
1.082000000000000000e+03 1.083000000000000000e+03 1.799443810964843093e-05 6.824882792969977493e-05 2.923566106567105845e-06 5.704321773329801444e-05
1.083000000000000000e+03 1.084000000000000000e+03 1.289426404581479007e-05 4.340480870006736759e-05 2.441857963139480438e-06 4.192797560736267158e-05
1.084000000000000000e+03 1.085000000000000000e+03 9.970621931680466378e-06 3.054377403843474279e-05 1.975042052741066811e-06 2.993255430110813696e-05
1.085000000000000000e+03 1.086000000000000000e+03 8.757968218010682310e-06 2.192653738285178260e-05 1.534414248270376402e-06 2.180816917223467750e-05
1.086000000000000000e+03 1.087000000000000000e+03 7.107884104679104532e-06 1.604856712854762813e-05 1.263315638790832329e-06 1.488711927468324937e-05
1.087000000000000000e+03 1.088000000000000000e+03 5.291522311122065293e-06 1.126227054181234982e-05 1.129454669102254812e-06 9.802767534909708884e-06
1.088000000000000000e+03 1.089000000000000000e+03 3.931260451250725730e-06 7.680938131574605081e-06 1.038065098582305382e-06 7.181611340154183754e-06
1.089000000000000000e+03 1.090000000000000000e+03 3.035191562240826566e-06 5.679717476492724455e-06 9.456581765847121505e-07 5.665390821332164450e-06
1.090000000000000000e+03 1.091000000000000000e+03 2.404107816806305874e-06 4.550423463897370178e-06 8.367002714269479083e-07 4.535362457157205392e-06
1.091000000000000000e+03 1.092000000000000000e+03 1.918750393884461740e-06 3.647746095492723995e-06 7.233899400285237966e-07 3.630932102003982773e-06
1.092000000000000000e+03 1.093000000000000000e+03 1.536188112865575849e-06 2.905415570310599468e-06 6.204704076970684546e-07 2.896603410270814028e-06
1.093000000000000000e+03 1.094000000000000000e+03 1.229072159187121996e-06 2.316099874599737350e-06 5.313303900891296961e-07 2.312111187974576932e-06
1.094000000000000000e+03 1.095000000000000000e+03 9.847590501008983329e-07 1.846311929601569129e-06 4.540426031225347248e-07 1.843266429395360547e-06
1.095000000000000000e+03 1.096000000000000000e+03 7.923458717244595260e-07 1.477100972049988434e-06 3.872889929638039750e-07 1.473430829316248296e-06
1.096000000000000000e+03 1.097000000000000000e+03 6.308573762400107392e-07 1.177012398903480274e-06 3.318644110533481682e-07 1.175379303086462787e-06
1.097000000000000000e+03 1.098000000000000000e+03 5.047746244850254432e-07 9.375151063028944044e-07 2.581358007544460177e-07 9.376559510671975818e-07
1.098000000000000000e+03 1.099000000000000000e+03 3.966420587579685291e-07 1.262339808977466232e-06 2.138808741747763291e-07 1.538392789617007127e-06
1.099000000000000000e+03 1.100000000000000000e+03 2.991794898131307270e-07 1.705566874736770574e-06 1.844167239452304601e-07 6.595181702757215572e-07
1.100000000000000000e+03 1.101000000000000000e+03 2.104135665920623267e-07 5.616879040556804678e-07 1.603065608615175807e-07 5.243031107475225192e-07
1.101000000000000000e+03 1.102000000000000000e+03 1.799585782086325874e-07 4.355426661325112940e-07 1.355127596048867448e-07 4.193643448402757943e-07
1.102000000000000000e+03 1.103000000000000000e+03 1.563031600854618837e-07 3.457400264198416867e-07 1.045406511842927311e-07 3.380995317826164451e-07
1.103000000000000000e+03 1.104000000000000000e+03 1.306562561254078908e-07 2.744519028553768471e-07 8.587874322469157467e-08 2.715077223673668936e-07
1.104000000000000000e+03 1.105000000000000000e+03 1.072976711669629358e-07 2.460397010852200631e-07 7.214965342662748611e-08 2.369087212022661088e-07
1.105000000000000000e+03 1.106000000000000000e+03 8.738742865584685544e-08 1.842910286521379598e-07 6.170900896241010033e-08 1.751424653990410466e-07
1.106000000000000000e+03 1.107000000000000000e+03 7.128826133737495995e-08 1.756891857058943505e-07 5.190825521017277896e-08 1.566076965467629745e-07
1.107000000000000000e+03 1.108000000000000000e+03 6.343682634721676978e-08 3.618375599752069809e-07 3.852126743558235908e-08 1.172090932560763050e-07
1.108000000000000000e+03 1.109000000000000000e+03 4.749953007928915035e-08 1.258769113552184908e-07 3.505295050853754490e-08 9.092832255122569117e-08
1.109000000000000000e+03 1.110000000000000000e+03 9.408159391857136939e-04 1.302290184393032485e-02 4.905015138816217157e-05 1.812400971291069311e-03
1.110000000000000000e+03 1.111000000000000000e+03 1.257540044675941574e-04 7.329513750305113352e-04 1.010790842404429759e-05 8.772786803921206542e-05
1.111000000000000000e+03 1.112000000000000000e+03 5.571079081525957718e-05 2.613918417014567206e-04 6.662898011849113966e-06 2.606053397279605826e-05
1.112000000000000000e+03 1.113000000000000000e+03 3.035693226852604769e-05 1.174574939032949956e-04 6.555804630429778635e-06 1.763743803009811182e-05
1.113000000000000000e+03 1.114000000000000000e+03 1.642490484458478844e-05 5.811791543653275002e-05 5.293389569881998221e-06 1.426800284060698778e-05
1.114000000000000000e+03 1.115000000000000000e+03 9.100520881619875849e-06 2.869788715459858962e-05 3.677760479899712113e-06 1.038402445739822504e-05
1.115000000000000000e+03 1.116000000000000000e+03 5.117976939497330578e-06 1.599850015477973929e-05 2.404216490047182373e-06 7.202758751204682832e-06
1.116000000000000000e+03 1.117000000000000000e+03 3.825575178899072759e-06 3.145176530547094689e-05 1.575294443126124731e-06 5.250365570519499700e-06
1.117000000000000000e+03 1.118000000000000000e+03 2.321907015472878472e-06 7.527663464995140438e-06 9.865992746980001674e-07 4.124067410481243653e-06
1.118000000000000000e+03 1.119000000000000000e+03 1.583196544482108812e-06 4.481407592820631352e-06 1.112628281678392012e-06 3.262264893313074500e-06
1.119000000000000000e+03 1.120000000000000000e+03 1.199827987805236445e-06 3.063573603519771441e-06 1.104853510060852036e-06 2.602930189530063291e-06
1.120000000000000000e+03 1.121000000000000000e+03 1.316931364981193965e-06 1.398900972733526458e-05 9.313709367454589948e-07 2.074830591179545287e-06
1.121000000000000000e+03 1.122000000000000000e+03 1.710792795612371584e-06 1.595636337582265793e-05 9.094582055635854872e-07 2.074403947653921311e-06
1.122000000000000000e+03 1.123000000000000000e+03 7.225399436146834604e-07 1.947966413270957638e-06 8.380328342572205638e-07 1.580589476534671018e-06
1.123000000000000000e+03 1.124000000000000000e+03 5.940047566638052609e-07 1.348773097632118492e-06 6.745155477328785560e-07 1.184169384268501752e-06
1.124000000000000000e+03 1.125000000000000000e+03 4.862377684212415499e-07 9.748403399785975705e-07 5.349460221676060406e-07 9.117339314045882961e-07
1.125000000000000000e+03 1.126000000000000000e+03 3.993673389882119393e-07 7.411275822607094189e-07 4.307519319810569382e-07 7.210331981375407853e-07
1.126000000000000000e+03 1.127000000000000000e+03 3.301045200780382136e-07 6.934182800693821949e-07 3.545493601509218585e-07 6.609514376946317327e-07
1.127000000000000000e+03 1.128000000000000000e+03 2.701434161914109827e-07 5.220116542168252590e-07 2.904785856723846996e-07 5.171996197877083412e-07
1.128000000000000000e+03 1.129000000000000000e+03 8.340268964478668984e-07 6.530984371750657513e-06 2.368671511902633112e-07 4.168532926032524786e-07
1.129000000000000000e+03 1.130000000000000000e+03 8.769718719177286014e-07 1.154586419868612189e-05 1.882618025902943675e-07 4.074161701783948346e-07
1.130000000000000000e+03 1.131000000000000000e+03 3.004787647678584130e-07 1.793084051373936767e-06 1.473401793630038397e-07 5.936419694749584881e-07
1.131000000000000000e+03 1.132000000000000000e+03 1.547367302005525909e-07 7.984426714588461608e-07 1.196954666437594234e-07 4.527146873412393894e-07
1.132000000000000000e+03 1.133000000000000000e+03 1.180708649110816962e-07 3.153806636993234561e-07 1.201125073946913038e-07 2.963593529668082434e-07
1.133000000000000000e+03 1.134000000000000000e+03 1.062444509480353788e-07 3.941169706932900137e-07 1.072684555591621174e-07 3.750390802142869476e-07
1.134000000000000000e+03 1.135000000000000000e+03 8.733096720524229262e-08 2.384730581819093443e-07 8.478699517447078623e-08 2.188951348132566734e-07
1.135000000000000000e+03 1.136000000000000000e+03 7.563723848578035087e-08 2.263573444308655138e-07 7.017010508499374371e-08 1.801150670935710415e-07
1.136000000000000000e+03 1.137000000000000000e+03 6.576557114334799171e-08 1.712985044888941606e-07 5.777945059103283819e-08 1.476149939932932130e-07
1.137000000000000000e+03 1.138000000000000000e+03 5.990239131675452674e-08 3.582410287573968309e-07 5.294016152920321425e-08 1.181402746250530468e-07
1.138000000000000000e+03 1.139000000000000000e+03 4.633088071255750145e-08 1.864596778018436168e-07 5.029403388733126185e-08 9.387683488270668695e-08
1.139000000000000000e+03 1.140000000000000000e+03 2.907607738790675758e-03 3.181656651635816208e-02 9.341717108678128812e-05 1.499857394971423679e-03
1.140000000000000000e+03 1.141000000000000000e+03 8.645168943452346579e-04 4.620115577879607173e-03 7.526327997383074108e-05 2.138748879857894653e-04
1.141000000000000000e+03 1.142000000000000000e+03 1.430787133156906821e-04 7.068510417976670923e-04 2.056246014484745086e-05 4.489872406981502024e-05
1.142000000000000000e+03 1.143000000000000000e+03 7.998113985524592001e-05 3.653296626846133589e-04 1.441789524114907489e-05 3.618074289196997526e-05
1.143000000000000000e+03 1.144000000000000000e+03 4.283872363127108715e-05 1.706953961259882171e-04 9.513797835921252680e-06 2.724685094211369140e-05
1.144000000000000000e+03 1.145000000000000000e+03 2.349759070664269057e-05 8.801800281394282798e-05 6.123320144084840204e-06 2.048599037444550296e-05
1.145000000000000000e+03 1.146000000000000000e+03 1.275586976068400591e-05 4.772885734936798064e-05 3.997752801115395815e-06 1.434021190766427250e-05
1.146000000000000000e+03 1.147000000000000000e+03 6.978481394227980855e-06 2.748740217821948539e-05 2.599797233989788169e-06 9.752863548694719220e-06
1.147000000000000000e+03 1.148000000000000000e+03 3.889705548082657298e-06 1.548596592959041417e-05 1.967958517503600284e-06 6.513425598419936143e-06
1.148000000000000000e+03 1.149000000000000000e+03 2.239660793749404668e-06 8.625075313986012773e-06 1.611386225202974343e-06 4.309303181293747611e-06
1.149000000000000000e+03 1.150000000000000000e+03 1.342204339534383986e-06 4.728595361069581570e-06 1.330193664321171261e-06 2.826428039163990573e-06
1.150000000000000000e+03 1.151000000000000000e+03 8.480216247460984442e-07 2.685173734873593725e-06 1.094341958891342723e-06 1.906663790999107799e-06
1.151000000000000000e+03 1.152000000000000000e+03 5.941877239902215386e-07 2.487385251127764828e-06 8.875249221658278320e-07 1.343023901372985963e-06
1.152000000000000000e+03 1.153000000000000000e+03 3.998030805755992499e-07 1.030041145769587615e-06 7.160953744872679462e-07 9.764646000355150399e-07
1.153000000000000000e+03 1.154000000000000000e+03 2.891244864554144157e-07 9.049004974285999545e-07 5.801484022291482372e-07 7.152600942474036437e-07
1.154000000000000000e+03 1.155000000000000000e+03 2.185094190588966089e-07 7.266884717197820922e-07 4.616365182064238003e-07 5.276690163812505786e-07
1.155000000000000000e+03 1.156000000000000000e+03 1.685263808210659728e-07 4.068869785493874312e-07 3.767830822290421288e-07 4.012059315116111698e-07
1.156000000000000000e+03 1.157000000000000000e+03 1.332094009638182306e-07 4.466591064013324593e-07 3.129629229604639761e-07 4.305220293686461240e-07
1.157000000000000000e+03 1.158000000000000000e+03 1.076115976739769345e-07 3.194725640794879786e-07 2.590777296484797243e-07 2.923529919233535187e-07
1.158000000000000000e+03 1.159000000000000000e+03 8.459692666189014926e-08 2.276416338792378149e-07 2.103520171181123772e-07 2.271497896907766979e-07
1.159000000000000000e+03 1.160000000000000000e+03 6.894755628614392293e-08 2.502722057081103673e-07 1.664230588751666761e-07 1.810843137102752751e-07
1.160000000000000000e+03 1.161000000000000000e+03 5.646172476886515789e-08 1.662937641725057085e-07 1.342788840995887973e-07 1.460950329179012782e-07
1.161000000000000000e+03 1.162000000000000000e+03 4.113336507751599751e-08 1.191344184676357141e-07 1.098224459798143236e-07 1.208393093423118454e-07
1.162000000000000000e+03 1.163000000000000000e+03 1.625636832401921143e-07 2.199054789003064190e-06 1.487719525682279911e-07 2.695040919281865800e-07
1.163000000000000000e+03 1.164000000000000000e+03 5.338827366818226373e-08 2.667829644244065622e-07 1.630113818375279757e-07 2.182263729179190808e-07
1.164000000000000000e+03 1.165000000000000000e+03 5.112034972148860164e-08 1.907793341133085349e-07 1.366573869388939364e-07 1.772311238780435680e-07
1.165000000000000000e+03 1.166000000000000000e+03 4.250903507996345213e-08 1.294094772657876635e-07 1.145561315021580257e-07 1.277119429392218696e-07
1.166000000000000000e+03 1.167000000000000000e+03 3.827528259292782186e-08 1.536456646502598320e-07 1.000092515759211428e-07 1.111531977491227440e-07
1.167000000000000000e+03 1.168000000000000000e+03 2.702472351547822844e-08 1.647283012851422575e-07 7.685577653706091415e-08 8.358823257044462345e-08
1.168000000000000000e+03 1.169000000000000000e+03 2.237536078643230174e-08 1.860028645599399287e-07 6.087203845615513754e-08 7.379672556867133588e-08
1.169000000000000000e+03 1.170000000000000000e+03 4.845771441761327625e-04 4.819481442062189397e-03 2.377956501542431012e-05 5.017825494060901628e-04
1.170000000000000000e+03 1.171000000000000000e+03 1.221893731256829983e-04 1.914710620321562152e-03 7.847220078574286014e-06 1.310559401312426419e-04
1.171000000000000000e+03 1.172000000000000000e+03 3.408671777381407753e-05 2.051758725955096156e-04 8.000487708624277449e-06 8.448883871566679094e-05
1.172000000000000000e+03 1.173000000000000000e+03 2.309134993152066974e-05 6.157261826496450625e-05 5.696124117315610094e-06 6.199579607656289745e-05
1.173000000000000000e+03 1.174000000000000000e+03 1.861422923469665280e-05 4.751854529538249177e-05 3.778878098407456202e-06 4.865911973612842474e-05
1.174000000000000000e+03 1.175000000000000000e+03 1.517887894508046794e-05 3.737404151665992019e-05 3.660008160381440176e-06 3.831047636097481297e-05
1.175000000000000000e+03 1.176000000000000000e+03 1.248305982831927248e-05 2.916059064301919969e-05 3.711266008111402922e-06 2.977792229624943293e-05
1.176000000000000000e+03 1.177000000000000000e+03 1.039286871489531707e-05 2.365435631242746701e-05 3.511275637815545538e-06 2.335460001471052112e-05
1.177000000000000000e+03 1.178000000000000000e+03 8.478429895508449025e-06 1.885581121314969515e-05 3.163424852118538461e-06 1.883177062493489060e-05
1.178000000000000000e+03 1.179000000000000000e+03 6.935770147769941056e-06 1.488778106549200271e-05 2.819628584904570203e-06 1.499597529263051166e-05
1.179000000000000000e+03 1.180000000000000000e+03 5.665968329937366721e-06 1.176918474263632316e-05 2.464052043790955599e-06 1.187985459635830723e-05
1.180000000000000000e+03 1.181000000000000000e+03 5.023603503755617935e-06 2.477371357231093497e-05 2.125965185289841838e-06 9.447456454635139584e-06
1.181000000000000000e+03 1.182000000000000000e+03 3.794861843574028773e-06 7.541694548636644637e-06 1.819706418925150465e-06 7.540527899220873727e-06
1.182000000000000000e+03 1.183000000000000000e+03 3.068808107648044610e-06 6.026017961673352043e-06 1.543918895285729398e-06 6.043036560517947150e-06
1.183000000000000000e+03 1.184000000000000000e+03 2.494192828769021223e-06 4.845639802422349257e-06 1.317302222332163001e-06 4.851289677972599830e-06
1.184000000000000000e+03 1.185000000000000000e+03 2.028284410902998225e-06 3.912940171836081211e-06 1.118399978776918189e-06 3.906239169135482993e-06
1.185000000000000000e+03 1.186000000000000000e+03 1.643449738133544927e-06 3.161238558356270753e-06 9.424644962763045170e-07 3.157746650577195237e-06
1.186000000000000000e+03 1.187000000000000000e+03 1.336824274533857571e-06 2.627986075965702758e-06 7.931873102284860856e-07 2.545130779624552485e-06
1.187000000000000000e+03 1.188000000000000000e+03 1.085105161443098369e-06 2.054606682854553839e-06 6.692897085249986764e-07 2.052797268326756407e-06
1.188000000000000000e+03 1.189000000000000000e+03 8.840184897777078225e-07 1.657335967051437476e-06 5.676613378805442391e-07 1.655830970012522743e-06
1.189000000000000000e+03 1.190000000000000000e+03 7.525546205068634858e-07 3.033718874962529200e-06 4.920673032216035081e-07 1.335980224304688175e-06
1.190000000000000000e+03 1.191000000000000000e+03 5.812204297398613959e-07 1.079089957593284600e-06 3.935325106098646784e-07 1.077962018093593925e-06
1.191000000000000000e+03 1.192000000000000000e+03 4.717884348675512105e-07 8.718307541497526997e-07 3.324378896566764766e-07 8.705521025126468638e-07
1.192000000000000000e+03 1.193000000000000000e+03 3.853012932589726683e-07 7.080914153922265811e-07 2.776415912966440581e-07 7.061037043343234734e-07
1.193000000000000000e+03 1.194000000000000000e+03 3.126694542341046977e-07 6.150314025042801379e-07 2.311832021869518755e-07 5.783948128403429405e-07
1.194000000000000000e+03 1.195000000000000000e+03 2.592097163530115473e-07 4.764186489746394596e-07 1.894074933361221667e-07 4.735511622691872643e-07
1.195000000000000000e+03 1.196000000000000000e+03 2.115918144758830084e-07 4.157990488871171323e-07 1.572482939965930092e-07 3.970045666857468240e-07
1.196000000000000000e+03 1.197000000000000000e+03 1.696226058554751718e-07 3.144015348336439658e-07 1.332079136843717703e-07 3.143187487987099123e-07
1.197000000000000000e+03 1.198000000000000000e+03 1.394296735382656451e-07 2.719803893719249797e-07 1.113906795699610536e-07 2.511176944568177733e-07
1.198000000000000000e+03 1.199000000000000000e+03 1.147735143856661610e-07 2.190386937545464305e-07 9.160012969897877901e-08 2.123528665449261919e-07
1.199000000000000000e+03 1.200000000000000000e+03 1.015165718883307132e-04 8.225708760935819108e-04 1.003026710397813175e-05 4.511692024145396275e-04
1.200000000000000000e+03 1.201000000000000000e+03 4.279886493836471795e-05 3.173161892074173075e-04 3.422062442441384789e-06 1.619873826542890527e-04
1.201000000000000000e+03 1.202000000000000000e+03 1.778379058259808724e-05 1.017869986823904786e-04 1.798222749624797373e-06 5.279320227326094009e-05
1.202000000000000000e+03 1.203000000000000000e+03 8.685076444304729173e-06 4.063279922798898619e-05 3.272644292140150455e-06 2.086189967399004354e-05
1.203000000000000000e+03 1.204000000000000000e+03 5.254589282249667547e-06 2.002234473112586346e-05 3.115305024696974354e-06 1.249868102794415477e-05
1.204000000000000000e+03 1.205000000000000000e+03 3.354117948266829025e-06 1.150639269351112946e-05 1.973540629860229860e-06 8.063500497319431759e-06
1.205000000000000000e+03 1.206000000000000000e+03 2.157045651642691287e-06 6.905440589997270068e-06 1.165755597051950113e-06 5.351749716260655196e-06
1.206000000000000000e+03 1.207000000000000000e+03 1.456868863850443949e-06 4.091179205556247971e-06 7.569298516920013319e-07 3.950262515561757096e-06
1.207000000000000000e+03 1.208000000000000000e+03 1.185613735081546915e-06 2.945353942602187697e-06 5.510705496136851147e-07 2.890082660444870455e-06
1.208000000000000000e+03 1.209000000000000000e+03 9.687890614163037399e-07 2.165818004405366423e-06 4.376080775265467272e-07 2.090623206812529959e-06
1.209000000000000000e+03 1.210000000000000000e+03 7.607984088605432604e-07 1.621095612687109522e-06 3.664064188510039301e-07 1.500915053767166393e-06
1.210000000000000000e+03 1.211000000000000000e+03 6.007973660606533896e-07 1.189765663375002327e-06 3.156710529368561573e-07 1.124115781092476654e-06
1.211000000000000000e+03 1.212000000000000000e+03 4.762093361747645765e-07 9.145906361485627135e-07 2.701453975796815017e-07 9.087080820533379488e-07
1.212000000000000000e+03 1.213000000000000000e+03 3.813890417940246903e-07 7.379406840691589120e-07 2.303017656743601336e-07 7.348600163286582687e-07
1.213000000000000000e+03 1.214000000000000000e+03 3.030649479500228501e-07 6.086705805324163198e-07 1.928612765623671611e-07 6.018413714190953238e-07
1.214000000000000000e+03 1.215000000000000000e+03 2.495852830592633901e-07 5.390893350078073293e-07 1.628066221809339554e-07 4.864312723944252898e-07
1.215000000000000000e+03 1.216000000000000000e+03 2.037690636723761498e-07 4.046660700456246566e-07 1.383007670207451246e-07 4.010956725971341222e-07
1.216000000000000000e+03 1.217000000000000000e+03 1.665203446632954755e-07 3.207065204768839898e-07 1.135596335931322120e-07 3.224028516685101597e-07
1.217000000000000000e+03 1.218000000000000000e+03 1.370424767527424010e-07 2.638475443713902859e-07 9.696989037195657107e-08 2.574369322005388577e-07
1.218000000000000000e+03 1.219000000000000000e+03 1.119295605330286114e-07 2.165983079166951804e-07 8.284234045976737689e-08 2.066298335785615610e-07
1.219000000000000000e+03 1.220000000000000000e+03 9.096045623040696582e-08 1.695082599222719439e-07 6.961167955452434824e-08 1.706040603027353089e-07
1.220000000000000000e+03 1.221000000000000000e+03 7.450550290338831140e-08 1.523282785432238170e-07 5.822116866606399044e-08 1.350459175693530416e-07
1.221000000000000000e+03 1.222000000000000000e+03 6.072646996562551857e-08 1.688177234208145421e-07 4.579440059683601261e-08 1.085218573207646088e-07
1.222000000000000000e+03 1.223000000000000000e+03 4.977910756133505012e-08 1.688040873160506824e-07 3.812123802327515923e-08 8.772286174385391457e-08
1.223000000000000000e+03 1.224000000000000000e+03 4.154523475184231354e-08 1.600861471629481209e-07 3.466278292540170683e-08 7.118952526672470781e-08
1.224000000000000000e+03 1.225000000000000000e+03 3.284451179104230946e-08 9.735988734503844093e-08 2.866052514843470729e-08 5.815264821823871215e-08
1.225000000000000000e+03 1.226000000000000000e+03 2.627070262708193821e-08 1.713032513657549868e-07 2.297977866058524606e-08 5.209432523588454510e-08
1.226000000000000000e+03 1.227000000000000000e+03 2.269409247161682521e-08 1.241410402093347556e-07 1.899077036374962431e-08 3.977058695824433621e-08
1.227000000000000000e+03 1.228000000000000000e+03 1.809341201824779714e-08 1.308055983508574954e-07 1.483213909952890384e-08 3.341022988774634317e-08
1.228000000000000000e+03 1.229000000000000000e+03 3.721498011466897084e-08 3.774546485375368039e-07 1.644266280579973595e-08 3.373024161563125838e-07
1.229000000000000000e+03 1.230000000000000000e+03 6.952090998650824758e-04 7.846211661303482965e-03 1.578987579395399455e-05 1.230882022693459237e-04
1.230000000000000000e+03 1.231000000000000000e+03 7.025525560509662901e-05 5.358266193549005799e-04 2.640196083879465862e-06 4.988627690998671078e-05
1.231000000000000000e+03 1.232000000000000000e+03 3.913013728240710806e-05 2.465242268496562199e-04 1.994489220320576974e-06 2.806542074605385215e-05
1.232000000000000000e+03 1.233000000000000000e+03 2.070761497572257115e-05 1.224677715651487043e-04 1.442477620974970159e-06 1.449274779332401404e-05
1.233000000000000000e+03 1.234000000000000000e+03 1.055590954603279936e-05 6.685815550405254911e-05 9.498927524932069248e-07 6.175382793162046654e-06
1.234000000000000000e+03 1.235000000000000000e+03 5.230848464081174984e-06 3.325175995331520611e-05 6.813853523497763954e-07 2.850823989535043579e-06
1.235000000000000000e+03 1.236000000000000000e+03 2.579522995661403259e-06 1.569295473668161806e-05 5.037046521929046379e-07 1.901289753776442814e-06
1.236000000000000000e+03 1.237000000000000000e+03 1.288245592625088301e-06 7.233916181777169283e-06 4.176712702743869083e-07 1.387127654451117433e-06
1.237000000000000000e+03 1.238000000000000000e+03 6.956082081535338051e-07 3.334211155981868844e-06 3.100001969010530751e-07 1.054808625517528550e-06
1.238000000000000000e+03 1.239000000000000000e+03 4.134591697897766444e-07 1.643423032397958864e-06 2.266194970227206551e-07 8.517819877732316310e-07
1.239000000000000000e+03 1.240000000000000000e+03 2.851116476545540627e-07 8.034340918666217544e-07 1.724249928216647683e-07 6.645526265502199516e-07
1.240000000000000000e+03 1.241000000000000000e+03 2.291688328908675160e-07 6.370675350379535129e-07 1.313655642733048087e-07 5.285651477981648628e-07
1.241000000000000000e+03 1.242000000000000000e+03 1.834629184844052783e-07 4.153781654152173162e-07 9.856707253997048892e-08 4.209712651879189443e-07
1.242000000000000000e+03 1.243000000000000000e+03 1.484971719213018494e-07 3.266596618701656049e-07 7.448759398723661107e-08 3.302897605381850986e-07
1.243000000000000000e+03 1.244000000000000000e+03 1.204655335004039454e-07 2.584914992059106574e-07 5.667999907515224881e-08 2.601371212844044783e-07
1.244000000000000000e+03 1.245000000000000000e+03 9.779784952344237464e-08 2.073731646146928416e-07 4.320002600618616424e-08 2.039846137050025774e-07
1.245000000000000000e+03 1.246000000000000000e+03 2.230097396071544554e-06 3.415133773256509841e-05 4.511940756001343352e-08 1.798680879441849042e-07
1.246000000000000000e+03 1.247000000000000000e+03 9.748611170098489395e-07 8.002032299192148745e-06 2.630248434831075450e-07 1.498035907912374354e-06
1.247000000000000000e+03 1.248000000000000000e+03 4.293072808690010683e-07 3.244304970010607006e-06 3.753322661231875229e-07 1.258606586903500050e-06
1.248000000000000000e+03 1.249000000000000000e+03 2.462572157798669322e-07 1.566052917100859089e-06 5.256698611576366896e-07 1.057049811290449671e-06
1.249000000000000000e+03 1.250000000000000000e+03 1.756824707586513147e-07 9.301553360347027095e-07 4.063855076993624228e-07 7.520304826009609752e-07
1.250000000000000000e+03 1.251000000000000000e+03 1.374872210928947649e-07 7.361681448522480209e-07 2.884918345900941783e-07 5.322104892557086583e-07
1.251000000000000000e+03 1.252000000000000000e+03 1.071768947834602063e-07 4.426360235284383633e-07 2.103630155869526361e-07 3.807119280700378506e-07
1.252000000000000000e+03 1.253000000000000000e+03 8.479119627325644619e-08 3.023722203439801659e-07 1.601986813165305726e-07 2.603231918679242994e-07
1.253000000000000000e+03 1.254000000000000000e+03 6.847878955374490690e-08 2.425688468660734310e-07 1.218607087270815226e-07 1.820564421429439710e-07
1.254000000000000000e+03 1.255000000000000000e+03 5.407232682200307146e-08 1.459793484514816947e-07 9.754556122758757641e-08 1.364699925784793261e-07
1.255000000000000000e+03 1.256000000000000000e+03 4.514134096960000724e-08 1.263644525115843728e-07 8.885823955043419050e-08 1.296657683570331984e-07
1.256000000000000000e+03 1.257000000000000000e+03 3.694625105365107618e-08 9.756853280743104818e-08 7.040236224151353839e-08 8.422455505493757946e-08
1.257000000000000000e+03 1.258000000000000000e+03 3.010871997889075962e-08 1.053572497200293152e-07 5.747320885956276948e-08 6.326272128521355191e-08
1.258000000000000000e+03 1.259000000000000000e+03 2.499783093574954892e-08 5.654591766088426084e-08 4.749471249497671623e-08 5.013549142082195556e-08
1.259000000000000000e+03 1.260000000000000000e+03 2.772280730226264886e-04 2.648007342649495981e-03 1.381516091864505984e-05 9.202475192637493630e-05
1.260000000000000000e+03 1.261000000000000000e+03 6.859771916116146995e-05 4.308100432969030674e-04 7.619795274508947252e-06 3.368720040266897850e-05
1.261000000000000000e+03 1.262000000000000000e+03 3.526273221744709091e-05 2.042577401337285084e-04 6.514813879862166803e-06 1.669844706250791898e-05
1.262000000000000000e+03 1.263000000000000000e+03 1.919626956605598406e-05 8.198292163558505805e-05 4.760107012219196867e-06 1.166865818375763223e-05
1.263000000000000000e+03 1.264000000000000000e+03 1.003117613852750103e-05 3.860655293922580827e-05 3.108780056928708377e-06 7.825034593661589545e-06
1.264000000000000000e+03 1.265000000000000000e+03 5.100207418669272401e-06 1.891695188939697953e-05 1.903653059788393871e-06 5.214463908893448397e-06
1.265000000000000000e+03 1.266000000000000000e+03 2.672323675632954932e-06 1.004647280019428128e-05 1.117993897584924659e-06 3.571086007381496603e-06
1.266000000000000000e+03 1.267000000000000000e+03 1.490463308698924633e-06 5.599703819781101939e-06 6.331308287681340961e-07 2.604191804869157773e-06
1.267000000000000000e+03 1.268000000000000000e+03 8.844360170019050315e-07 3.179046520026076919e-06 3.561924077251331121e-07 1.807615464549717652e-06
1.268000000000000000e+03 1.269000000000000000e+03 5.439592399686852492e-07 1.848127136202045634e-06 2.375523946219210326e-07 1.159969544638539986e-06
1.269000000000000000e+03 1.270000000000000000e+03 3.385190828678034607e-07 1.053412480993419197e-06 1.839895882391549710e-07 7.104323287270263421e-07
1.270000000000000000e+03 1.271000000000000000e+03 2.204781709815788422e-07 6.041896456980414352e-07 1.491046289923003795e-07 4.552736030424384353e-07
1.271000000000000000e+03 1.272000000000000000e+03 1.531296199486085987e-07 3.619878792673544186e-07 1.271977106723341278e-07 3.179540515744693808e-07
1.272000000000000000e+03 1.273000000000000000e+03 2.278742462543405801e-07 2.656997924568797681e-06 1.022033564542728485e-07 3.036128091703016144e-07
1.273000000000000000e+03 1.274000000000000000e+03 8.928894362867783724e-08 2.084497874320405752e-07 8.162869149411040969e-08 2.072609109989951413e-07
1.274000000000000000e+03 1.275000000000000000e+03 7.028435716987610433e-08 2.311398739443357046e-07 6.615639022313952621e-08 1.497196910367124038e-07
1.275000000000000000e+03 1.276000000000000000e+03 6.788484894644097871e-08 6.679486225635279226e-07 4.916201023815213779e-08 1.101898571788810700e-07
1.276000000000000000e+03 1.277000000000000000e+03 4.183876024794765122e-08 9.128089598890109090e-08 4.037620718701536566e-08 8.377164818935332624e-08
1.277000000000000000e+03 1.278000000000000000e+03 3.351682142932583005e-08 1.001523838294232468e-07 3.311918965728270859e-08 6.707604600462403823e-08
1.278000000000000000e+03 1.279000000000000000e+03 2.682195948490965034e-08 9.967430053711277625e-08 2.632083535685071731e-08 4.834092855787985365e-08
1.279000000000000000e+03 1.280000000000000000e+03 2.072379359070994897e-08 1.053047476547522440e-07 2.130086282883841383e-08 4.271507895150502553e-08
1.280000000000000000e+03 1.281000000000000000e+03 1.701926443529641213e-08 6.115777929295240950e-08 1.728799429581008422e-08 3.399219816996619483e-08
1.281000000000000000e+03 1.282000000000000000e+03 1.452561412159174489e-08 1.099156109269547983e-07 1.433222416456035578e-08 2.474148531338071232e-08
1.282000000000000000e+03 1.283000000000000000e+03 1.302029727378778187e-08 9.392851583224600966e-08 1.120099210785463543e-08 1.997098774242921210e-08
1.283000000000000000e+03 1.284000000000000000e+03 1.180761268593189733e-08 7.281087792936384146e-08 9.297786208238447206e-09 1.800424393965420835e-08
1.284000000000000000e+03 1.285000000000000000e+03 8.291018769439548198e-09 9.450134497584517576e-08 7.354571431291444550e-09 1.875206451149545187e-08
1.285000000000000000e+03 1.286000000000000000e+03 8.084981499784137287e-09 1.040854442333148460e-07 6.190890529686627582e-09 1.052265853460757220e-08
1.286000000000000000e+03 1.287000000000000000e+03 9.019829744419543651e-09 1.175734078272593179e-07 7.383082920678362018e-09 1.630288507544824237e-08
1.287000000000000000e+03 1.288000000000000000e+03 7.168028548191222417e-09 1.625340571938931603e-07 4.273354354394391291e-09 1.683485389117429020e-08
1.288000000000000000e+03 1.289000000000000000e+03 6.569118793947941927e-09 1.625323438195411853e-07 4.221751704420157011e-09 1.043842067230137974e-08
1.289000000000000000e+03 1.290000000000000000e+03 3.258244610567750639e-04 2.925148523392775111e-03 1.229404315277804062e-05 7.147971832622117554e-05
1.290000000000000000e+03 1.291000000000000000e+03 6.006567857087754972e-05 3.177666129655495539e-04 1.459953327609924404e-05 4.322556827736193547e-05
1.291000000000000000e+03 1.292000000000000000e+03 3.122056509880508698e-05 1.503979729785174472e-04 9.911898886574669826e-06 2.423998465560569794e-05
1.292000000000000000e+03 1.293000000000000000e+03 1.793522729060426264e-05 7.751675132115806006e-05 7.445010318808693088e-06 1.440569686016903477e-05
1.293000000000000000e+03 1.294000000000000000e+03 1.033158631696414141e-05 4.049010239359429543e-05 5.933701985481107451e-06 9.081639577630003094e-06
1.294000000000000000e+03 1.295000000000000000e+03 6.105769436133984240e-06 2.148381010536036143e-05 4.755585996475264539e-06 6.632974826593074482e-06
1.295000000000000000e+03 1.296000000000000000e+03 3.689059639945825141e-06 1.194444008147524347e-05 3.804285954155416803e-06 4.928685236005715084e-06
1.296000000000000000e+03 1.297000000000000000e+03 2.279300115712806629e-06 7.112324844525760536e-06 3.036783926967423235e-06 3.638581497564190321e-06
1.297000000000000000e+03 1.298000000000000000e+03 1.447914878003281313e-06 4.248190059786699513e-06 2.409740146351940208e-06 2.686457304778289603e-06
1.298000000000000000e+03 1.299000000000000000e+03 9.629919157065516140e-07 2.529038209409166738e-06 1.909117616136045369e-06 2.023787829912431307e-06
1.299000000000000000e+03 1.300000000000000000e+03 7.526402069237158469e-07 3.966210736396346423e-06 1.512242499609663193e-06 1.566767675211650376e-06
1.300000000000000000e+03 1.301000000000000000e+03 4.904546438374742950e-07 1.288505235090921431e-06 1.198805468404796831e-06 1.259319475876718889e-06
1.301000000000000000e+03 1.302000000000000000e+03 3.690483856800602050e-07 1.043049374730260950e-06 9.684161297744399728e-07 1.013452473860460520e-06
1.302000000000000000e+03 1.303000000000000000e+03 2.821519063528776853e-07 8.169071808364377977e-07 7.716264008696823953e-07 8.146734645390273039e-07
1.303000000000000000e+03 1.304000000000000000e+03 2.217303701712063026e-07 6.556755281031087742e-07 6.142037804114953106e-07 6.554787122890463704e-07
1.304000000000000000e+03 1.305000000000000000e+03 1.743580355513656943e-07 5.258902481098233330e-07 4.897968510532492198e-07 5.262109134823075762e-07
1.305000000000000000e+03 1.306000000000000000e+03 1.495735977892757893e-07 6.865454161108079085e-07 3.910379317266861870e-07 4.225277195570981717e-07
1.306000000000000000e+03 1.307000000000000000e+03 1.109382331551208315e-07 3.638726319414993059e-07 3.127367791312305983e-07 3.390424143377871762e-07
1.307000000000000000e+03 1.308000000000000000e+03 9.039175474031434048e-08 2.710207601089004369e-07 2.508281769900264861e-07 2.718940467653103556e-07
1.308000000000000000e+03 1.309000000000000000e+03 7.342475298388670833e-08 2.169935238132660392e-07 2.014675800626288481e-07 2.179541582283297596e-07
1.309000000000000000e+03 1.310000000000000000e+03 6.000753215173709847e-08 1.880706572697220681e-07 1.623109289559116279e-07 1.751258831059952166e-07
1.310000000000000000e+03 1.311000000000000000e+03 4.839613295535966772e-08 1.775510280712877968e-07 1.301628081055856916e-07 1.407378650700243851e-07
1.311000000000000000e+03 1.312000000000000000e+03 3.974998263932637622e-08 1.625087577902276437e-07 1.056896527452978552e-07 1.152666916518385587e-07
1.312000000000000000e+03 1.313000000000000000e+03 3.494742210706500164e-08 1.439248440876979565e-07 8.535671232114003709e-08 9.316689885844232585e-08
1.313000000000000000e+03 1.314000000000000000e+03 2.740901092899306027e-08 8.710139956969500927e-08 7.024486597031302547e-08 7.893665990088823628e-08
1.314000000000000000e+03 1.315000000000000000e+03 2.119404393617981143e-08 1.408105992535737162e-07 5.516667648359723150e-08 6.125167973692811224e-08
1.315000000000000000e+03 1.316000000000000000e+03 1.865014892232702854e-08 1.152226005246911218e-07 4.458275754933960635e-08 4.919489800650185008e-08
1.316000000000000000e+03 1.317000000000000000e+03 2.067396377205807258e-08 1.886804291703780706e-07 3.486458476047284506e-08 3.929745755571429656e-08
1.317000000000000000e+03 1.318000000000000000e+03 1.385760310538667289e-08 1.107694833772125003e-07 2.815908126341776734e-08 4.150021082095342665e-08
1.318000000000000000e+03 1.319000000000000000e+03 1.231307997764104980e-08 1.073850213999157155e-07 2.217929072988304574e-08 2.934844893031574426e-08
1.319000000000000000e+03 1.320000000000000000e+03 1.297969489281606496e-03 1.813213475370204983e-02 1.826940972866664711e-04 5.092089421048304025e-03
1.320000000000000000e+03 1.321000000000000000e+03 2.103663131144336033e-04 1.408802665738305860e-03 2.466523484789915900e-05 6.689487277140794726e-04
1.321000000000000000e+03 1.322000000000000000e+03 1.175838231847990283e-04 5.531409270568226179e-04 1.683822541862192682e-05 4.028438586212532580e-04
1.322000000000000000e+03 1.323000000000000000e+03 7.377805596005398438e-05 2.586475486792811328e-04 1.327026325448212240e-05 2.213552207893688408e-04
1.323000000000000000e+03 1.324000000000000000e+03 4.530761134814196927e-05 1.647059866156196496e-04 1.155953100106976348e-05 1.338279785624434158e-04
1.324000000000000000e+03 1.325000000000000000e+03 2.550965239940466376e-05 9.540449796337403679e-05 8.978953588109567645e-06 7.621546550832063974e-05
1.325000000000000000e+03 1.326000000000000000e+03 1.793273937925450129e-05 5.400608120825131631e-05 6.176358229758532245e-06 5.151130989003910093e-05
1.326000000000000000e+03 1.327000000000000000e+03 1.347669896842698225e-05 3.939135057305415046e-05 4.335812286779487945e-06 2.884485658446353350e-05
1.327000000000000000e+03 1.328000000000000000e+03 8.324739907874166930e-06 2.506604500149130313e-05 3.160735949890798227e-06 1.405801208689915589e-05
1.328000000000000000e+03 1.329000000000000000e+03 4.854340643027802579e-06 1.368019055196146544e-05 2.268768256456152897e-06 7.168261685640064124e-06
1.329000000000000000e+03 1.330000000000000000e+03 2.947608317122411876e-06 7.932688568618552073e-06 1.628786995467866186e-06 4.979932965589653940e-06
1.330000000000000000e+03 1.331000000000000000e+03 2.027291906070525362e-06 5.281360151861164769e-06 1.186621373039664354e-06 4.055937196209510457e-06
1.331000000000000000e+03 1.332000000000000000e+03 1.513864542817627500e-06 3.426889700929863108e-06 8.842123202325025497e-07 3.165653562180807578e-06
1.332000000000000000e+03 1.333000000000000000e+03 1.179482778743255625e-06 2.473466742509550000e-06 6.722340207586299740e-07 2.470757479588405986e-06
1.333000000000000000e+03 1.334000000000000000e+03 9.325044151922507438e-07 1.917632939446242599e-06 5.163011158847549828e-07 1.928075358420606902e-06
1.334000000000000000e+03 1.335000000000000000e+03 7.421869236129185058e-07 1.664471487308596465e-06 3.986279786336042960e-07 1.561222921403073765e-06
1.335000000000000000e+03 1.336000000000000000e+03 6.051529217159541194e-07 1.467022808109192538e-06 3.043909238203756567e-07 1.190305929502936055e-06
1.336000000000000000e+03 1.337000000000000000e+03 4.686093420740861146e-07 9.298048621389068744e-07 2.297091556476847909e-07 9.268057136993124514e-07
1.337000000000000000e+03 1.338000000000000000e+03 3.752053980042203598e-07 8.159772384086033118e-07 1.916487069172087435e-07 7.289237159679879498e-07
1.338000000000000000e+03 1.339000000000000000e+03 3.440165938406716325e-07 1.618208402007546014e-06 1.426141017496248249e-07 6.056817094831009137e-07
1.339000000000000000e+03 1.340000000000000000e+03 4.198508359910096512e-07 3.290374701041146639e-06 1.027670898297332670e-07 1.098427472944274723e-06
1.340000000000000000e+03 1.341000000000000000e+03 3.154859796838173746e-07 1.365128147252322642e-06 8.240257998270105791e-08 9.343761271527513932e-07
1.341000000000000000e+03 1.342000000000000000e+03 2.585457415430820080e-07 8.267916694431581352e-07 6.060811012836915124e-08 6.478825986923134355e-07
1.342000000000000000e+03 1.343000000000000000e+03 1.992945124608944912e-07 5.372788620106113165e-07 5.052814205766713445e-08 4.904161112069665660e-07
1.343000000000000000e+03 1.344000000000000000e+03 1.574107784214228674e-07 3.927209570316909596e-07 4.734456615210603950e-08 3.905509770448252585e-07
1.344000000000000000e+03 1.345000000000000000e+03 1.293683137180911545e-07 3.048412794442398256e-07 4.284073190760370741e-08 3.049608925094707886e-07
1.345000000000000000e+03 1.346000000000000000e+03 1.086488366769629950e-07 2.342901916025311896e-07 3.393990441411157632e-08 2.349391368483588721e-07
1.346000000000000000e+03 1.347000000000000000e+03 1.115990168929888893e-07 6.684061696342020102e-07 2.988223560541667461e-08 6.084907882988435116e-07
1.347000000000000000e+03 1.348000000000000000e+03 8.070904704113276369e-08 2.645492017978258751e-07 2.317571262664450950e-08 2.509151632248911149e-07
1.348000000000000000e+03 1.349000000000000000e+03 6.406955809711330881e-08 2.087198638379128756e-07 1.998807551146635710e-08 1.610108543927685007e-07
1.349000000000000000e+03 1.350000000000000000e+03 6.860668928322413403e-04 4.520057331420721664e-03 7.885250823900125539e-05 1.408799433896951430e-03
1.350000000000000000e+03 1.351000000000000000e+03 2.587737314917677766e-04 2.041517515279682275e-03 1.344126015793875280e-04 5.806832815629199215e-04
1.351000000000000000e+03 1.352000000000000000e+03 5.493877996802649358e-05 4.090839311909197557e-04 2.707231352703160155e-05 1.475483235397509300e-04
1.352000000000000000e+03 1.353000000000000000e+03 3.285158305182130209e-05 1.089718345168592728e-04 8.713796667596302077e-06 9.672390956654102455e-05
1.353000000000000000e+03 1.354000000000000000e+03 2.680895904145256067e-05 6.630597874891700600e-05 6.653366198488896511e-06 6.286838425086931797e-05
1.354000000000000000e+03 1.355000000000000000e+03 1.897200439647134002e-05 4.933346612414745563e-05 4.497001605171302348e-06 3.631048419619646648e-05
1.355000000000000000e+03 1.356000000000000000e+03 1.139677138050571576e-05 2.994792760787473845e-05 3.564628806514334738e-06 1.956888480561823134e-05
1.356000000000000000e+03 1.357000000000000000e+03 6.615832953538844920e-06 1.713833449292563089e-05 3.146315769105764534e-06 1.305654550492509228e-05
1.357000000000000000e+03 1.358000000000000000e+03 4.307260639682757981e-06 1.080636020408955896e-05 2.796087313106406224e-06 9.273046575783344599e-06
1.358000000000000000e+03 1.359000000000000000e+03 3.241013942996269500e-06 1.943857337463375840e-05 2.353370953925437042e-06 6.967585350776927005e-06
1.359000000000000000e+03 1.360000000000000000e+03 2.346957614875806994e-06 5.355061369907430346e-06 1.959314181269046581e-06 5.348928167459867682e-06
1.360000000000000000e+03 1.361000000000000000e+03 1.940404177781245906e-06 4.257026567237715123e-06 1.626336035357364001e-06 4.206920541142399987e-06
1.361000000000000000e+03 1.362000000000000000e+03 1.046840532181072545e-05 1.184246827513863956e-04 2.297473179617011233e-06 3.654440077297211699e-06
1.362000000000000000e+03 1.363000000000000000e+03 2.478917574308270553e-06 2.174820193717339286e-05 2.078377272330330578e-06 2.865332760769328847e-06
1.363000000000000000e+03 1.364000000000000000e+03 1.137245451743832688e-06 3.645886664250078021e-06 1.722551909289255576e-06 2.586148364470760796e-06
1.364000000000000000e+03 1.365000000000000000e+03 8.218903750878319632e-07 2.426500842575374512e-06 1.389655004880362264e-06 2.090550343280370780e-06
1.365000000000000000e+03 1.366000000000000000e+03 6.452291027020591154e-07 1.801216614141623834e-06 1.110365294995628875e-06 1.603264245241428072e-06
1.366000000000000000e+03 1.367000000000000000e+03 5.181882673844808247e-07 1.321633251059165884e-06 8.864521062334176267e-07 1.203591387292223397e-06
1.367000000000000000e+03 1.368000000000000000e+03 4.174067784983121187e-07 9.721617596547662814e-07 7.074664388022888728e-07 9.015196540528822828e-07
1.368000000000000000e+03 1.369000000000000000e+03 3.371323330077516166e-07 7.243130207785833696e-07 5.686896824033091296e-07 6.852809718877989831e-07
1.369000000000000000e+03 1.370000000000000000e+03 8.931048417020236781e-06 1.548436009242135417e-04 4.476649154341444225e-07 8.760459272212368613e-07
1.370000000000000000e+03 1.371000000000000000e+03 2.344156120902033340e-06 2.590551279264086281e-05 1.040684199421323728e-06 1.462953093190817681e-06
1.371000000000000000e+03 1.372000000000000000e+03 4.898049186675350236e-07 2.526982402098982171e-06 6.877374722831375752e-07 1.007029673228821520e-06
1.372000000000000000e+03 1.373000000000000000e+03 3.254545433071038204e-07 9.774742432228194446e-07 5.443536400689803478e-07 7.969067897204431379e-07
1.373000000000000000e+03 1.374000000000000000e+03 2.398682353509814885e-07 6.952858854934784067e-07 4.364661646313967271e-07 6.143658323286007506e-07
1.374000000000000000e+03 1.375000000000000000e+03 1.819986864275937857e-07 5.090156860344038934e-07 3.467582560204547234e-07 4.596635469382169176e-07
1.375000000000000000e+03 1.376000000000000000e+03 1.327552682432593848e-07 7.229322893984012261e-07 2.770005306206250331e-07 5.243810159457465545e-07
1.376000000000000000e+03 1.377000000000000000e+03 1.021940915359593374e-07 3.130362566032673738e-07 2.250343266507676511e-07 2.753278093178346188e-07
1.377000000000000000e+03 1.378000000000000000e+03 9.628224196090366491e-08 7.609373448117436855e-07 1.837923590417838053e-07 4.257487226961288730e-07
1.378000000000000000e+03 1.379000000000000000e+03 7.486471359760939878e-08 5.203536765903788057e-07 1.495682374579534906e-07 3.271481190170617521e-07
1.379000000000000000e+03 1.380000000000000000e+03 2.672223009415772245e-04 2.767145781932355171e-03 1.641498992187299846e-05 1.007946114293959756e-04
1.380000000000000000e+03 1.381000000000000000e+03 2.992635616378769639e-05 2.736403410728847950e-04 1.011094611072299071e-05 1.373382940818736588e-05
1.381000000000000000e+03 1.382000000000000000e+03 7.268776543312544897e-06 4.065330309742953184e-05 3.309518356913588902e-06 5.832379507205627985e-06
1.382000000000000000e+03 1.383000000000000000e+03 3.308949770019907504e-06 1.448151182838555107e-05 1.575598427458806101e-06 3.934001885521143695e-06
1.383000000000000000e+03 1.384000000000000000e+03 1.415782537516376920e-05 7.082031780729712404e-05 8.679466313991535243e-07 3.733292879063464375e-06
1.384000000000000000e+03 1.385000000000000000e+03 4.553671613445738766e-06 2.043703618481293915e-05 4.004003408971815076e-07 1.687547647685426348e-06
1.385000000000000000e+03 1.386000000000000000e+03 2.144238629051331035e-06 8.943099708364585191e-06 2.809024826051550504e-07 1.232168179199839120e-06
1.386000000000000000e+03 1.387000000000000000e+03 1.207994187797116132e-06 4.775169774021718220e-06 1.718515503611979880e-07 8.514363982671653249e-07
1.387000000000000000e+03 1.388000000000000000e+03 6.827794482697126938e-07 2.508340786496355079e-06 1.159117357683327644e-07 5.627483723943855850e-07
1.388000000000000000e+03 1.389000000000000000e+03 3.969936061204756282e-07 1.389620164475376580e-06 8.309096591433685328e-08 3.857862257097227456e-07
1.389000000000000000e+03 1.390000000000000000e+03 2.454950443247514689e-07 8.695785385318081262e-07 6.265177080055438027e-08 3.552174224252882474e-07
1.390000000000000000e+03 1.391000000000000000e+03 1.621577095238791230e-07 7.496073015240487001e-07 5.316095651698755982e-08 2.153908001059417611e-07
1.391000000000000000e+03 1.392000000000000000e+03 9.734854378070893436e-08 2.866940603396928677e-07 4.562557724683089518e-08 1.401665008552335230e-07
1.392000000000000000e+03 1.393000000000000000e+03 1.113144352357116037e-07 1.539611285251587218e-06 3.829632904844748202e-08 1.073484055905308199e-07
1.393000000000000000e+03 1.394000000000000000e+03 8.403602993051660805e-07 1.175134046545092665e-05 1.813354837628191389e-07 2.537925714398927510e-07
1.394000000000000000e+03 1.395000000000000000e+03 5.627125882140332932e-08 3.110670029540947580e-07 6.697185368164062748e-08 9.922260244063109198e-08
1.395000000000000000e+03 1.396000000000000000e+03 3.851468677102309274e-08 1.834748321253397992e-07 4.608408824287232373e-08 6.389001041765832253e-08
1.396000000000000000e+03 1.397000000000000000e+03 2.992876092699082504e-08 1.687337795423466461e-07 2.979129810778816945e-08 5.043386142004395505e-08
1.397000000000000000e+03 1.398000000000000000e+03 4.923807184609130474e-08 5.636917935365520472e-07 2.584759209332820760e-08 4.420149189934896536e-08
1.398000000000000000e+03 1.399000000000000000e+03 2.129851849196193332e-08 1.367836335731391871e-07 1.495849279495878640e-08 3.716111691739886099e-08
1.399000000000000000e+03 1.400000000000000000e+03 2.031533828445065941e-08 1.389202619123360869e-07 1.255140362512147253e-08 2.566541603979298462e-08
1.400000000000000000e+03 1.401000000000000000e+03 1.845612026672007907e-08 1.412415894291975829e-07 6.431763013756597424e-09 1.843150425451916976e-08
1.401000000000000000e+03 1.402000000000000000e+03 1.598902862053954076e-08 1.710040299892708621e-07 3.504958628358860182e-09 3.003921482406622187e-08
1.402000000000000000e+03 1.403000000000000000e+03 1.706205588109400009e-08 1.710134682880736036e-07 2.833162085827485686e-09 1.851112401043193133e-08
1.403000000000000000e+03 1.404000000000000000e+03 1.531433852068757641e-08 1.395312883075504564e-07 2.799438082373874490e-09 2.669821555438847800e-08
1.404000000000000000e+03 1.405000000000000000e+03 5.651768174081235328e-07 5.991160873520912734e-06 1.951532633390145759e-08 8.886759077913763873e-08
1.405000000000000000e+03 1.406000000000000000e+03 4.680630473558934516e-08 3.235954424712981800e-07 6.724555617600671767e-09 4.992257131518796290e-08
1.406000000000000000e+03 1.407000000000000000e+03 1.104330081289155446e-05 1.433358359715543459e-04 1.653061010198525800e-06 2.234592301026956489e-06
1.407000000000000000e+03 1.408000000000000000e+03 3.645171079091622779e-06 3.933606497601175786e-05 6.936218196303016417e-07 1.592520364494664031e-06
1.408000000000000000e+03 1.409000000000000000e+03 1.521620421587707915e-06 1.134924504960879810e-05 3.626454784066520264e-06 6.028002566413402817e-06
1.409000000000000000e+03 1.410000000000000000e+03 1.770748352642218752e-04 9.839456815031442406e-04 6.399691020819974754e-04 8.440532300564156402e-04
1.410000000000000000e+03 1.411000000000000000e+03 5.535238367342823447e-05 5.532239015571647914e-04 4.271104215300742689e-04 5.797371500970624741e-04
1.411000000000000000e+03 1.412000000000000000e+03 4.724181482410542949e-05 3.642130484322878069e-04 2.731447838058863103e-04 3.774882047788387851e-04
1.412000000000000000e+03 1.413000000000000000e+03 4.222246852840661347e-05 2.481901788264976845e-04 1.906788192895181517e-04 2.555171402502237881e-04
1.413000000000000000e+03 1.414000000000000000e+03 3.816202227775995721e-05 1.759024875623076633e-04 1.421907683091126664e-04 1.799451418733054341e-04
1.414000000000000000e+03 1.415000000000000000e+03 3.354399794580850295e-05 1.294971394543671997e-04 1.105269015100888074e-04 1.315486985069480781e-04
1.415000000000000000e+03 1.416000000000000000e+03 2.904230581138429352e-05 1.010825347788335944e-04 8.962825161429012954e-05 1.013705734560456704e-04
1.416000000000000000e+03 1.417000000000000000e+03 2.437073005345558084e-05 7.752693208359357879e-05 7.156955929003589335e-05 7.793243026271042787e-05
1.417000000000000000e+03 1.418000000000000000e+03 2.019879595349604080e-05 6.077955880810602526e-05 5.779069587721147262e-05 6.091192212212195997e-05
1.418000000000000000e+03 1.419000000000000000e+03 1.660551933569796195e-05 4.826378418709712312e-05 4.672805149585875569e-05 4.828441839640707975e-05
1.419000000000000000e+03 1.420000000000000000e+03 1.374835972518832323e-05 4.519914085601359210e-05 3.789720549983023292e-05 3.934454366905285982e-05
1.420000000000000000e+03 1.421000000000000000e+03 1.116929277734563211e-05 3.194483313349072190e-05 3.097172202731765327e-05 3.199391445395158415e-05
1.421000000000000000e+03 1.422000000000000000e+03 9.151770146937025227e-06 2.601790521538566630e-05 2.513265854773160144e-05 2.604664674699706339e-05
1.422000000000000000e+03 1.423000000000000000e+03 7.494601488176545906e-06 2.112099041495079114e-05 2.034451287224591727e-05 2.114322053325180014e-05
1.423000000000000000e+03 1.424000000000000000e+03 6.146110715808721987e-06 1.712475274963542161e-05 1.645532923780998615e-05 1.714205907786571368e-05
1.424000000000000000e+03 1.425000000000000000e+03 5.019932026914247470e-06 1.386577262131198084e-05 1.331409387332700579e-05 1.388868046127771062e-05
1.425000000000000000e+03 1.426000000000000000e+03 4.109224968067413150e-06 1.122629880614476354e-05 1.077226484527220296e-05 1.124671460556404408e-05
1.426000000000000000e+03 1.427000000000000000e+03 3.369597257105428920e-06 9.089117430701260117e-06 8.720005536874986002e-06 9.106560214028924555e-06
1.427000000000000000e+03 1.428000000000000000e+03 2.772989021373741270e-06 7.434750220843753874e-06 7.067204548361920080e-06 7.378817035211081079e-06
1.428000000000000000e+03 1.429000000000000000e+03 2.269276016406504508e-06 5.961215452221507936e-06 5.718789306082615519e-06 5.976882205264009198e-06
1.429000000000000000e+03 1.430000000000000000e+03 1.877471638828445076e-06 4.826200930591686649e-06 4.634596700188405488e-06 4.837543887324818835e-06
1.430000000000000000e+03 1.431000000000000000e+03 1.538855651378772332e-06 3.906955338274513653e-06 3.753045357789216595e-06 3.916463688745554267e-06
1.431000000000000000e+03 1.432000000000000000e+03 1.258558401921308510e-06 3.146926230255091978e-06 3.033964708091433365e-06 3.165475609514395856e-06
1.432000000000000000e+03 1.433000000000000000e+03 1.076549230627758406e-06 3.315072003122143009e-06 2.461900811473525053e-06 3.308915357996252523e-06
1.433000000000000000e+03 1.434000000000000000e+03 8.736525303716907202e-07 2.091238509739128806e-06 1.994157058724332369e-06 2.075381101771902412e-06
1.434000000000000000e+03 1.435000000000000000e+03 7.163053443044875241e-07 1.677544254500488314e-06 1.618996242588334479e-06 1.681858332936228889e-06
1.435000000000000000e+03 1.436000000000000000e+03 5.842477569494046808e-07 1.360144707851909293e-06 1.313913658425668386e-06 1.363373777788162041e-06
1.436000000000000000e+03 1.437000000000000000e+03 4.815366350417366803e-07 1.103122647046070718e-06 1.066704352235345140e-06 1.105377465806314093e-06
1.437000000000000000e+03 1.438000000000000000e+03 4.049846280391809618e-07 1.042051534091368488e-06 8.756049656212271355e-07 9.375885986462136809e-07
1.438000000000000000e+03 1.439000000000000000e+03 3.197865787478546085e-07 7.163671937159055075e-07 6.967635576605295131e-07 7.224225086525357316e-07
1.439000000000000000e+03 1.440000000000000000e+03 3.183699516257917721e-04 4.661204440327602894e-03 1.367296364805014805e-04 5.661213406350131504e-03
1.440000000000000000e+03 1.441000000000000000e+03 8.390128153043912565e-04 4.866967881655229547e-03 1.038920607172953551e-04 3.504824102612504565e-03
1.441000000000000000e+03 1.442000000000000000e+03 4.585100192306210826e-04 3.035707800265271920e-03 6.875430029407207872e-05 2.683544372600993409e-03
1.442000000000000000e+03 1.443000000000000000e+03 1.187344868549963323e-04 4.678428976055038651e-04 1.654350237304589745e-05 4.075151057920634273e-04
1.443000000000000000e+03 1.444000000000000000e+03 7.843409394016389040e-05 2.415140898139856405e-04 1.106567596767213796e-05 2.253261037554309815e-04
1.444000000000000000e+03 1.445000000000000000e+03 5.551500331632490252e-05 1.485773669621653502e-04 8.060663656382277878e-06 1.438778428689485101e-04
1.445000000000000000e+03 1.446000000000000000e+03 4.013292376233053294e-05 1.000851607104312653e-04 6.415624486515949923e-06 8.878277122246165730e-05
1.446000000000000000e+03 1.447000000000000000e+03 3.520213919268934963e-05 1.141509647021147919e-04 4.911643974386475058e-06 6.395243593815901182e-05
1.447000000000000000e+03 1.448000000000000000e+03 2.342162881418598138e-05 4.976281471249786631e-05 3.788173809586969870e-06 4.951342473695065989e-05
1.448000000000000000e+03 1.449000000000000000e+03 1.782722950952652369e-05 3.890680510433545703e-05 3.103582765844903374e-06 3.878119851045920335e-05
1.449000000000000000e+03 1.450000000000000000e+03 1.415631455796651167e-05 3.060012477035452158e-05 2.624709633987801506e-06 3.053103610713834610e-05
1.450000000000000000e+03 1.451000000000000000e+03 1.643462099121392809e-05 9.466348724937369979e-05 2.154466306313126735e-06 2.408120566558449640e-05
1.451000000000000000e+03 1.452000000000000000e+03 8.957045254700962971e-06 1.884669453595956264e-05 1.878576751483030859e-06 1.882843118346010845e-05
1.452000000000000000e+03 1.453000000000000000e+03 7.145315238313062125e-06 1.482185611505980780e-05 1.593099258211376966e-06 1.482486342629056558e-05
1.453000000000000000e+03 1.454000000000000000e+03 5.700146823707314844e-06 1.164575506620616846e-05 1.338605041678750746e-06 1.167282286436063212e-05
1.454000000000000000e+03 1.455000000000000000e+03 4.539177917816038245e-06 9.192958762284441314e-06 1.136587598458866081e-06 9.222153968592901329e-06
1.455000000000000000e+03 1.456000000000000000e+03 3.616396390770789438e-06 7.266770670560123560e-06 9.613064548886014312e-07 7.292475087832691835e-06
1.456000000000000000e+03 1.457000000000000000e+03 3.000517703598309196e-06 8.510549751078623962e-06 8.168335694351742597e-07 5.782465543587799528e-06
1.457000000000000000e+03 1.458000000000000000e+03 2.306433454079084154e-06 4.637617731864812507e-06 6.976054733793434414e-07 4.570427163206182923e-06
1.458000000000000000e+03 1.459000000000000000e+03 1.831335960874198507e-06 3.621578318240353746e-06 5.960899255393701249e-07 3.632326764113067499e-06
1.459000000000000000e+03 1.460000000000000000e+03 1.465233317241617009e-06 2.876650653287390186e-06 5.142466141842303956e-07 2.884371039415747854e-06
1.460000000000000000e+03 1.461000000000000000e+03 1.174184000665767580e-06 2.286911173935816666e-06 4.522244098525420642e-07 2.292511525154048035e-06
1.461000000000000000e+03 1.462000000000000000e+03 9.422646948754591635e-07 1.824392206176762384e-06 3.866219081775252842e-07 1.829557203386945930e-06
1.462000000000000000e+03 1.463000000000000000e+03 7.596693057502566198e-07 1.457322333691305115e-06 3.281371586545327848e-07 1.459961430673286218e-06
1.463000000000000000e+03 1.464000000000000000e+03 6.110609815317200412e-07 1.166979735023611549e-06 2.776320960279824861e-07 1.164743093441393934e-06
1.464000000000000000e+03 1.465000000000000000e+03 4.910986158241654950e-07 9.294729298179423499e-07 2.357315928453025501e-07 9.304609472588987198e-07
1.465000000000000000e+03 1.466000000000000000e+03 3.980594756065024905e-07 7.589083865614684739e-07 1.986174736280151678e-07 7.588120303867543522e-07
1.466000000000000000e+03 1.467000000000000000e+03 3.386891824502183085e-07 1.093098766127529848e-06 1.662046420063390325e-07 6.122691243761586114e-07
1.467000000000000000e+03 1.468000000000000000e+03 1.606036216375074274e-06 1.553293822731346385e-05 1.405399590839579024e-07 5.732093361713897673e-07
1.468000000000000000e+03 1.469000000000000000e+03 7.341051584270162670e-07 5.523892389268772856e-06 1.236237251430816830e-07 4.034484759003785031e-07
1.469000000000000000e+03 1.470000000000000000e+03 2.137828568371623675e-03 8.860051353164154903e-03 4.055029615438916768e-04 7.598580301423221196e-03
1.470000000000000000e+03 1.471000000000000000e+03 6.192766096256977805e-04 5.223097666668779539e-03 7.170666402808534648e-05 1.184224515508442137e-03
1.471000000000000000e+03 1.472000000000000000e+03 1.818552405350381217e-04 1.402741605474911411e-03 1.943872722364666401e-05 3.508459874217586356e-04
1.472000000000000000e+03 1.473000000000000000e+03 9.696949763964566368e-05 3.930542470044582227e-04 1.676180597786898650e-05 2.236364086027982552e-04
1.473000000000000000e+03 1.474000000000000000e+03 5.828842742030993521e-05 2.354477930519009612e-04 1.250204611256206342e-05 1.647811221573324469e-04
1.474000000000000000e+03 1.475000000000000000e+03 3.540443784394346972e-05 1.329014523706968849e-04 8.472149958391766202e-06 1.127531438369681297e-04
1.475000000000000000e+03 1.476000000000000000e+03 2.430607718895004310e-05 8.296696618657497895e-05 5.612594018948469759e-06 7.557771794873819184e-05
1.476000000000000000e+03 1.477000000000000000e+03 1.879755508784196309e-05 5.522904752866170016e-05 4.520629609743443054e-06 5.056270282157327312e-05
1.477000000000000000e+03 1.478000000000000000e+03 1.476626243642072304e-05 3.708263122745278947e-05 4.033616463111427096e-06 3.436939438128368892e-05
1.478000000000000000e+03 1.479000000000000000e+03 1.153173885825596509e-05 3.006436764942587922e-05 3.560456589848896011e-06 2.528944325003285688e-05
1.479000000000000000e+03 1.480000000000000000e+03 9.016650946860101118e-06 2.233640732079210668e-05 2.933029863938716355e-06 1.880188781071945366e-05
1.480000000000000000e+03 1.481000000000000000e+03 6.947244076120646674e-06 1.555372678325668329e-05 2.345816299177362339e-06 1.413616032279777896e-05
1.481000000000000000e+03 1.482000000000000000e+03 9.163779311785398866e-06 7.758896202939153644e-05 1.852003996386025846e-06 1.089364249045744687e-05
1.482000000000000000e+03 1.483000000000000000e+03 4.698671081540437544e-06 1.106766318428200035e-05 1.454435875460818969e-06 8.381672287657428535e-06
1.483000000000000000e+03 1.484000000000000000e+03 3.652801413179683570e-06 8.054828379797543433e-06 1.145104974433536550e-06 6.573429197874107891e-06
1.484000000000000000e+03 1.485000000000000000e+03 2.839766643063130341e-06 6.873096803929207683e-06 9.237247271277287141e-07 5.220691668788091843e-06
1.485000000000000000e+03 1.486000000000000000e+03 2.185437461549813865e-06 4.210383149499857992e-06 7.551577987003907916e-07 4.255686503666582352e-06
1.486000000000000000e+03 1.487000000000000000e+03 1.724912402717937804e-06 3.381026727451507075e-06 6.209713074379716840e-07 3.392084916368744798e-06
1.487000000000000000e+03 1.488000000000000000e+03 1.367561191940380826e-06 2.694433331537102619e-06 5.153328110619804470e-07 2.695800314602754323e-06
1.488000000000000000e+03 1.489000000000000000e+03 1.085036582860004750e-06 2.144766215977126344e-06 4.284552032951755529e-07 2.144555457666449194e-06
1.489000000000000000e+03 1.490000000000000000e+03 8.637540819222397015e-07 1.709217782570914609e-06 3.571322341359360559e-07 1.709371960000141907e-06
1.490000000000000000e+03 1.491000000000000000e+03 6.884088538138037155e-07 1.359990804495829154e-06 2.981034094359876381e-07 1.361097527840235516e-06
1.491000000000000000e+03 1.492000000000000000e+03 5.545232927766766393e-07 1.176868791716625539e-06 2.640909629019925477e-07 1.083988217016789303e-06
1.492000000000000000e+03 1.493000000000000000e+03 4.536266279271441187e-07 1.218112338813945197e-06 2.333502005026381845e-07 1.108565795695442398e-06
1.493000000000000000e+03 1.494000000000000000e+03 1.859871217723164819e-06 2.454996387112261090e-05 4.567370307517052374e-07 8.786307266096972933e-07
1.494000000000000000e+03 1.495000000000000000e+03 3.112790814508544821e-07 7.063499404126227989e-07 1.130293648182259352e-07 6.552112732692110134e-07
1.495000000000000000e+03 1.496000000000000000e+03 2.779536690698138243e-07 1.726466056369039987e-06 7.371813937605163252e-08 7.749649521123781004e-07
1.496000000000000000e+03 1.497000000000000000e+03 2.351458722927383906e-07 9.120972689904539001e-07 5.122434512975226897e-08 4.559574959392717979e-07
1.497000000000000000e+03 1.498000000000000000e+03 1.720648032984373411e-07 5.573911444607344770e-07 3.569419639377880598e-08 3.554894079451796956e-07
1.498000000000000000e+03 1.499000000000000000e+03 1.295834646142754852e-07 3.510807472148921009e-07 2.721304495755514395e-08 2.714816921567590539e-07
1.499000000000000000e+03 1.500000000000000000e+03 2.577983964175398538e-04 2.617026102029182139e-03 1.428474836561891067e-05 1.374598451224492762e-04
1.500000000000000000e+03 1.501000000000000000e+03 5.973120949728922787e-05 5.252825017626942903e-04 4.305170493034729507e-06 9.411653221175631922e-05
1.501000000000000000e+03 1.502000000000000000e+03 2.830064455249394850e-05 2.767721996443504753e-04 2.940349975097234886e-06 4.104399155848599410e-05
1.502000000000000000e+03 1.503000000000000000e+03 3.411856545217970249e-05 5.432527954512669571e-04 1.935660051435774717e-06 3.236141909927487385e-05
1.503000000000000000e+03 1.504000000000000000e+03 8.330887822431200137e-06 5.812077727986322774e-05 1.855596678037667012e-06 2.107097880992520142e-05
1.504000000000000000e+03 1.505000000000000000e+03 4.428372323556331561e-06 1.573310848182985251e-05 1.631252135502125857e-06 1.341080422191239123e-05
1.505000000000000000e+03 1.506000000000000000e+03 3.438625335870032531e-06 9.378514200444780307e-06 1.055613089855518149e-06 8.533823623795175228e-06
1.506000000000000000e+03 1.507000000000000000e+03 2.588544420982395651e-06 6.756656002179542500e-06 5.524453615199862279e-07 5.702283003742440352e-06
1.507000000000000000e+03 1.508000000000000000e+03 1.743101776014863703e-06 4.389628452316803613e-06 3.042713192977431233e-07 3.297822546241397028e-06
1.508000000000000000e+03 1.509000000000000000e+03 1.091341222249954410e-06 2.696128224380866888e-06 2.291772855120960454e-07 1.792537175660901327e-06
1.509000000000000000e+03 1.510000000000000000e+03 6.829708852276096260e-07 1.850638128533969933e-06 1.894755510465640294e-07 1.170940008859436214e-06
1.510000000000000000e+03 1.511000000000000000e+03 4.570615905359400218e-07 1.277691505135702786e-06 1.558266549238813070e-07 8.822107813738659804e-07
1.511000000000000000e+03 1.512000000000000000e+03 3.208659907947220448e-07 8.041108475285832020e-07 1.257077988244418224e-07 6.906636376223311237e-07
1.512000000000000000e+03 1.513000000000000000e+03 2.488591187646043559e-07 5.590043977106766618e-07 9.594665986273484629e-08 5.591095977405198800e-07
1.513000000000000000e+03 1.514000000000000000e+03 1.993701251475213175e-07 4.494257654908729687e-07 7.571372640887979482e-08 4.498254516652957959e-07
1.514000000000000000e+03 1.515000000000000000e+03 1.612192186283234610e-07 3.589257964286755877e-07 5.873949194371716743e-08 3.588009770958833956e-07
1.515000000000000000e+03 1.516000000000000000e+03 1.293454781186976763e-07 2.828186272621114171e-07 4.582338058220614561e-08 2.833609754869859302e-07
1.516000000000000000e+03 1.517000000000000000e+03 1.065577864690469678e-07 3.176258955639907513e-07 3.689604530195722632e-08 2.227270363192467490e-07
1.517000000000000000e+03 1.518000000000000000e+03 8.212298206280767944e-08 1.853381793650667823e-07 2.740710668071818279e-08 1.764308745030460312e-07
1.518000000000000000e+03 1.519000000000000000e+03 1.117526081112739927e-07 1.180792130773909888e-06 2.407943272716405285e-08 1.504984092061359267e-07
1.519000000000000000e+03 1.520000000000000000e+03 1.011643332559978102e-07 1.166757764048372029e-06 1.979767314831860704e-08 1.298308172012950416e-07
1.520000000000000000e+03 1.521000000000000000e+03 6.626887081633912115e-08 4.584577520219610119e-07 1.595448562844124985e-08 9.443830524856190732e-08
1.521000000000000000e+03 1.522000000000000000e+03 5.535743346280511059e-08 4.227745042575707016e-07 1.837608625589935330e-08 1.299646840806521525e-07
1.522000000000000000e+03 1.523000000000000000e+03 5.517103025096375348e-08 6.315864625055112052e-07 2.526796818449297555e-08 1.258985626732560191e-07
1.523000000000000000e+03 1.524000000000000000e+03 2.876627632137591672e-08 2.956128446771101224e-07 2.510255907117472758e-08 4.745027169577409999e-08
1.524000000000000000e+03 1.525000000000000000e+03 1.812048101046322323e-08 1.830644956304583219e-07 2.233764440576797380e-08 4.043512097382052105e-08
1.525000000000000000e+03 1.526000000000000000e+03 1.379544602557706512e-08 1.830623654624281901e-07 2.027698798612909400e-08 4.223811174512781932e-08
1.526000000000000000e+03 1.527000000000000000e+03 1.125714011148832058e-08 1.133006051128271176e-07 1.713076491540135110e-08 2.847528301846588347e-08
1.527000000000000000e+03 1.528000000000000000e+03 9.839800850223179264e-09 1.124815281601660517e-07 1.444562904859309564e-08 2.007248472632091687e-08
1.528000000000000000e+03 1.529000000000000000e+03 9.983392549070364157e-09 1.202480444644521267e-07 1.181474772814356061e-08 1.910263164964627269e-08
1.529000000000000000e+03 1.530000000000000000e+03 2.352866987624044944e-03 1.456573889066744946e-02 1.061674247950144737e-04 4.769633290866292651e-04
1.530000000000000000e+03 1.531000000000000000e+03 1.442551220494855697e-03 7.970218097255290027e-03 9.852582476430761353e-05 3.036529432150109368e-04
1.531000000000000000e+03 1.532000000000000000e+03 3.635084190006907141e-04 2.817469506119087141e-03 6.534832853239630013e-05 1.475946576183904306e-04
1.532000000000000000e+03 1.533000000000000000e+03 4.115456211480842796e-05 3.299731842906097976e-04 2.204576524183440742e-05 7.505925261038862172e-05
1.533000000000000000e+03 1.534000000000000000e+03 6.014349253782119394e-05 5.693090037380235018e-04 1.095879027796253033e-05 3.014633397999645910e-05
1.534000000000000000e+03 1.535000000000000000e+03 1.123289078274702406e-05 7.121930198840034773e-05 1.652580782287197555e-05 2.857079550321005019e-05
1.535000000000000000e+03 1.536000000000000000e+03 7.501646247496857709e-06 4.274110075027778632e-05 1.577088217517275522e-05 2.682297714880064709e-05
1.536000000000000000e+03 1.537000000000000000e+03 5.516883453082371914e-06 2.934513544087526230e-05 1.265624899956240746e-05 2.176585311156266800e-05
1.537000000000000000e+03 1.538000000000000000e+03 4.152384031277520638e-06 1.965673920467640208e-05 9.637646569981331404e-06 1.714932210859199769e-05
1.538000000000000000e+03 1.539000000000000000e+03 3.360664806012627873e-06 1.376193655966703131e-05 7.188603916667096362e-06 1.278273199245080494e-05
1.539000000000000000e+03 1.540000000000000000e+03 2.686688154908578420e-06 1.017757677370017871e-05 5.754792002206080515e-06 9.819579741479983145e-06
1.540000000000000000e+03 1.541000000000000000e+03 2.198509901891391661e-06 7.615836356646331195e-06 4.700899228800364310e-06 7.493779985905229052e-06
1.541000000000000000e+03 1.542000000000000000e+03 7.795393257782929852e-06 9.518020945110880753e-05 5.083413277495195040e-06 1.051967657857798678e-04
1.542000000000000000e+03 1.543000000000000000e+03 3.688451669438042073e-06 2.332088080528369709e-05 3.116998763988592308e-06 1.290535934021804029e-05
1.543000000000000000e+03 1.544000000000000000e+03 7.042957466236760773e-06 6.256909509478735410e-05 2.552298210626843526e-06 4.247714279906281871e-06
1.544000000000000000e+03 1.545000000000000000e+03 1.710275256299670498e-06 1.723116760254487118e-05 2.068213052952966139e-06 2.960979989918936140e-06
1.545000000000000000e+03 1.546000000000000000e+03 1.366676298843011841e-06 1.248972743821187580e-05 1.687833494864941886e-06 7.841282435622649386e-06
1.546000000000000000e+03 1.547000000000000000e+03 1.180495116110416708e-06 4.523193610148409131e-06 1.532302010902782977e-06 4.106949840378194250e-06
1.547000000000000000e+03 1.548000000000000000e+03 9.584993520156465964e-07 2.840976745650997565e-06 1.232873480308038380e-06 2.827266183152083345e-06
1.548000000000000000e+03 1.549000000000000000e+03 7.894381782321768281e-07 2.366777525716413734e-06 9.833968892502118606e-07 2.088299585209104968e-06
1.549000000000000000e+03 1.550000000000000000e+03 6.469915676245299041e-07 1.545368698588975270e-06 7.920592225321349992e-07 1.499536937808810426e-06
1.550000000000000000e+03 1.551000000000000000e+03 6.463812620860592558e-07 5.036425356954926988e-06 6.450497291156784876e-07 1.107022457349286730e-06
1.551000000000000000e+03 1.552000000000000000e+03 4.541242869820786682e-07 9.464366823412120070e-07 5.246675630266260570e-07 8.322896563597092895e-07
1.552000000000000000e+03 1.553000000000000000e+03 3.652537793998570056e-07 6.556889603722270435e-07 4.247002799249963917e-07 6.273815836664124046e-07
1.553000000000000000e+03 1.554000000000000000e+03 2.963045495308183002e-07 4.995351651583023273e-07 3.529376562148097291e-07 4.768669857552183110e-07
1.554000000000000000e+03 1.555000000000000000e+03 2.322204613006049807e-07 3.871459229125242637e-07 2.832109594744973130e-07 3.809443443300679378e-07
1.555000000000000000e+03 1.556000000000000000e+03 1.876191084829072760e-07 3.067893696813879222e-07 2.343637984110527827e-07 3.032410525460272547e-07
1.556000000000000000e+03 1.557000000000000000e+03 1.514059759335620625e-07 2.559090692833415513e-07 1.946516823793122323e-07 2.481448283674256749e-07
1.557000000000000000e+03 1.558000000000000000e+03 1.219462615603202548e-07 2.021051830773115006e-07 1.586175407360978067e-07 1.998492173176565968e-07
1.558000000000000000e+03 1.559000000000000000e+03 1.006892785247592366e-07 2.237528545789523448e-07 1.330849428872515323e-07 1.602662617548454624e-07
1.559000000000000000e+03 1.560000000000000000e+03 2.876237893209037028e-04 3.339293287844082025e-03 2.722673618420002922e-04 6.010866828342135678e-04
1.560000000000000000e+03 1.561000000000000000e+03 8.218394627074684130e-05 5.479224554784285772e-04 1.652227367016970941e-04 3.240937614470018211e-04
1.561000000000000000e+03 1.562000000000000000e+03 4.637237955058590264e-05 2.232246956682748876e-04 1.154168716195807316e-04 2.036135444784599620e-04
1.562000000000000000e+03 1.563000000000000000e+03 3.164338633782393692e-05 1.235258914618692831e-04 8.204654626874743385e-05 1.237781464522069762e-04
1.563000000000000000e+03 1.564000000000000000e+03 3.026949756795417563e-05 9.846326470331888425e-05 6.024022680170731042e-05 7.577882318988047000e-05
1.564000000000000000e+03 1.565000000000000000e+03 1.917705036714510925e-05 5.340907853302130279e-05 4.655182345327323572e-05 5.382119916847897612e-05
1.565000000000000000e+03 1.566000000000000000e+03 1.692252688102687696e-05 1.180932596700396575e-04 3.755906007368299782e-05 4.124043222726513319e-05
1.566000000000000000e+03 1.567000000000000000e+03 1.147695441027995708e-05 3.290774935930766698e-05 3.056729955025624338e-05 3.272411712214665092e-05
1.567000000000000000e+03 1.568000000000000000e+03 9.083882118938564284e-06 2.492567868610609346e-05 2.412413035055289669e-05 2.502737419969980039e-05
1.568000000000000000e+03 1.569000000000000000e+03 7.330664352535124323e-06 1.985840019874906382e-05 1.914072328713727170e-05 1.979677144063894710e-05
1.569000000000000000e+03 1.570000000000000000e+03 5.937192006503026291e-06 1.600117608450949991e-05 1.530255600985339651e-05 1.598065802611087422e-05
1.570000000000000000e+03 1.571000000000000000e+03 4.828393442691993669e-06 1.291484393334342571e-05 1.233130918504582254e-05 1.292667380296573518e-05
1.571000000000000000e+03 1.572000000000000000e+03 3.933070458332678828e-06 1.043951208652431738e-05 9.986598883554519113e-06 1.046222110332239045e-05
1.572000000000000000e+03 1.573000000000000000e+03 3.201630769407658845e-06 8.447722345091475833e-06 8.101062326518662158e-06 8.471154172640204107e-06
1.573000000000000000e+03 1.574000000000000000e+03 2.586951574627901559e-06 6.875692636699396853e-06 6.580498540050282557e-06 6.866617226764228756e-06
1.574000000000000000e+03 1.575000000000000000e+03 2.392479813964415941e-06 2.090991385490910688e-05 5.317572491039729206e-06 5.582874968089638305e-06
1.575000000000000000e+03 1.576000000000000000e+03 1.635573017180587966e-06 4.510845653399575494e-06 4.338591707504325050e-06 4.529573249634467972e-06
1.576000000000000000e+03 1.577000000000000000e+03 1.304017353506469672e-06 3.635958889688223430e-06 3.502855280980528243e-06 3.623512475270878335e-06
1.577000000000000000e+03 1.578000000000000000e+03 1.047280198792360857e-06 2.913843157984836011e-06 2.826998057980503570e-06 2.920208587044734699e-06
1.578000000000000000e+03 1.579000000000000000e+03 8.498842866821745746e-07 2.390217854322996714e-06 2.295909192817417502e-06 2.370192089746426799e-06
1.579000000000000000e+03 1.580000000000000000e+03 6.892024750146071713e-07 1.921338933871045714e-06 1.866196840758488775e-06 1.927027378882393961e-06
1.580000000000000000e+03 1.581000000000000000e+03 5.649277025851394579e-07 1.588307594060679661e-06 1.517776068425328390e-06 1.566644606866701672e-06
1.581000000000000000e+03 1.582000000000000000e+03 4.620955087044154682e-07 1.269803199286011857e-06 1.233948067141368248e-06 1.273389302724931988e-06
1.582000000000000000e+03 1.583000000000000000e+03 2.135103168895439773e-06 1.884197064906429310e-05 1.001612893337271095e-06 1.068208988105383382e-06
1.583000000000000000e+03 1.584000000000000000e+03 4.100676067767145647e-07 1.218798650651370091e-06 8.192076472924379422e-07 8.440180505618205728e-07
1.584000000000000000e+03 1.585000000000000000e+03 3.016131012924943317e-07 7.473201722684948722e-07 6.699160718644065403e-07 6.879319101221628370e-07
1.585000000000000000e+03 1.586000000000000000e+03 2.359473468351961908e-07 5.640719805440456923e-07 5.457176833977449717e-07 5.594960296740654267e-07
1.586000000000000000e+03 1.587000000000000000e+03 1.874441411215033056e-07 4.811228315477046943e-07 4.445610095637328907e-07 4.555340884831835485e-07
1.587000000000000000e+03 1.588000000000000000e+03 1.496354691588975147e-07 3.695965024411826601e-07 3.612216284600847694e-07 3.703706049371933256e-07
1.588000000000000000e+03 1.589000000000000000e+03 1.221868740296523475e-07 3.266660218586801450e-07 2.934103332806754002e-07 3.011927667235093788e-07
1.589000000000000000e+03 1.590000000000000000e+03 4.687636757184179305e-04 5.207005172057807899e-03 1.133110954728740047e-04 2.604631497947593795e-03
1.590000000000000000e+03 1.591000000000000000e+03 1.099878946354174673e-04 6.517022498491052609e-04 2.002468469953532691e-05 3.985783708907007653e-04
1.591000000000000000e+03 1.592000000000000000e+03 8.492001004010887432e-05 4.031987274917949522e-04 1.481990794204669903e-05 2.740865519354901414e-04
1.592000000000000000e+03 1.593000000000000000e+03 6.412074634397932436e-05 2.598111169623446319e-04 1.124425906332095213e-05 1.943037503080128226e-04
1.593000000000000000e+03 1.594000000000000000e+03 4.934215816609556656e-05 1.729064673768596679e-04 8.662467116672532518e-06 1.402165917474414668e-04
1.594000000000000000e+03 1.595000000000000000e+03 4.324046156783165724e-05 2.327652450372947744e-04 6.719774690427817606e-06 1.028908943178705854e-04
1.595000000000000000e+03 1.596000000000000000e+03 3.037548600622576924e-05 8.243959755486286517e-05 5.279436511020678405e-06 7.700540487758901432e-05
1.596000000000000000e+03 1.597000000000000000e+03 2.863070908673888578e-05 9.648885215231407352e-05 4.215530409607333003e-06 5.900090556394027889e-05
1.597000000000000000e+03 1.598000000000000000e+03 2.064624969746770106e-05 5.726023397153367979e-05 3.297470471601102345e-06 4.541200838587927625e-05
1.598000000000000000e+03 1.599000000000000000e+03 1.547963956737825701e-05 3.519444126388344008e-05 2.678462525410607021e-06 3.517647845861818733e-05
1.599000000000000000e+03 1.600000000000000000e+03 1.254714248609246452e-05 4.744075816532822743e-05 2.043867721350504922e-06 2.735746642198610588e-05
1.600000000000000000e+03 1.601000000000000000e+03 9.697778990637565032e-06 2.139892164795668440e-05 1.808339829291799959e-06 2.142210212284070744e-05
1.601000000000000000e+03 1.602000000000000000e+03 7.781315296134135232e-06 1.687607532501833683e-05 1.437414112826146325e-06 1.688800477812114784e-05
1.602000000000000000e+03 1.603000000000000000e+03 6.282448482306589171e-06 1.346236121641166307e-05 1.144908930951278810e-06 1.335892326892062256e-05
1.603000000000000000e+03 1.604000000000000000e+03 5.025263232330638900e-06 1.059733731782380975e-05 9.227959643271614485e-07 1.060026442721840299e-05
1.604000000000000000e+03 1.605000000000000000e+03 4.035358443111330266e-06 8.413568148676971897e-06 7.400160190884889927e-07 8.429958005619058044e-06
1.605000000000000000e+03 1.606000000000000000e+03 3.239732448355551026e-06 6.686572045888961700e-06 5.946230467341054013e-07 6.702611910365548294e-06
1.606000000000000000e+03 1.607000000000000000e+03 2.590941050141837026e-06 5.325891211018175315e-06 4.783049974512099606e-07 5.338201317981982656e-06
1.607000000000000000e+03 1.608000000000000000e+03 2.072133275606641326e-06 4.240646519855649367e-06 3.847341186281550681e-07 4.251049131504107493e-06
1.608000000000000000e+03 1.609000000000000000e+03 1.657004736450325280e-06 3.378557332064529461e-06 3.100967734252416128e-07 3.386790267235221338e-06
1.609000000000000000e+03 1.610000000000000000e+03 1.324447662038424241e-06 2.694996085267285182e-06 2.495744426655187073e-07 2.701435062151845488e-06
1.610000000000000000e+03 1.611000000000000000e+03 1.058592614851235089e-06 2.146361852855784920e-06 2.012279352331920444e-07 2.151844498337998481e-06
1.611000000000000000e+03 1.612000000000000000e+03 8.467331282787589436e-07 1.717344078203476022e-06 1.624674578887180707e-07 1.720421987547823539e-06
1.612000000000000000e+03 1.613000000000000000e+03 6.823530752434474894e-07 1.671378174297395407e-06 1.322668921424438973e-07 1.375354468086734902e-06
1.613000000000000000e+03 1.614000000000000000e+03 5.600133957053264827e-07 1.174811978396180601e-06 1.086161680164811157e-07 1.094688577865293962e-06
1.614000000000000000e+03 1.615000000000000000e+03 5.134857001220210716e-07 2.059642321553745501e-06 8.467360844392192266e-08 8.678649739870005666e-07
1.615000000000000000e+03 1.616000000000000000e+03 5.060560038797877903e-07 3.501718906519105459e-06 6.262200820608797898e-08 6.953806721879373670e-07
1.616000000000000000e+03 1.617000000000000000e+03 2.974703174724910861e-07 7.618374788987459578e-07 5.145655743764865243e-08 5.570540484979288427e-07
1.617000000000000000e+03 1.618000000000000000e+03 9.399135717268736876e-07 1.085200736262630532e-05 1.956672861051741814e-07 7.430178380924419947e-06
1.618000000000000000e+03 1.619000000000000000e+03 8.896341840963502523e-07 5.483371153170138167e-06 1.870703028889531675e-07 5.132777097547265067e-06
1.619000000000000000e+03 1.620000000000000000e+03 3.388121505430086362e-04 2.639706243510007207e-03 1.870484227398168278e-05 2.872830000158980702e-05
1.620000000000000000e+03 1.621000000000000000e+03 9.240745343304867469e-05 4.153904045989082155e-04 6.358227785676218434e-06 3.522561167842452076e-05
1.621000000000000000e+03 1.622000000000000000e+03 4.559921750544217308e-05 2.151514919658475771e-04 4.118403112011793761e-06 3.956936119068855750e-05
1.622000000000000000e+03 1.623000000000000000e+03 2.456406593049259273e-05 1.195266431458257201e-04 2.497155524869332801e-06 3.603184564711211710e-05
1.623000000000000000e+03 1.624000000000000000e+03 1.419351302517101495e-05 6.805097584706377360e-05 1.711929849226293361e-06 2.863180501411201229e-05
1.624000000000000000e+03 1.625000000000000000e+03 8.962594853345888686e-06 4.057675392770832142e-05 1.271246213819880914e-06 2.156810695335058221e-05
1.625000000000000000e+03 1.626000000000000000e+03 6.083581485507176374e-06 2.465348591867498308e-05 1.004144570852299320e-06 1.596215199562828655e-05
1.626000000000000000e+03 1.627000000000000000e+03 4.389510225366624022e-06 1.545072441434780611e-05 8.089578969972205213e-07 1.171455231100530746e-05
1.627000000000000000e+03 1.628000000000000000e+03 3.358965158764874536e-06 1.342999210011665157e-05 6.054562191205580594e-07 8.611910384294089896e-06
1.628000000000000000e+03 1.629000000000000000e+03 2.529661022832100137e-06 7.300723833772953766e-06 4.970048831975730769e-07 6.383110608119634373e-06
1.629000000000000000e+03 1.630000000000000000e+03 1.981110241187449407e-06 5.156792339763935378e-06 4.082478514028287587e-07 4.806733186492823216e-06
1.630000000000000000e+03 1.631000000000000000e+03 1.556465433721608243e-06 3.812478647821296346e-06 3.262558411029578728e-07 3.681932004930624411e-06
1.631000000000000000e+03 1.632000000000000000e+03 1.232694385193353409e-06 2.890366328051472638e-06 2.592282162058673473e-07 2.856138671413346838e-06
1.632000000000000000e+03 1.633000000000000000e+03 9.865782476843697767e-07 2.236773218195802635e-06 2.017658700772384859e-07 2.233380983267782502e-06
1.633000000000000000e+03 1.634000000000000000e+03 7.905310942980319539e-07 1.754269307183486843e-06 1.610966775627867917e-07 1.754069816146502028e-06
1.634000000000000000e+03 1.635000000000000000e+03 6.352363315447790282e-07 1.382891763123762320e-06 1.290393822987192756e-07 1.383255054894737596e-06
1.635000000000000000e+03 1.636000000000000000e+03 5.358343687493784829e-07 1.567002678374509863e-06 1.022527884600831451e-07 1.104750800754836197e-06
1.636000000000000000e+03 1.637000000000000000e+03 4.129045520567163666e-07 8.756649133533216110e-07 8.095136470082308791e-08 8.773886602643913885e-07
1.637000000000000000e+03 1.638000000000000000e+03 3.338662872528975572e-07 7.015915053184043215e-07 1.653266311329079069e-07 6.931516537788439864e-07
1.638000000000000000e+03 1.639000000000000000e+03 2.698043518803934999e-07 5.569956220723275333e-07 1.608959729863046898e-07 5.578154429895096968e-07
1.639000000000000000e+03 1.640000000000000000e+03 2.183616261175549647e-07 4.397081833833496794e-07 1.398239634120842222e-07 4.404445672835512028e-07
1.640000000000000000e+03 1.641000000000000000e+03 1.748346636807816204e-07 3.486316025310451955e-07 1.158769410405567419e-07 3.489465157519897315e-07
1.641000000000000000e+03 1.642000000000000000e+03 1.411070717477024130e-07 2.769890400928314816e-07 9.530056643953032117e-08 2.771010745359795176e-07
1.642000000000000000e+03 1.643000000000000000e+03 8.435234267795738792e-07 1.412443746855401270e-05 8.199649333833172354e-08 2.352081569854420295e-07
1.643000000000000000e+03 1.644000000000000000e+03 1.356391519552977402e-07 8.340378873643229334e-07 6.931426075832174208e-08 1.825399520629904290e-07
1.644000000000000000e+03 1.645000000000000000e+03 7.437751911184162972e-08 1.968720610632117136e-07 5.446217524061810626e-08 1.455493024286334912e-07
1.645000000000000000e+03 1.646000000000000000e+03 5.680250345164194411e-08 1.767589242133566049e-07 3.999477305937919227e-08 1.134227945844931957e-07
1.646000000000000000e+03 1.647000000000000000e+03 4.662744375657940078e-08 1.463255430046181488e-07 5.146990674395652865e-08 8.797990924394919304e-08
1.647000000000000000e+03 1.648000000000000000e+03 3.931872383734449567e-08 9.681099107271506496e-08 3.323463024908030907e-08 7.537161823094784651e-08
1.648000000000000000e+03 1.649000000000000000e+03 3.429542953255403047e-08 9.883671082488808521e-08 2.827260430588911804e-08 5.845620067050200507e-08
1.649000000000000000e+03 1.650000000000000000e+03 3.254793268353879014e-04 1.663233981910203826e-03 2.506071649438933229e-05 6.703375653135960812e-04
1.650000000000000000e+03 1.651000000000000000e+03 9.391729494440849836e-05 8.671118704126463093e-04 1.724373653984691209e-05 4.648882713477711821e-04
1.651000000000000000e+03 1.652000000000000000e+03 7.412937966212371482e-05 3.479435362993167765e-04 1.602081759484786820e-05 2.716523147102376814e-04
1.652000000000000000e+03 1.653000000000000000e+03 5.815268959591082576e-05 2.387298278915842237e-04 1.227307556991772723e-05 1.605860971370321388e-04
1.653000000000000000e+03 1.654000000000000000e+03 2.982947524972441637e-05 1.346909053102507555e-04 5.924881432706804313e-06 2.912877949607452942e-05
1.654000000000000000e+03 1.655000000000000000e+03 1.173841393886776628e-05 4.894847400706748999e-05 3.206617821409983521e-06 8.988961876486344316e-06
1.655000000000000000e+03 1.656000000000000000e+03 4.840030935461778983e-06 1.541776686574014796e-05 1.834654547797165534e-06 6.367906097437011442e-06
1.656000000000000000e+03 1.657000000000000000e+03 2.684546230470963524e-06 9.553109286330251451e-06 1.176519833188007571e-06 4.515118252139593477e-06
1.657000000000000000e+03 1.658000000000000000e+03 1.560276966948540315e-06 5.485121817482622490e-06 8.886954260021975093e-07 2.990448419014270152e-06
1.658000000000000000e+03 1.659000000000000000e+03 9.295829498990569104e-07 3.067580210340359084e-06 6.968132087921622531e-07 1.992741625783315854e-06
1.659000000000000000e+03 1.660000000000000000e+03 5.587964530571517467e-07 1.742031199832692889e-06 5.306252569777203677e-07 1.305764928097922405e-06
1.660000000000000000e+03 1.661000000000000000e+03 3.497230236873882984e-07 1.040121546875414079e-06 4.221163636641966630e-07 8.396196464244741336e-07
1.661000000000000000e+03 1.662000000000000000e+03 2.234897500475823847e-07 5.933055417041234360e-07 3.437571609858783997e-07 5.286881006046936922e-07
1.662000000000000000e+03 1.663000000000000000e+03 1.512673560877376528e-07 3.785875285513049827e-07 2.835368247276822759e-07 3.619766347202245796e-07
1.663000000000000000e+03 1.664000000000000000e+03 1.095686928036972207e-07 3.638612215598731205e-07 2.267871634448110012e-07 2.591186842800462424e-07
1.664000000000000000e+03 1.665000000000000000e+03 2.026879149832302077e-07 3.958445791845778344e-06 1.888115467019996823e-07 1.722418575851906728e-06
1.665000000000000000e+03 1.666000000000000000e+03 1.059185344722609441e-07 6.594053490603394670e-07 1.595871764887157112e-07 5.604838871881611348e-07
1.666000000000000000e+03 1.667000000000000000e+03 5.913088987888144852e-08 2.888826819418551765e-07 1.240841047678547902e-07 2.284742452283063757e-07
1.667000000000000000e+03 1.668000000000000000e+03 4.237558314478730998e-08 1.398146637238756075e-07 1.003967048925091210e-07 1.241331613281521763e-07
1.668000000000000000e+03 1.669000000000000000e+03 9.980911122993308520e-08 8.198088505761546604e-07 7.576601592943455545e-08 8.523659090066935569e-08
1.669000000000000000e+03 1.670000000000000000e+03 3.116187830511575868e-08 1.080208113499864046e-07 6.365515402206559145e-08 6.670099479655768574e-08
1.670000000000000000e+03 1.671000000000000000e+03 4.379725924965663976e-08 4.881734711925389016e-07 5.173123823035093913e-08 5.428510240616312316e-08
1.671000000000000000e+03 1.672000000000000000e+03 2.789943123674164130e-08 2.003793112072257507e-07 3.981970814987696912e-08 4.797277356567590503e-08
1.672000000000000000e+03 1.673000000000000000e+03 1.574425215906567654e-08 1.694753248562864757e-07 3.114115185177849489e-08 3.420684870010788380e-08
1.673000000000000000e+03 1.674000000000000000e+03 2.437009872197207423e-06 4.194856322112924585e-05 4.520355917394663380e-08 8.862360802271146212e-08
1.674000000000000000e+03 1.675000000000000000e+03 3.106752963939957965e-07 2.342445939384577205e-06 4.989177895069407321e-08 7.483327916659629170e-08
1.675000000000000000e+03 1.676000000000000000e+03 1.296728832740407001e-07 1.279643111331352934e-06 2.188792535479868555e-08 4.169298903588486314e-08
1.676000000000000000e+03 1.677000000000000000e+03 5.960613459026332094e-08 3.316057020035060439e-07 2.250748245145736989e-08 3.404117394908585152e-08
1.677000000000000000e+03 1.678000000000000000e+03 3.345505103574853966e-08 1.700629950621312040e-07 2.569940509450359241e-08 3.579577425168006343e-08
1.678000000000000000e+03 1.679000000000000000e+03 2.002323133378071550e-08 1.510981441209725709e-07 1.856973050065170779e-08 3.084779912382250369e-08
1.679000000000000000e+03 1.680000000000000000e+03 4.172387212207977160e-04 2.073988389092984094e-03 2.902344819363094361e-04 7.580745958742285059e-04
1.680000000000000000e+03 1.681000000000000000e+03 6.784717541499179323e-05 3.442178166609976848e-04 8.464690851585860234e-05 9.959922132714972922e-05
1.681000000000000000e+03 1.682000000000000000e+03 4.178229465436895913e-05 1.800510116778508533e-04 6.717909099982627419e-05 7.701959796562802456e-05
1.682000000000000000e+03 1.683000000000000000e+03 2.748664001094215268e-05 1.010468387148113687e-04 5.435757036605642228e-05 5.988066536059633374e-05
1.683000000000000000e+03 1.684000000000000000e+03 1.875884367100505890e-05 5.995838004014044113e-05 4.402046468407698596e-05 4.737587534478523532e-05
1.684000000000000000e+03 1.685000000000000000e+03 1.351724404940206363e-05 3.841304270991328311e-05 3.572007959177867376e-05 3.775163106587668406e-05
1.685000000000000000e+03 1.686000000000000000e+03 1.037435995462464904e-05 3.037669821489615295e-05 2.904328674935061270e-05 3.043633657247706036e-05
1.686000000000000000e+03 1.687000000000000000e+03 8.304091609248714483e-06 2.454039391102946844e-05 2.357933019947004705e-05 2.460409816679414162e-05
1.687000000000000000e+03 1.688000000000000000e+03 6.771187488643939009e-06 1.990856218700680973e-05 1.917841593754304950e-05 1.996578189275290840e-05
1.688000000000000000e+03 1.689000000000000000e+03 5.541669604295542591e-06 1.615233390442220916e-05 1.558336385628860776e-05 1.618726307364671155e-05
1.689000000000000000e+03 1.690000000000000000e+03 4.532574033206267511e-06 1.309699996089487420e-05 1.265313214104762829e-05 1.312482167500823407e-05
1.690000000000000000e+03 1.691000000000000000e+03 3.699080178639124228e-06 1.061714632672291136e-05 1.026634747369186500e-05 1.063978526211731859e-05
1.691000000000000000e+03 1.692000000000000000e+03 3.014089232174601845e-06 8.605597776454014541e-06 8.320907581134090082e-06 8.622257953717051357e-06
1.692000000000000000e+03 1.693000000000000000e+03 2.453979401149913667e-06 6.971674251542815532e-06 6.740892786637842914e-06 6.983774719582235452e-06
1.693000000000000000e+03 1.694000000000000000e+03 1.998573721936037985e-06 5.648453019403317429e-06 5.459259589736651241e-06 5.658016115030167912e-06
1.694000000000000000e+03 1.695000000000000000e+03 1.628579291968164281e-06 4.575941972200138525e-06 4.422720308082471786e-06 4.583352462203280874e-06
1.695000000000000000e+03 1.696000000000000000e+03 1.328279139758397388e-06 3.707344443424490164e-06 3.580543432086488696e-06 3.713800789117383651e-06
1.696000000000000000e+03 1.697000000000000000e+03 1.082912159413711641e-06 2.998853460084058220e-06 2.899360336124325634e-06 3.007085240841089536e-06
1.697000000000000000e+03 1.698000000000000000e+03 8.848362898263918255e-07 2.430140093912065908e-06 2.347710553458832709e-06 2.434760252779926113e-06
1.698000000000000000e+03 1.699000000000000000e+03 7.093174517893064008e-07 1.968673949613142312e-06 1.902458314068308524e-06 1.972727190334299269e-06
1.699000000000000000e+03 1.700000000000000000e+03 5.618638500657874803e-07 1.564937566655169550e-06 1.508652554116249872e-06 1.565366891179942136e-06
1.700000000000000000e+03 1.701000000000000000e+03 4.641305256091739324e-07 1.279507271477825686e-06 1.236001108699715176e-06 1.285043333386505308e-06
1.701000000000000000e+03 1.702000000000000000e+03 3.819198999312631465e-07 1.036146609704768369e-06 9.999596850052345950e-07 1.037943796309697792e-06
1.702000000000000000e+03 1.703000000000000000e+03 3.143028694680947390e-07 8.379900595674473863e-07 8.095612804019520625e-07 8.401978180609210899e-07
1.703000000000000000e+03 1.704000000000000000e+03 2.582023950682829539e-07 6.786642327846147876e-07 6.560924575203243056e-07 6.804264999744423375e-07
1.704000000000000000e+03 1.705000000000000000e+03 2.119141234607147432e-07 5.495782006295547073e-07 5.314527390481551934e-07 5.509147767779664249e-07
1.705000000000000000e+03 1.706000000000000000e+03 1.718271942990904137e-07 4.352299046160882853e-07 4.212033138926642403e-07 4.359868592527867820e-07
1.706000000000000000e+03 1.707000000000000000e+03 1.401844697855552567e-07 3.548086115978669059e-07 3.449305469396164816e-07 3.565593263500753833e-07
1.707000000000000000e+03 1.708000000000000000e+03 1.128927780175622149e-07 2.930803481138126073e-07 2.802995725338174460e-07 2.899853914286866845e-07
1.708000000000000000e+03 1.709000000000000000e+03 9.137263344250578680e-08 2.371574693725079027e-07 2.257357697935352592e-07 2.346197493824782123e-07
1.709000000000000000e+03 1.710000000000000000e+03 1.804861220167230799e-04 1.837809109887824895e-03 3.941319129242155815e-06 6.352528076215240417e-05
1.710000000000000000e+03 1.711000000000000000e+03 1.282146678276659460e-04 1.362906995156055751e-03 1.089935853590116918e-06 4.323881984106606305e-05
1.711000000000000000e+03 1.712000000000000000e+03 2.265231162340950683e-05 1.288421909450551206e-04 1.468271886893345602e-06 1.675597991102032607e-05
1.712000000000000000e+03 1.713000000000000000e+03 7.989327332683689780e-06 5.790361233680615656e-05 1.823167184008265072e-06 8.713594943342166442e-06
1.713000000000000000e+03 1.714000000000000000e+03 3.326952378115975241e-06 1.583439039620812601e-05 1.717897557095443490e-06 4.410336804223991972e-06
1.714000000000000000e+03 1.715000000000000000e+03 1.917382163711495227e-06 1.182478954151760651e-05 1.262628984784714290e-06 3.961293963848783658e-06
1.715000000000000000e+03 1.716000000000000000e+03 1.053249735422725163e-06 3.907779388233227418e-06 8.574654627754603744e-07 1.523153817585343766e-06
1.716000000000000000e+03 1.717000000000000000e+03 6.076545373935079611e-07 2.704989055288144664e-06 6.083678840998266855e-07 9.086068329704925295e-07
1.717000000000000000e+03 1.718000000000000000e+03 3.602934798077657963e-07 1.242422906102282442e-06 4.571842646746955486e-07 5.499597616393689128e-07
1.718000000000000000e+03 1.719000000000000000e+03 2.115495305594580892e-07 7.433871904103904928e-07 3.603525349948622735e-07 4.032551804794608405e-07
1.719000000000000000e+03 1.720000000000000000e+03 1.460298334243814210e-07 4.948902582322488532e-07 2.908687208867153545e-07 3.203677324526736582e-07
1.720000000000000000e+03 1.721000000000000000e+03 1.124817747741524740e-07 3.373412564673159966e-07 2.355867847553878349e-07 2.569379267583146805e-07
1.721000000000000000e+03 1.722000000000000000e+03 8.789514870962338615e-08 2.316774046304866188e-07 1.906262015503444542e-07 2.058714947963561535e-07
1.722000000000000000e+03 1.723000000000000000e+03 6.959240202429164215e-08 1.708242146744238886e-07 1.540489859105936151e-07 1.649893435963297727e-07
1.723000000000000000e+03 1.724000000000000000e+03 8.267587865194009636e-08 6.721570275725385470e-07 1.248932678350099179e-07 1.325604187029649495e-07
1.724000000000000000e+03 1.725000000000000000e+03 2.246681511171431819e-06 5.596268867712062413e-05 4.048355754732216968e-07 2.420287090457490698e-05
1.725000000000000000e+03 1.726000000000000000e+03 1.345568149112299984e-05 2.247014855399558726e-04 3.636674710286227367e-07 8.258066660698206238e-06
1.726000000000000000e+03 1.727000000000000000e+03 1.971485149989806610e-06 1.310731558644707273e-05 2.964321222071853537e-07 3.956652668549558781e-06
1.727000000000000000e+03 1.728000000000000000e+03 8.660637153075371661e-07 4.187932465329477700e-06 1.524419099517960967e-07 1.836106891990002361e-06
1.728000000000000000e+03 1.729000000000000000e+03 9.733662996146260671e-07 1.225694903980848197e-05 9.536902017391528457e-08 1.314499320666320526e-06
1.729000000000000000e+03 1.730000000000000000e+03 3.330292814893975290e-07 1.213563714449306928e-06 1.259265732996490483e-07 9.952478350412905298e-07
1.730000000000000000e+03 1.731000000000000000e+03 2.304679759759701667e-07 7.577294239727879792e-07 1.282413599079065535e-07 7.438467976122887857e-07
1.731000000000000000e+03 1.732000000000000000e+03 1.686649817577406323e-07 5.556053539013395791e-07 1.148665225425639421e-07 5.297527431775348101e-07
1.732000000000000000e+03 1.733000000000000000e+03 3.897078579117048876e-07 5.743687295338420927e-06 9.846566259101858347e-08 3.745525812808671465e-07
1.733000000000000000e+03 1.734000000000000000e+03 1.844329829455381496e-07 9.387486857422025677e-07 9.243623661955253863e-08 2.687886990932903086e-07
1.734000000000000000e+03 1.735000000000000000e+03 1.063103693608652637e-07 4.847140975015495854e-07 7.337032388764318250e-08 1.910658516616422246e-07
1.735000000000000000e+03 1.736000000000000000e+03 7.383315870627299970e-08 2.752949703162366289e-07 4.369641608353964011e-08 1.365447878127498225e-07
1.736000000000000000e+03 1.737000000000000000e+03 2.000721827016722384e-07 3.218030938764075955e-06 3.018070872442197374e-08 1.158480875225649371e-07
1.737000000000000000e+03 1.738000000000000000e+03 8.427675990381079008e-08 5.204796730509130239e-07 2.047880586447204041e-08 1.082643225491590273e-07
1.738000000000000000e+03 1.739000000000000000e+03 4.638300577006915545e-08 2.931150564481841700e-07 2.039256244992272117e-08 8.077923761767431642e-08
1.739000000000000000e+03 1.740000000000000000e+03 1.726270693151332357e-04 9.219590884299361981e-04 3.125949924470469298e-05 1.073730812677673536e-04
1.740000000000000000e+03 1.741000000000000000e+03 4.849537660130626767e-05 2.642531396989742775e-04 2.269815411326479149e-05 6.054829329519520898e-05
1.741000000000000000e+03 1.742000000000000000e+03 2.443072707688581446e-05 1.128965008336394512e-04 1.752645114008494304e-05 3.869589729332793831e-05
1.742000000000000000e+03 1.743000000000000000e+03 1.528556739086150143e-05 6.021947537069932081e-05 1.434210292254666626e-05 2.631373353915607678e-05
1.743000000000000000e+03 1.744000000000000000e+03 9.231607550645916320e-06 3.354285658551655952e-05 1.213828359273846967e-05 1.828297343541099182e-05
1.744000000000000000e+03 1.745000000000000000e+03 5.851494963345903956e-06 1.864937715474685652e-05 9.938442242513096270e-06 1.273270953243481625e-05
1.745000000000000000e+03 1.746000000000000000e+03 3.932093752449419805e-06 1.116671213181314847e-05 8.116614772930443820e-06 9.207866117899309472e-06
1.746000000000000000e+03 1.747000000000000000e+03 2.796567450962337764e-06 7.572898807702276250e-06 6.617019940766627752e-06 7.307163913319776073e-06
1.747000000000000000e+03 1.748000000000000000e+03 2.110656496304044299e-06 5.843571578370182483e-06 5.386159530062304077e-06 5.829553922947303422e-06
1.748000000000000000e+03 1.749000000000000000e+03 2.069064260595862871e-06 1.291273927559125897e-05 4.373151399146367611e-06 4.675665100439732925e-06
1.749000000000000000e+03 1.750000000000000000e+03 1.337904831847975044e-06 3.725330084443970633e-06 3.547263351721552263e-06 3.743353561480839024e-06
1.750000000000000000e+03 1.751000000000000000e+03 1.069128641644910225e-06 2.996508630657468022e-06 2.877088906944606211e-06 3.016701507047202520e-06
1.751000000000000000e+03 1.752000000000000000e+03 8.664717200241414927e-07 2.518327259118685391e-06 2.392387145982064839e-06 2.572150186119972953e-06
1.752000000000000000e+03 1.753000000000000000e+03 7.279490381263278251e-07 2.270289937418309675e-06 1.910920039573546070e-06 1.998740194832025567e-06
1.753000000000000000e+03 1.754000000000000000e+03 5.688211557342638924e-07 1.611440271771726649e-06 1.549557911903435871e-06 1.617515204438419662e-06
1.754000000000000000e+03 1.755000000000000000e+03 5.135078307004117163e-07 2.080960014510987943e-06 1.460594379773982372e-06 2.106920107419141853e-06
1.755000000000000000e+03 1.756000000000000000e+03 4.495366289942239646e-07 1.854431012427131009e-06 1.303388284398232483e-06 1.753697749027805366e-06
1.756000000000000000e+03 1.757000000000000000e+03 3.604137574225222745e-07 1.429916023112165858e-06 1.049840669977711206e-06 1.374497657174055957e-06
1.757000000000000000e+03 1.758000000000000000e+03 2.898695781756553554e-07 1.086104761036132603e-06 8.356717045309851075e-07 1.051470696455052584e-06
1.758000000000000000e+03 1.759000000000000000e+03 2.332648797589842189e-07 8.268217746872264881e-07 6.603396130573939679e-07 8.044589317228448727e-07
1.759000000000000000e+03 1.760000000000000000e+03 1.882042879967778551e-07 6.353781339588261221e-07 5.237728147200870884e-07 6.214893621289942806e-07
1.760000000000000000e+03 1.761000000000000000e+03 1.522283672615189206e-07 4.896967134645404882e-07 4.167199141366308557e-07 4.819751176262038881e-07
1.761000000000000000e+03 1.762000000000000000e+03 1.240021457442511611e-07 3.809636204312521018e-07 3.333251827873715732e-07 3.766296318037648530e-07
1.762000000000000000e+03 1.763000000000000000e+03 1.293866452051941038e-07 9.092104831659309272e-07 2.687929676783538297e-07 2.976792310057000742e-07
1.763000000000000000e+03 1.764000000000000000e+03 9.663070624071964896e-08 3.563071573093009654e-07 2.160811147253649008e-07 2.358299941846426934e-07
1.764000000000000000e+03 1.765000000000000000e+03 6.934739874069279808e-08 1.931025141139977863e-07 1.724631685473141517e-07 1.860199715612633751e-07
1.765000000000000000e+03 1.766000000000000000e+03 5.756781953389073791e-08 1.740785436918036675e-07 1.409846851255384722e-07 1.506568671545341113e-07
1.766000000000000000e+03 1.767000000000000000e+03 4.582654246137391994e-08 1.279447992800618725e-07 1.156376620603257901e-07 1.221515185327395915e-07
1.767000000000000000e+03 1.768000000000000000e+03 3.836526195506084953e-08 1.365330632012378884e-07 9.540287529889532907e-08 1.017706315805403712e-07
1.768000000000000000e+03 1.769000000000000000e+03 3.234936451639121853e-08 1.357586722391607779e-07 7.730034619526533581e-08 8.072269766629422194e-08
1.769000000000000000e+03 1.770000000000000000e+03 1.332410531259681230e-04 1.217430940857032289e-03 2.925901583999359178e-05 6.783875026584625914e-05
1.770000000000000000e+03 1.771000000000000000e+03 1.799210249226784305e-05 1.235342601309244372e-04 1.460718200154008761e-05 2.161184669417309678e-05
1.771000000000000000e+03 1.772000000000000000e+03 7.969022626355224418e-06 3.404753282536233071e-05 7.550325227189919693e-06 9.323723316314397948e-06
1.772000000000000000e+03 1.773000000000000000e+03 5.097981375040341669e-06 1.915974595509980469e-05 5.170653228221818081e-06 6.405033568275054772e-06
1.773000000000000000e+03 1.774000000000000000e+03 3.359273518855117493e-06 1.077914044428878023e-05 4.429266396349282253e-06 5.236365593812882675e-06
1.774000000000000000e+03 1.775000000000000000e+03 2.213328170133250101e-06 6.341740589246684317e-06 3.720289891648652376e-06 3.831791187971621118e-06
1.775000000000000000e+03 1.776000000000000000e+03 1.502873216981354032e-06 4.082738451166832174e-06 3.090119518053569048e-06 3.156083471190326629e-06
1.776000000000000000e+03 1.777000000000000000e+03 1.078774490974687747e-06 2.724531530739958821e-06 2.519591615738446877e-06 2.555490715999923898e-06
1.777000000000000000e+03 1.778000000000000000e+03 1.265255310212894819e-06 1.581972571869422379e-05 2.062207187958434139e-06 3.239514299099458985e-06
1.778000000000000000e+03 1.779000000000000000e+03 6.392931136213775125e-07 2.037854836149874929e-06 1.670818709318381848e-06 1.888255268088305867e-06
1.779000000000000000e+03 1.780000000000000000e+03 4.969302864596366485e-06 9.165062529449638940e-05 2.183826050062016370e-06 2.774495347200745993e-06
1.780000000000000000e+03 1.781000000000000000e+03 8.995125973817804967e-07 8.776709727702393173e-06 1.848993527075962680e-06 2.467587183044654393e-06
1.781000000000000000e+03 1.782000000000000000e+03 4.917543151202798185e-07 3.720147648695776806e-06 1.096574620535427375e-06 1.528548705260685639e-06
1.782000000000000000e+03 1.783000000000000000e+03 3.173980706840597419e-07 1.872758354437154982e-06 7.078461375062681962e-07 9.274248255096632798e-07
1.783000000000000000e+03 1.784000000000000000e+03 1.297272061748542107e-06 1.195473609188403455e-05 5.757331954327074995e-07 7.046805223323074053e-07
1.784000000000000000e+03 1.785000000000000000e+03 2.088625418324659507e-07 1.884925982741437970e-06 4.436073762135768667e-07 5.013013112178187178e-07
1.785000000000000000e+03 1.786000000000000000e+03 1.069183576659616847e-07 3.924331717074717647e-07 3.251956833526301762e-07 3.573031392107693867e-07
1.786000000000000000e+03 1.787000000000000000e+03 7.519449890695963968e-08 2.763529573967234874e-07 2.249347675591439953e-07 2.483252427565289587e-07
1.787000000000000000e+03 1.788000000000000000e+03 5.454866719827955110e-08 1.935071439690559871e-07 1.507314240074764201e-07 1.724110981928032071e-07
1.788000000000000000e+03 1.789000000000000000e+03 3.976232782038023895e-08 1.596324547515142747e-07 9.932563893317963500e-08 1.192413623999597645e-07
1.789000000000000000e+03 1.790000000000000000e+03 2.931339457378476957e-08 1.256563580990702427e-07 6.604709278282919845e-08 8.281922188994819210e-08
1.790000000000000000e+03 1.791000000000000000e+03 2.264843745084948143e-08 1.771437458407195237e-07 5.293376922484056659e-08 9.140595579367014977e-08
1.791000000000000000e+03 1.792000000000000000e+03 1.738175205670690046e-08 1.312390432441247672e-07 2.785187472403354570e-08 3.578520710003691607e-08
1.792000000000000000e+03 1.793000000000000000e+03 1.347759079286327617e-08 1.069993316537641695e-07 1.827868529365951009e-08 2.443966359810654828e-08
1.793000000000000000e+03 1.794000000000000000e+03 1.119178565818387407e-08 1.082948184818751969e-07 1.350175356458038254e-08 2.367209774974706707e-08
1.794000000000000000e+03 1.795000000000000000e+03 1.133112451237140489e-08 1.233737711909077201e-07 1.043008050224457670e-08 1.501313256538185882e-08
1.795000000000000000e+03 1.796000000000000000e+03 1.500620873645786486e-06 3.011889250408867553e-05 1.743358595678843174e-08 8.846642903605344186e-08
1.796000000000000000e+03 1.797000000000000000e+03 1.336570861896933574e-07 1.274205943796227779e-06 1.711517808620805063e-08 1.973452078864425657e-07
1.797000000000000000e+03 1.798000000000000000e+03 2.369624691521314086e-06 2.648480469430895142e-05 4.209561909505831770e-07 2.518403470553809355e-05
1.798000000000000000e+03 1.799000000000000000e+03 2.026131800507990768e-06 1.672933503921104738e-05 2.832193201645424888e-07 1.329893186374287153e-05
1.799000000000000000e+03 1.800000000000000000e+03 1.744110320549367103e-03 1.101527697997958105e-02 5.461303770366376600e-05 1.136623582693547943e-03
1.800000000000000000e+03 1.801000000000000000e+03 1.191596450529822901e-04 5.862231807908097059e-04 1.308554398739740066e-05 2.240620295821249140e-04
1.801000000000000000e+03 1.802000000000000000e+03 6.147797285977388130e-05 2.731988765609668192e-04 9.168676316812868766e-06 1.622903930675799694e-04
1.802000000000000000e+03 1.803000000000000000e+03 4.893936184188655230e-05 2.231249108451070209e-04 7.104317025345773387e-06 1.148521849301174476e-04
1.803000000000000000e+03 1.804000000000000000e+03 3.086018231405872624e-05 1.193488795685101447e-04 5.071449869001111103e-06 7.996946979723718388e-05
1.804000000000000000e+03 1.805000000000000000e+03 2.177685608523342330e-05 7.461124378272640826e-05 3.664131802154941120e-06 5.619169840515951520e-05
1.805000000000000000e+03 1.806000000000000000e+03 1.615203192086965155e-05 4.824031434131350281e-05 2.726828805128848189e-06 4.030724099986442534e-05
1.806000000000000000e+03 1.807000000000000000e+03 2.139665233081254953e-05 8.586730697639139212e-05 2.280543668358428797e-06 3.123563168550231515e-05
1.807000000000000000e+03 1.808000000000000000e+03 1.150665693507452327e-05 3.259390348060066801e-05 1.670237456959421768e-06 2.369754023412993290e-05
1.808000000000000000e+03 1.809000000000000000e+03 8.168234093588684402e-06 2.063935014751725657e-05 1.299884767225441576e-06 1.827862683711156149e-05
1.809000000000000000e+03 1.810000000000000000e+03 6.325447485435934633e-06 1.409959990342072363e-05 1.056741884067714649e-06 1.408138067674582032e-05
1.810000000000000000e+03 1.811000000000000000e+03 5.030034611486361654e-06 1.164051594727566530e-05 8.896925628764584987e-07 1.092100622578587563e-05
1.811000000000000000e+03 1.812000000000000000e+03 4.077067073751966829e-06 9.701736892491500397e-06 7.325587916355966871e-07 8.585311850245916734e-06
1.812000000000000000e+03 1.813000000000000000e+03 3.212225361888683588e-06 6.850003115799340788e-06 6.055886772059005575e-07 6.807478843561259337e-06
1.813000000000000000e+03 1.814000000000000000e+03 2.574029197418891012e-06 5.434702927661143054e-06 5.157414622404357489e-07 5.407021422602293004e-06
1.814000000000000000e+03 1.815000000000000000e+03 2.077530987971409018e-06 4.315239975090368730e-06 4.386862475613769199e-07 4.299082394318199291e-06
1.815000000000000000e+03 1.816000000000000000e+03 1.662546008308504639e-06 3.431418235201498611e-06 3.764268140151018298e-07 3.420839288543219312e-06
1.816000000000000000e+03 1.817000000000000000e+03 1.326059712464705427e-06 2.726424111146067194e-06 3.223340597331215298e-07 2.726127300376791985e-06
1.817000000000000000e+03 1.818000000000000000e+03 1.066866302155945386e-06 2.176452079096142642e-06 2.744084773853331426e-07 2.176307150281330686e-06
1.818000000000000000e+03 1.819000000000000000e+03 8.587049516549577375e-07 1.735549152521864352e-06 2.348529647703817004e-07 1.734728799440734596e-06
1.819000000000000000e+03 1.820000000000000000e+03 6.881654790614410821e-07 1.381560748197868966e-06 1.983934471315040111e-07 1.382746149973373758e-06
1.820000000000000000e+03 1.821000000000000000e+03 5.506409577701753912e-07 1.101141347926886014e-06 1.687110619973662248e-07 1.102766601501896799e-06
1.821000000000000000e+03 1.822000000000000000e+03 7.790651754512403510e-05 8.330560957512668204e-04 2.476565390609721586e-06 1.320104099585379911e-05
1.822000000000000000e+03 1.823000000000000000e+03 3.337687448608170111e-06 2.803340083469949191e-05 5.669832955731502439e-07 6.766044530285117706e-06
1.823000000000000000e+03 1.824000000000000000e+03 1.283242936381954848e-06 5.039533161088979224e-06 5.628883076923829220e-07 4.750816134188728025e-06
1.824000000000000000e+03 1.825000000000000000e+03 8.690490080102704510e-07 3.332277655784026185e-06 4.539359756993647283e-07 3.233914205080201565e-06
1.825000000000000000e+03 1.826000000000000000e+03 7.413674255224967241e-07 2.370479993470450314e-06 3.545389357820296784e-07 2.398864202574134997e-06
1.826000000000000000e+03 1.827000000000000000e+03 6.513456585914708696e-07 1.830691107384126195e-06 2.770325363235378141e-07 1.661792056291411204e-06
1.827000000000000000e+03 1.828000000000000000e+03 4.267151843205253129e-07 1.197302909187825558e-06 2.192779344660627387e-07 5.895178034640077440e-07
1.828000000000000000e+03 1.829000000000000000e+03 2.292535216086511204e-07 6.521275359913664171e-07 1.791824816520802615e-07 3.544069490391085223e-07
1.829000000000000000e+03 1.830000000000000000e+03 6.062991491154557993e-04 5.124815670320760283e-03 3.153613993883665271e-05 4.065128650333506820e-05
1.830000000000000000e+03 1.831000000000000000e+03 1.355362732280875732e-04 7.469034088740649641e-04 1.506000824823958843e-05 2.568940699530772634e-05
1.831000000000000000e+03 1.832000000000000000e+03 8.076372081059670217e-05 4.007722710388279146e-04 1.201387372124690941e-05 2.304437141176055736e-05
1.832000000000000000e+03 1.833000000000000000e+03 4.546946260863087404e-05 1.951447719286495146e-04 8.304120563380631181e-06 1.929255337259815561e-05
1.833000000000000000e+03 1.834000000000000000e+03 2.602478280745936063e-05 9.819225842238479374e-05 5.837585364988047496e-06 1.467718500226017831e-05
1.834000000000000000e+03 1.835000000000000000e+03 1.435101699909651585e-05 5.254269062444624148e-05 4.352926169639258970e-06 1.250478256752687745e-05
1.835000000000000000e+03 1.836000000000000000e+03 7.824978942876944745e-06 3.158017057356776145e-05 3.459220499572527978e-06 1.011515153041781878e-05
1.836000000000000000e+03 1.837000000000000000e+03 4.428519101309041427e-06 1.893495253433433233e-05 2.850534414328212316e-06 7.851402597175676233e-06
1.837000000000000000e+03 1.838000000000000000e+03 2.709997853375658729e-06 1.133919477738352361e-05 2.376701152538147550e-06 5.945729311173878725e-06
1.838000000000000000e+03 1.839000000000000000e+03 1.827727830626255754e-06 6.844425713813282554e-06 1.982833045152569489e-06 4.479866363525367250e-06
1.839000000000000000e+03 1.840000000000000000e+03 1.337807085490560932e-06 4.437911453139736126e-06 1.647775005972321390e-06 3.370608700084055500e-06
1.840000000000000000e+03 1.841000000000000000e+03 1.028078064854916703e-06 3.011483534433860095e-06 1.361857551142214188e-06 2.540694965919900577e-06
1.841000000000000000e+03 1.842000000000000000e+03 8.080783625798144947e-07 2.138890520486639371e-06 1.119358349699751102e-06 1.916510727120172208e-06
1.842000000000000000e+03 1.843000000000000000e+03 6.384108419417324390e-07 1.545556037184244014e-06 9.134037197084673080e-07 1.460586978891222260e-06
1.843000000000000000e+03 1.844000000000000000e+03 5.077567461961116757e-07 1.151240390358730592e-06 7.411991067726239940e-07 1.120573867393452819e-06
1.844000000000000000e+03 1.845000000000000000e+03 3.998880307912213807e-07 8.783541266598335427e-07 5.988279557348988770e-07 8.730969437500584525e-07
1.845000000000000000e+03 1.846000000000000000e+03 3.204178461145414876e-07 6.786030978739062980e-07 4.828563629690604930e-07 6.784509501156160752e-07
1.846000000000000000e+03 1.847000000000000000e+03 2.543958031221046405e-07 5.304731128152996230e-07 3.894601704567041006e-07 5.314138104477713899e-07
1.847000000000000000e+03 1.848000000000000000e+03 2.012846958366205276e-07 4.255001068176293160e-07 3.119208232968292737e-07 4.088094545830306155e-07
1.848000000000000000e+03 1.849000000000000000e+03 1.578675484764843251e-07 3.144387823305176864e-07 2.518383647517802858e-07 3.179946843626747867e-07
1.849000000000000000e+03 1.850000000000000000e+03 1.241023382078920777e-07 2.787553525380715553e-07 2.462491006579081611e-07 2.912851043857352415e-07
1.850000000000000000e+03 1.851000000000000000e+03 9.953522580456988181e-08 2.318550619603158121e-07 2.112128801717164366e-07 2.349653041693570423e-07
1.851000000000000000e+03 1.852000000000000000e+03 8.376971712837035197e-08 3.091083464956218228e-07 1.695928455561021659e-07 2.846706584614122764e-07
1.852000000000000000e+03 1.853000000000000000e+03 7.007961143557269849e-08 1.996427844303806636e-07 1.329268896822667260e-07 1.791618176612262624e-07
1.853000000000000000e+03 1.854000000000000000e+03 5.476539398882455259e-08 1.834534303190858012e-07 1.115729844868629682e-07 1.199828706164840800e-07
1.854000000000000000e+03 1.855000000000000000e+03 4.861346056452658892e-08 2.391113231541321071e-07 1.417055323083418385e-07 1.644616714644276404e-07
1.855000000000000000e+03 1.856000000000000000e+03 3.874697594167461002e-08 1.569222256762249710e-07 1.045355608502314851e-07 1.259628934345821749e-07
1.856000000000000000e+03 1.857000000000000000e+03 3.121058043784118958e-08 8.989799984497194244e-08 8.198671321253500180e-08 9.218987943766374179e-08
1.857000000000000000e+03 1.858000000000000000e+03 2.562235522727040786e-08 1.220632523864095618e-07 6.361734515083830437e-08 7.083372704424100715e-08
1.858000000000000000e+03 1.859000000000000000e+03 1.923705377031995502e-08 7.844355939211734532e-08 4.963346425880146152e-08 5.246801880332383314e-08
1.859000000000000000e+03 1.860000000000000000e+03 1.736073162112876812e-03 1.005192623461140418e-02 3.552704813710616554e-05 8.711451337553174044e-04
1.860000000000000000e+03 1.861000000000000000e+03 4.151324205918428974e-04 2.866560219695560557e-03 1.380335314377431074e-05 4.492230838047492781e-04
1.861000000000000000e+03 1.862000000000000000e+03 6.615307575992201918e-05 5.658529208566718833e-04 5.757613989445529558e-06 1.342289460622320704e-04
1.862000000000000000e+03 1.863000000000000000e+03 2.640423985220064824e-05 1.688582888342858904e-04 3.351179092420674847e-06 7.380419014235543342e-05
1.863000000000000000e+03 1.864000000000000000e+03 1.664571543025714480e-05 7.438085845024979882e-05 2.255073647978481903e-06 4.633603315290962853e-05
1.864000000000000000e+03 1.865000000000000000e+03 1.035934092750756754e-05 4.478017649335361131e-05 1.732523940580484123e-06 3.100379863453867004e-05
1.865000000000000000e+03 1.866000000000000000e+03 6.784578426619921076e-06 2.972592692821751523e-05 1.296575386826028514e-06 2.189163949323046557e-05
1.866000000000000000e+03 1.867000000000000000e+03 5.694086256870092096e-06 2.072532869261471374e-05 9.067249859309610346e-07 1.604782008628593897e-05
1.867000000000000000e+03 1.868000000000000000e+03 6.745840037199268030e-06 7.140639919733610347e-05 6.571934679826832097e-07 1.072069153852264063e-05
1.868000000000000000e+03 1.869000000000000000e+03 3.773731160291772281e-06 1.645693344146907796e-05 6.147411048879898941e-07 6.979150576411533811e-06
1.869000000000000000e+03 1.870000000000000000e+03 2.550891475580044878e-06 1.081094195897863822e-05 4.712950586455120677e-07 4.876680370051120962e-06
1.870000000000000000e+03 1.871000000000000000e+03 1.758190040277084629e-06 4.686606727992175956e-06 3.253842154537524359e-07 3.601799590334871478e-06
1.871000000000000000e+03 1.872000000000000000e+03 1.340897596967254144e-06 2.840350001465836936e-06 3.581178489569184874e-07 2.718276349079610459e-06
1.872000000000000000e+03 1.873000000000000000e+03 1.042863444297292215e-06 2.122666601164646999e-06 3.516126811766191222e-07 2.118713330933944040e-06
1.873000000000000000e+03 1.874000000000000000e+03 8.276382657884150092e-07 1.675776194012555516e-06 3.021435036139326889e-07 1.664147709238785401e-06
1.874000000000000000e+03 1.875000000000000000e+03 6.603529124727582399e-07 1.318484930298410053e-06 2.441142853906778661e-07 1.320040115260933159e-06
1.875000000000000000e+03 1.876000000000000000e+03 5.378550180979188683e-07 1.083741844088128756e-06 1.960903453293063839e-07 1.069467450336303389e-06
1.876000000000000000e+03 1.877000000000000000e+03 4.320835671281564661e-07 8.629971416345845279e-07 1.616452955065977803e-07 8.633566870718502803e-07
1.877000000000000000e+03 1.878000000000000000e+03 3.495655212388231409e-07 7.114737878605049835e-07 1.320003786026308668e-07 7.128620877758143035e-07
1.878000000000000000e+03 1.879000000000000000e+03 2.850036908431493171e-07 6.264384976391418829e-07 1.130328316877988789e-07 5.998381915962897070e-07
1.879000000000000000e+03 1.880000000000000000e+03 2.311045743150999029e-07 4.710662542547120312e-07 9.547183836220252881e-08 4.649719205601966651e-07
1.880000000000000000e+03 1.881000000000000000e+03 2.017002749501299339e-07 8.632722503600899943e-07 8.050044829396110027e-08 3.683738210978110762e-07
1.881000000000000000e+03 1.882000000000000000e+03 1.588767518318861690e-07 4.190817972636129304e-07 6.929696257804810196e-08 2.959595247854751769e-07
1.882000000000000000e+03 1.883000000000000000e+03 1.218930975784224409e-07 2.345953679891132729e-07 5.959360593923374149e-08 2.340821539903743117e-07
1.883000000000000000e+03 1.884000000000000000e+03 1.004755509274505213e-07 2.563684145002460411e-07 4.930975286836931993e-08 1.859903391601355479e-07
1.884000000000000000e+03 1.885000000000000000e+03 7.960615452716741336e-08 1.818643281568341242e-07 3.990978711919916112e-08 1.517106378673254557e-07
1.885000000000000000e+03 1.886000000000000000e+03 6.416248868139992842e-08 1.638611303835318159e-07 3.569946514035085821e-08 1.202399069137871902e-07
1.886000000000000000e+03 1.887000000000000000e+03 5.162798109811177470e-08 1.638778059925042790e-07 3.018903277657489727e-08 9.720616601498252756e-08
1.887000000000000000e+03 1.888000000000000000e+03 4.166499735344396434e-08 1.290215759892471543e-07 2.591956417962169080e-08 7.837280057819927350e-08
1.888000000000000000e+03 1.889000000000000000e+03 3.412001760184951906e-08 1.203600470106183113e-07 2.847194767384528686e-08 7.391390311816437988e-08
1.889000000000000000e+03 1.890000000000000000e+03 3.383370528910106052e-04 4.864669993290494411e-03 1.226794013908966851e-05 2.818104198951429211e-04
1.890000000000000000e+03 1.891000000000000000e+03 6.651633239441155383e-05 5.603632573052190436e-04 5.026674182605389934e-06 8.327556933950223809e-05
1.891000000000000000e+03 1.892000000000000000e+03 3.320751195146522518e-05 2.217600229978365092e-04 3.997334175490121875e-06 6.072783922266347927e-05
1.892000000000000000e+03 1.893000000000000000e+03 1.877828986977136310e-05 8.553607028449701543e-05 3.075085744586415689e-06 3.801981421234368200e-05
1.893000000000000000e+03 1.894000000000000000e+03 1.128696257096945807e-05 4.639605854056575395e-05 2.310417342129834009e-06 2.349298562726426820e-05
1.894000000000000000e+03 1.895000000000000000e+03 7.449094052844432121e-06 2.656894006559696746e-05 1.776707954454714095e-06 1.752266749403583288e-05
1.895000000000000000e+03 1.896000000000000000e+03 5.392439744033950347e-06 1.619742256923100467e-05 1.368282909993210331e-06 1.317958654840417014e-05
1.896000000000000000e+03 1.897000000000000000e+03 4.308767632813061469e-06 2.736723588582876747e-05 1.069330127961086137e-06 9.890566897232109365e-06
1.897000000000000000e+03 1.898000000000000000e+03 3.229852117918142247e-06 7.594142828610637686e-06 8.516212812068681435e-07 7.537613614126891560e-06
1.898000000000000000e+03 1.899000000000000000e+03 2.577470405585548368e-06 5.859089657721120240e-06 7.113368613151640829e-07 5.839669011513543898e-06
1.899000000000000000e+03 1.900000000000000000e+03 2.079461241484865021e-06 4.541014080367376460e-06 6.102083259242786676e-07 4.522966096530056682e-06
1.900000000000000000e+03 1.901000000000000000e+03 1.677743211004885463e-06 3.476852417225032290e-06 5.323487592078197690e-07 3.467404459423805962e-06
1.901000000000000000e+03 1.902000000000000000e+03 1.350204226789996803e-06 2.836322394572977957e-06 4.688386367776830611e-07 2.743876108371609706e-06
1.902000000000000000e+03 1.903000000000000000e+03 1.083011136488609049e-06 2.197969430127938640e-06 4.075079266213399280e-07 2.198161117658185535e-06
1.903000000000000000e+03 1.904000000000000000e+03 9.074535859798780717e-07 3.441835002547871011e-06 3.701051856410181502e-07 1.767585736362501042e-06
1.904000000000000000e+03 1.905000000000000000e+03 7.066218411658432989e-07 1.411247977119576073e-06 2.895964007609256587e-07 1.412076346008390664e-06
1.905000000000000000e+03 1.906000000000000000e+03 5.726422609660713746e-07 1.196572086642440050e-06 2.467022535750475700e-07 1.130567499384166048e-06
1.906000000000000000e+03 1.907000000000000000e+03 4.614773034540758715e-07 9.018863635107135128e-07 2.088861937603936467e-07 8.991390000396366044e-07
1.907000000000000000e+03 1.908000000000000000e+03 3.698663713938478548e-07 7.228236500855196381e-07 1.766702177999927602e-07 7.206731364968450698e-07
1.908000000000000000e+03 1.909000000000000000e+03 2.970937454897968561e-07 5.842932940874196077e-07 1.484311969314938421e-07 5.767994978831295791e-07
1.909000000000000000e+03 1.910000000000000000e+03 2.386225506305626008e-07 4.627726300234917891e-07 1.250547459244926067e-07 4.627653681639939296e-07
1.910000000000000000e+03 1.911000000000000000e+03 8.958011814918349851e-07 1.124501161998422076e-05 1.323647322579383292e-07 3.932688297143098867e-07
1.911000000000000000e+03 1.912000000000000000e+03 1.814492377611301598e-07 7.482748417897723562e-07 5.631745184014624726e-08 2.961444636109174774e-07
1.912000000000000000e+03 1.913000000000000000e+03 1.371627143491394538e-07 2.788470893142697779e-07 4.430656138984298650e-08 2.330354911811658184e-07
1.913000000000000000e+03 1.914000000000000000e+03 1.060684527039838848e-07 1.994310238181542969e-07 3.399176188103837945e-08 1.891768490711376472e-07
1.914000000000000000e+03 1.915000000000000000e+03 8.319649284588488408e-08 1.853509801473933779e-07 2.509362926035060168e-08 1.632379906336386522e-07
1.915000000000000000e+03 1.916000000000000000e+03 6.547972654382224400e-08 1.854174081335948268e-07 1.931601095817420053e-08 1.334254505903297756e-07
1.916000000000000000e+03 1.917000000000000000e+03 5.126748321877051507e-08 1.353951798561200126e-07 1.533027955077868589e-08 1.049478690555769509e-07
1.917000000000000000e+03 1.918000000000000000e+03 5.011564942801316724e-08 2.616829437889871887e-07 1.339747478167925135e-08 2.507910682149679564e-07
1.918000000000000000e+03 1.919000000000000000e+03 4.526486732430590264e-08 1.685685511706879564e-07 1.080691289438921980e-08 1.434249492604442902e-07
1.919000000000000000e+03 1.920000000000000000e+03 1.380956241779282003e-04 1.325780633705520061e-03 1.125007874954002498e-05 4.372096838889368356e-04
1.920000000000000000e+03 1.921000000000000000e+03 3.006228407686277969e-05 1.695368070401932976e-04 3.847136756352162321e-06 7.399074593762076891e-06
1.921000000000000000e+03 1.922000000000000000e+03 1.483741408806573387e-05 6.763668916601654573e-05 2.542201390333136099e-06 4.779340587131646792e-06
1.922000000000000000e+03 1.923000000000000000e+03 8.667001270304137278e-06 3.653170821350304654e-05 2.432639912788757665e-06 4.022766422962224564e-06
1.923000000000000000e+03 1.924000000000000000e+03 4.900166848243679651e-06 1.959730636377104803e-05 2.222911535134149214e-06 3.566988717004457880e-06
1.924000000000000000e+03 1.925000000000000000e+03 2.673565844343417958e-06 1.013686833888497368e-05 1.951796791310791635e-06 2.878084748536770462e-06
1.925000000000000000e+03 1.926000000000000000e+03 1.460362022787700736e-06 5.244201396318177018e-06 1.655215576573857847e-06 2.266044741309875542e-06
1.926000000000000000e+03 1.927000000000000000e+03 8.415997911399874428e-07 2.813670942743655221e-06 1.379068537391543905e-06 1.766250571930235601e-06
1.927000000000000000e+03 1.928000000000000000e+03 5.278237856352772943e-07 1.652338354160177156e-06 1.144673757945103919e-06 1.394196324019495664e-06
1.928000000000000000e+03 1.929000000000000000e+03 3.920454936462431809e-07 1.960976831721687178e-06 9.546296444317433852e-07 1.112565666803968010e-06
1.929000000000000000e+03 1.930000000000000000e+03 3.204030984410366076e-07 1.722523909675441900e-06 7.893510387838206427e-07 8.937800659563131389e-07
1.930000000000000000e+03 1.931000000000000000e+03 2.258952908839727872e-07 6.971433556291301234e-07 6.382801855253498497e-07 7.116106432169129160e-07
1.931000000000000000e+03 1.932000000000000000e+03 1.883479207519596543e-07 5.540922983836231592e-07 5.003553247435550019e-07 5.440074785704736416e-07
1.932000000000000000e+03 1.933000000000000000e+03 1.552240639649310440e-07 4.187714222970526617e-07 3.949076664276512494e-07 4.176536135142571161e-07
1.933000000000000000e+03 1.934000000000000000e+03 1.277504711925883496e-07 3.343311977621337806e-07 3.148861924960927312e-07 3.339047276908146477e-07
1.934000000000000000e+03 1.935000000000000000e+03 1.036061716969068854e-07 2.677740138457755470e-07 2.531738384684294253e-07 2.682688636067026589e-07
1.935000000000000000e+03 1.936000000000000000e+03 8.247310809526744472e-08 2.118750487407536572e-07 2.026971197139209917e-07 2.140597565254576968e-07
1.936000000000000000e+03 1.937000000000000000e+03 7.049960975723955403e-08 2.227203820912788987e-07 1.648858772005639441e-07 1.789531238533036353e-07
1.937000000000000000e+03 1.938000000000000000e+03 5.716862532937461483e-08 1.500450342325289493e-07 1.315886944801321588e-07 1.375509734639909305e-07
1.938000000000000000e+03 1.939000000000000000e+03 4.585036823784875920e-08 1.657055699628985972e-07 1.131731718758269739e-07 1.270125973780383957e-07
1.939000000000000000e+03 1.940000000000000000e+03 3.841438158876049974e-08 1.646564440281192817e-07 9.370370415815496256e-08 9.868764290599328451e-08
1.940000000000000000e+03 1.941000000000000000e+03 3.113494823759044264e-08 1.230981256714535639e-07 7.515378735319028678e-08 7.811546055200349307e-08
1.941000000000000000e+03 1.942000000000000000e+03 2.585048467764454780e-08 1.178051750898889508e-07 6.145501911241779536e-08 6.415567518368515075e-08
1.942000000000000000e+03 1.943000000000000000e+03 2.191278032557441303e-08 1.112866736861515997e-07 4.577163799375784852e-08 5.119681005952800391e-08
1.943000000000000000e+03 1.944000000000000000e+03 1.773132352136041794e-08 1.001920732404898871e-07 3.593141712807830663e-08 4.082534506281359176e-08
1.944000000000000000e+03 1.945000000000000000e+03 1.375098710150313710e-08 7.423061722641670952e-08 2.823857819035610653e-08 3.232485343993562769e-08
1.945000000000000000e+03 1.946000000000000000e+03 1.289172362393764257e-08 5.856858236741262994e-08 2.390314347689557836e-08 2.536093224166983826e-08
1.946000000000000000e+03 1.947000000000000000e+03 1.053745015434425072e-08 1.507922436356142376e-07 1.879189367665890334e-08 1.961653437841171102e-08
1.947000000000000000e+03 1.948000000000000000e+03 1.251974198037539417e-08 1.668772171526673513e-07 1.486866244157788996e-08 1.598805098596779114e-08
1.948000000000000000e+03 1.949000000000000000e+03 1.086273249929210064e-08 6.253307378826222295e-08 1.212991496168773642e-08 1.264195881981493629e-08
1.949000000000000000e+03 1.950000000000000000e+03 6.118357113266760820e-05 4.414431398847823277e-04 9.131053323015170253e-06 5.525301738018292353e-04
1.950000000000000000e+03 1.951000000000000000e+03 1.233709750682111635e-05 5.627025089133781753e-05 2.090876504421716598e-06 2.020034874022439146e-05
1.951000000000000000e+03 1.952000000000000000e+03 7.889853115906728351e-06 3.744511820022869631e-05 1.678413994108672674e-06 1.023216775401606289e-05
1.952000000000000000e+03 1.953000000000000000e+03 5.019386236119694444e-06 2.115392118295474758e-05 1.154750842356833299e-06 4.790642399121122842e-06
1.953000000000000000e+03 1.954000000000000000e+03 3.084157840184110661e-06 1.144612851249902996e-05 6.877166890603892934e-07 3.194967527988902447e-06
1.954000000000000000e+03 1.955000000000000000e+03 1.852656924256525496e-06 6.391675797373619792e-06 4.509785783501872521e-07 2.230224011530100548e-06
1.955000000000000000e+03 1.956000000000000000e+03 1.119566895205413244e-06 3.622989568599496184e-06 3.314472852477578962e-07 1.556834128958097804e-06
1.956000000000000000e+03 1.957000000000000000e+03 7.063532419011107330e-07 2.109760089683747513e-06 2.547839354014943476e-07 1.137029809875835144e-06
1.957000000000000000e+03 1.958000000000000000e+03 4.840269325767851947e-07 1.361861281846566743e-06 1.987106472428118163e-07 8.966219573878476478e-07
1.958000000000000000e+03 1.959000000000000000e+03 3.509293354552394485e-07 8.877874823593964059e-07 1.568855583698113860e-07 7.061118416787668570e-07
1.959000000000000000e+03 1.960000000000000000e+03 2.702414117132859681e-07 6.437004076995593968e-07 1.235124037357185844e-07 5.591173659027250098e-07
1.960000000000000000e+03 1.961000000000000000e+03 2.116129111806359419e-07 5.080127116394201904e-07 9.532798389341818824e-08 4.501223267391642314e-07
1.961000000000000000e+03 1.962000000000000000e+03 1.671076769359151378e-07 3.756240980849067023e-07 7.221415443686493543e-08 3.545068453361607014e-07
1.962000000000000000e+03 1.963000000000000000e+03 1.347752550717662555e-07 2.913395698066437016e-07 5.383814521218715839e-08 2.828972831028641736e-07
1.963000000000000000e+03 1.964000000000000000e+03 1.070952667224916871e-07 2.428474699693937498e-07 3.908459468987227563e-08 2.198520332573945087e-07
1.964000000000000000e+03 1.965000000000000000e+03 8.358659638210112481e-08 1.731660926698778789e-07 2.875716725891818679e-08 1.731435389006539148e-07
1.965000000000000000e+03 1.966000000000000000e+03 6.727542466094071010e-08 1.696760707474992232e-07 2.085676110266251013e-08 1.455754639384588417e-07
1.966000000000000000e+03 1.967000000000000000e+03 5.336601823947300463e-08 1.433048433073108702e-07 1.522990665010732395e-08 1.135247964858952690e-07
1.967000000000000000e+03 1.968000000000000000e+03 4.260727980452630467e-08 1.647004246680644298e-07 1.113839098739823336e-08 8.864966378111344011e-08
1.968000000000000000e+03 1.969000000000000000e+03 3.400828811502464730e-08 1.417564754097728791e-07 8.684769991860626303e-09 6.729552966001811245e-08
1.969000000000000000e+03 1.970000000000000000e+03 2.696714723970920216e-08 7.516484534080259985e-08 5.980163464322631913e-09 6.164793104876083966e-08
1.970000000000000000e+03 1.971000000000000000e+03 2.323976355532616787e-08 1.107728904467366444e-07 5.778187399231250472e-09 4.920868294979393753e-08
1.971000000000000000e+03 1.972000000000000000e+03 4.278003420618489320e-08 5.114034080015349969e-07 7.562001324117817825e-09 1.155728745233918141e-07
1.972000000000000000e+03 1.973000000000000000e+03 1.579347449641175196e-08 1.715797983204688411e-07 4.028942402264975082e-09 2.898939367245770511e-08
1.973000000000000000e+03 1.974000000000000000e+03 1.365096249897309554e-08 1.007334389553939186e-07 4.991061185879993338e-09 6.627531652379650343e-08
1.974000000000000000e+03 1.975000000000000000e+03 1.076200716398251266e-08 1.007309588965017198e-07 2.962813639511454423e-09 3.940352644577773143e-08
1.975000000000000000e+03 1.976000000000000000e+03 9.681935774553194322e-09 1.007339671393355765e-07 5.635927066292299775e-09 2.931175043594489979e-08
1.976000000000000000e+03 1.977000000000000000e+03 9.905703883080473275e-09 1.647042613022495566e-07 4.418097977694772094e-09 1.725390723353205945e-08
1.977000000000000000e+03 1.978000000000000000e+03 7.271886675586642669e-09 1.386137589521019004e-07 1.744807295444465383e-09 1.125710863749716690e-08
1.978000000000000000e+03 1.979000000000000000e+03 8.650527572320103933e-09 1.854829560175180375e-07 1.266182906773529290e-09 8.249899558862397861e-09
1.979000000000000000e+03 1.980000000000000000e+03 3.458427188122190164e-04 2.408779935669841735e-03 9.825457224340713113e-05 2.330237000745347554e-03
1.980000000000000000e+03 1.981000000000000000e+03 1.158108712161614597e-04 5.540394925284930190e-04 1.264856404237271918e-05 3.444011105798832880e-04
1.981000000000000000e+03 1.982000000000000000e+03 7.006552787436654711e-05 2.666585459149763311e-04 8.815554249581403716e-06 1.087469156482996733e-04
1.982000000000000000e+03 1.983000000000000000e+03 3.817607387203923155e-05 1.554533131937986176e-04 7.269993740502715338e-06 6.691883704023311795e-05
1.983000000000000000e+03 1.984000000000000000e+03 2.490566091748781796e-05 8.579814966294275883e-05 3.867517511934370854e-06 5.204157729253282706e-05
1.984000000000000000e+03 1.985000000000000000e+03 1.826247273426303977e-05 4.542578714681325862e-05 4.270151464559396137e-06 3.871307206267485832e-05
1.985000000000000000e+03 1.986000000000000000e+03 1.376520564512347621e-05 3.224428830657872965e-05 4.989742190672612559e-06 3.036133087405933480e-05
1.986000000000000000e+03 1.987000000000000000e+03 1.077074731117219867e-05 2.408248556787241692e-05 4.426677294790033045e-06 2.399019377788024263e-05
1.987000000000000000e+03 1.988000000000000000e+03 8.393443901424731840e-06 2.812514577275656972e-05 3.458251850230287957e-06 1.856365037331392492e-05
1.988000000000000000e+03 1.989000000000000000e+03 6.094515381305548973e-06 1.453058040450350594e-05 2.632389991157766447e-06 1.417146069800335861e-05
1.989000000000000000e+03 1.990000000000000000e+03 7.637005842350839052e-06 5.298290419551073016e-05 2.066097436229518845e-06 1.070123952557353389e-05
1.990000000000000000e+03 1.991000000000000000e+03 3.456540118012757916e-06 8.188555755848159876e-06 1.696175529159190333e-06 8.069771736435488624e-06
1.991000000000000000e+03 1.992000000000000000e+03 2.630360254231358869e-06 6.245907874835482138e-06 1.395205796888934034e-06 6.103695610665583732e-06
1.992000000000000000e+03 1.993000000000000000e+03 2.061969626314700322e-06 4.672775931787447151e-06 1.102002146081649050e-06 4.507854064548910266e-06
1.993000000000000000e+03 1.994000000000000000e+03 1.602147929785380795e-06 3.454653836464146923e-06 8.858133137155657737e-07 3.369628115481442009e-06
1.994000000000000000e+03 1.995000000000000000e+03 1.270289019004897561e-06 2.588461760038256307e-06 7.108537223861892053e-07 2.561766283879970206e-06
1.995000000000000000e+03 1.996000000000000000e+03 1.007434037657968412e-06 1.996341717144197065e-06 5.783354679843409553e-07 1.993350151042856013e-06
1.996000000000000000e+03 1.997000000000000000e+03 8.031458878180727827e-07 1.575338990256418220e-06 4.705423242658374158e-07 1.579045504444653695e-06
1.997000000000000000e+03 1.998000000000000000e+03 6.451014172834118553e-07 1.259824758899684107e-06 3.896390452003046741e-07 1.259384342054044004e-06
1.998000000000000000e+03 1.999000000000000000e+03 5.100047972460339788e-07 1.012442302774603760e-06 3.217921228446878767e-07 1.011773951015882978e-06
1.999000000000000000e+03 2.000000000000000000e+03 4.080848935046149020e-07 8.100265570555333451e-07 2.610695044771446129e-07 8.093467779522714833e-07
2.000000000000000000e+03 2.001000000000000000e+03 3.293641697570034181e-07 6.541519657357883504e-07 2.177275147320068390e-07 6.537742663901965537e-07
2.001000000000000000e+03 2.002000000000000000e+03 2.672312786759022439e-07 5.501963469997145766e-07 1.855864121179466552e-07 5.204807252919241833e-07
2.002000000000000000e+03 2.003000000000000000e+03 2.129803331340953300e-07 4.182181242457922519e-07 1.498913109124797038e-07 4.179213189471709717e-07
2.003000000000000000e+03 2.004000000000000000e+03 2.756111774593003429e-06 2.696911239488757503e-05 1.149432938182947635e-07 3.355761997484532087e-07
2.004000000000000000e+03 2.005000000000000000e+03 3.254758975677871677e-07 3.904351352491900804e-06 9.699708372114012273e-08 2.600983473030028416e-07
2.005000000000000000e+03 2.006000000000000000e+03 1.262768832476618580e-07 4.397453764568036628e-07 8.016823323547692463e-08 2.085880233162315639e-07
2.006000000000000000e+03 2.007000000000000000e+03 9.294101509682274773e-08 5.711929520502981757e-07 6.606247550361728456e-08 2.651148684626961939e-07
2.007000000000000000e+03 2.008000000000000000e+03 7.424756650812842593e-08 6.702280327311121423e-07 5.535801533012220390e-08 1.628189909672377358e-07
2.008000000000000000e+03 2.009000000000000000e+03 5.234374875045337162e-08 2.426491893560806223e-07 4.702801806481023801e-08 1.120923419010102161e-07
2.009000000000000000e+03 2.010000000000000000e+03 1.801928414369415791e-04 8.322044356978209375e-04 1.456901595084751430e-05 6.096334520008758241e-05
2.010000000000000000e+03 2.011000000000000000e+03 2.545947331415435768e-05 2.025815919041799298e-04 7.121714046227044915e-06 5.516116503719689006e-05
2.011000000000000000e+03 2.012000000000000000e+03 1.323963263778330554e-05 5.495205398452625246e-05 2.951609776545651563e-06 2.664370274857747210e-05
2.012000000000000000e+03 2.013000000000000000e+03 9.225943309155756997e-06 3.021328395788710797e-05 2.153487928693692081e-06 1.627437157386325161e-05
2.013000000000000000e+03 2.014000000000000000e+03 2.044949245494215770e-05 1.942373698600066798e-04 2.353192030987964270e-06 1.257239663522549190e-05
2.014000000000000000e+03 2.015000000000000000e+03 4.265899326427043082e-06 1.216919385337735904e-05 1.669866900205287211e-06 9.723792295831498020e-06
2.015000000000000000e+03 2.016000000000000000e+03 3.026866744111601930e-06 8.022117503143559689e-06 1.158463363814202356e-06 7.259173728334731627e-06
2.016000000000000000e+03 2.017000000000000000e+03 2.338074781325363570e-06 5.881225972258635894e-06 8.068302119376640468e-07 5.419853691061547344e-06
2.017000000000000000e+03 2.018000000000000000e+03 1.857897949561111793e-06 4.463966608727153168e-06 5.836878671172498467e-07 4.098404179475881351e-06
2.018000000000000000e+03 2.019000000000000000e+03 1.474806178825991393e-06 3.362478944189826706e-06 4.401990059376081141e-07 3.086235043419491318e-06
2.019000000000000000e+03 2.020000000000000000e+03 1.157087257753033621e-06 2.542416551883488829e-06 3.402564293207910912e-07 2.424876016369397096e-06
2.020000000000000000e+03 2.021000000000000000e+03 8.964378989335684244e-07 1.931731489662071711e-06 2.609912854457628005e-07 1.894037429918068230e-06
2.021000000000000000e+03 2.022000000000000000e+03 6.959621067420625456e-07 1.488080013388838113e-06 2.031091250411633124e-07 1.462893623558062210e-06
2.022000000000000000e+03 2.023000000000000000e+03 5.412104480824783485e-07 1.152590571572462539e-06 1.561748443211205636e-07 1.142751341938323067e-06
2.023000000000000000e+03 2.024000000000000000e+03 4.240013996721829842e-07 8.954716309085311863e-07 1.201447770303445383e-07 8.979636333690037876e-07
2.024000000000000000e+03 2.025000000000000000e+03 3.304109959466394838e-07 6.967312906828236860e-07 9.795424930969460301e-08 6.919734215317551515e-07
2.025000000000000000e+03 2.026000000000000000e+03 2.597706829732705969e-07 5.431341372605118573e-07 7.151047819022928967e-08 5.453048404585380833e-07
2.026000000000000000e+03 2.027000000000000000e+03 2.054573974888789842e-07 4.294229601495427474e-07 5.270550596634876103e-08 4.305523397336149860e-07
2.027000000000000000e+03 2.028000000000000000e+03 1.624296697373774347e-07 3.575610268772568262e-07 4.211276606797653756e-08 3.417629793100853859e-07
2.028000000000000000e+03 2.029000000000000000e+03 1.273033943090906456e-07 2.710270289024831960e-07 3.241143938204043582e-08 2.718856817317321071e-07
2.029000000000000000e+03 2.030000000000000000e+03 1.017635301797296443e-07 2.154386212902206748e-07 2.627721542811302036e-08 2.161383460256272836e-07
2.030000000000000000e+03 2.031000000000000000e+03 8.121610945912721024e-08 1.806383776342137458e-07 2.075557719283856963e-08 1.692839992135218574e-07
2.031000000000000000e+03 2.032000000000000000e+03 6.449893356406456705e-08 1.541454296636438052e-07 1.558887922863629073e-08 1.351877798991153339e-07
2.032000000000000000e+03 2.033000000000000000e+03 5.131565006319966465e-08 1.382912829410607988e-07 1.245409407267671933e-08 1.061582641262187566e-07
2.033000000000000000e+03 2.034000000000000000e+03 4.356948475901210903e-08 2.876866752243242480e-07 9.134895412386032241e-09 8.736822676394512084e-08
2.034000000000000000e+03 2.035000000000000000e+03 3.253086140588079830e-08 1.480675443187945475e-07 6.798310364875602935e-09 7.040515583118131517e-08
2.035000000000000000e+03 2.036000000000000000e+03 2.548685285234912885e-08 1.095209687357042917e-07 5.583156100736626234e-09 5.477280568796300283e-08
2.036000000000000000e+03 2.037000000000000000e+03 5.221911575041254701e-08 5.817962830835467223e-07 7.496497936341561136e-09 1.025265592508589888e-07
2.037000000000000000e+03 2.038000000000000000e+03 2.069997978426630700e-08 1.505148301158368247e-07 4.126519366267516045e-09 6.727298067571345617e-08
2.038000000000000000e+03 2.039000000000000000e+03 2.072941749281323541e-08 1.437189203400507658e-07 2.955748045477731681e-09 5.046261189194492876e-08
2.039000000000000000e+03 2.040000000000000000e+03 1.017138399705676439e-03 5.336006155161493805e-03 1.075630284886691060e-04 2.960719599610882324e-03
2.040000000000000000e+03 2.041000000000000000e+03 3.470358461138875993e-04 2.413880219277752832e-03 3.139015859762445663e-05 9.196027912386830214e-04
2.041000000000000000e+03 2.042000000000000000e+03 1.142950167071149693e-04 6.245874703632080336e-04 1.978179934814450533e-05 1.547046097340855700e-04
2.042000000000000000e+03 2.043000000000000000e+03 6.634412799264373286e-05 3.194545657671815251e-04 2.261611977837562495e-05 1.130669408156985314e-04
2.043000000000000000e+03 2.044000000000000000e+03 3.671632158309567527e-05 1.570702884110235101e-04 1.814491452213083913e-05 7.354229880468786959e-05
2.044000000000000000e+03 2.045000000000000000e+03 2.243720478158102772e-05 1.036674499908832553e-04 1.167161399725764121e-05 5.674392618438098176e-05
2.045000000000000000e+03 2.046000000000000000e+03 1.421057831569066066e-05 5.609010364940816167e-05 6.557817200531913664e-06 3.934846874873632912e-05
2.046000000000000000e+03 2.047000000000000000e+03 2.110616836261043785e-05 2.113294986265304009e-04 3.720068741729262516e-06 2.664496763334184859e-05
2.047000000000000000e+03 2.048000000000000000e+03 7.362316775749983492e-06 2.282647637643123355e-05 3.302119172119846472e-06 1.837880211524606249e-05
2.048000000000000000e+03 2.049000000000000000e+03 5.489081065120827470e-06 1.524488335964799781e-05 2.753060471817189248e-06 1.302431760108907713e-05
2.049000000000000000e+03 2.050000000000000000e+03 4.234768496480026864e-06 1.099593326340519102e-05 2.141827318502162392e-06 9.462370444442121727e-06
2.050000000000000000e+03 2.051000000000000000e+03 4.623658668094071351e-06 2.478704869834969952e-05 1.600225689943800806e-06 6.991852412074218389e-06
2.051000000000000000e+03 2.052000000000000000e+03 2.756084913597251800e-06 1.002293284642440091e-05 1.139481034284387370e-06 5.176490655505838752e-06
2.052000000000000000e+03 2.053000000000000000e+03 2.335504839838689884e-06 1.335894406496992629e-05 8.025511891962495086e-07 3.881483189861295209e-06
2.053000000000000000e+03 2.054000000000000000e+03 1.504830731034675584e-06 3.208610345695342704e-06 5.740930409372564522e-07 2.962568241421953390e-06
2.054000000000000000e+03 2.055000000000000000e+03 1.676739330491394223e-06 1.704698420416634911e-05 3.990919530119792688e-07 2.295464957093364760e-06
2.055000000000000000e+03 2.056000000000000000e+03 9.395486039442902038e-07 2.166031388861322426e-06 2.775281572462954319e-07 1.813610569440543952e-06
2.056000000000000000e+03 2.057000000000000000e+03 7.309663257833563950e-07 1.551508269225964801e-06 1.993045203601110575e-07 1.488503747038925354e-06
2.057000000000000000e+03 2.058000000000000000e+03 6.172817229636761394e-07 2.870012960915835792e-06 1.488874125762217843e-07 1.160074777181047789e-06
2.058000000000000000e+03 2.059000000000000000e+03 3.405560677001493349e-06 4.245969896867910685e-05 1.280727731516351055e-07 9.265319222160782202e-07
2.059000000000000000e+03 2.060000000000000000e+03 1.126679383147969046e-06 1.171959479483373448e-05 7.641153164754375997e-08 7.381807985194753468e-07
2.060000000000000000e+03 2.061000000000000000e+03 6.643767722015942260e-07 7.980445089149191561e-06 4.772918380170633377e-08 5.910401365640928616e-07
2.061000000000000000e+03 2.062000000000000000e+03 2.669888412871936296e-07 8.453849115024482884e-07 4.777217040989743501e-08 4.715674551653555082e-07
2.062000000000000000e+03 2.063000000000000000e+03 1.945396505208521476e-07 4.559527928391696424e-07 4.517429210399995446e-08 3.767956895730124598e-07
2.063000000000000000e+03 2.064000000000000000e+03 5.383646867748661797e-07 5.176486001295837955e-06 1.003976039072958335e-07 4.243989505029677373e-06
2.064000000000000000e+03 2.065000000000000000e+03 4.063090512889422499e-07 2.950532554741414812e-06 7.010484981377202766e-08 2.386213444084866114e-06
2.065000000000000000e+03 2.066000000000000000e+03 2.292558890966025015e-06 2.602331781593431745e-05 8.332333698927683019e-08 1.344178514319980426e-06
2.066000000000000000e+03 2.067000000000000000e+03 5.982478521269164427e-07 4.982883150086963437e-06 6.666920503344239812e-08 8.761654723370052690e-07
2.067000000000000000e+03 2.068000000000000000e+03 2.809269069402205621e-07 1.619667217513780235e-06 7.473502580861409890e-08 4.875878501072450353e-07
2.068000000000000000e+03 2.069000000000000000e+03 1.597320684273461733e-07 7.833348226237401159e-07 6.258103836486440698e-08 3.230916105749881797e-07
2.069000000000000000e+03 2.070000000000000000e+03 4.607516035240666265e-04 5.579116278181204917e-03 1.719715065651907789e-05 2.246041360158283675e-04
2.070000000000000000e+03 2.071000000000000000e+03 2.408491791748222611e-04 2.986534803233978352e-03 5.509250476135537397e-06 1.551823909319808171e-04
2.071000000000000000e+03 2.072000000000000000e+03 9.128184418077193974e-05 1.186749490739532741e-03 4.469270336038410931e-06 8.320643380279327738e-05
2.072000000000000000e+03 2.073000000000000000e+03 1.509801895438359502e-05 8.552511292645188627e-05 1.911585502336744482e-06 3.237642691945948368e-05
2.073000000000000000e+03 2.074000000000000000e+03 7.921566139217029942e-06 3.277986182155083619e-05 1.214652407876748806e-06 1.510135103817422156e-05
2.074000000000000000e+03 2.075000000000000000e+03 4.301278789997536978e-06 1.640325782704777578e-05 1.397539094561470508e-06 9.698572304759702260e-06
2.075000000000000000e+03 2.076000000000000000e+03 2.761691664311279529e-06 9.426694085189152121e-06 1.369492923525080626e-06 6.534994962844631868e-06
2.076000000000000000e+03 2.077000000000000000e+03 2.026675576613358507e-06 2.646225706883481493e-05 1.111846351573029851e-06 4.020827558894543788e-06
2.077000000000000000e+03 2.078000000000000000e+03 8.700052285271929298e-07 2.837930770968231069e-06 8.525971666110692497e-07 2.478173061528208318e-06
2.078000000000000000e+03 2.079000000000000000e+03 5.405730269655743026e-07 1.866793998327282413e-06 6.534069910835786628e-07 1.587436221749339590e-06
2.079000000000000000e+03 2.080000000000000000e+03 4.212646021363748649e-07 1.419413635751611437e-06 5.140620852518718957e-07 1.071674892529782711e-06
2.080000000000000000e+03 2.081000000000000000e+03 3.061752039535352922e-07 9.720227881335962004e-07 4.083844926768846189e-07 6.348070783938189621e-07
2.081000000000000000e+03 2.082000000000000000e+03 3.699720015509617577e-06 7.287553725824556490e-05 3.104776757816101290e-07 4.158409383652673313e-06
2.082000000000000000e+03 2.083000000000000000e+03 4.562194712831899437e-06 9.501669011530671080e-05 2.791705290440372340e-07 3.717801668434841219e-06
2.083000000000000000e+03 2.084000000000000000e+03 5.130885237683679251e-07 2.714111449812760205e-06 2.289376311374935311e-07 2.580696803971863651e-06
2.084000000000000000e+03 2.085000000000000000e+03 4.007909904870620191e-07 1.976671613338660189e-06 1.842303869569362397e-07 1.884334744104814123e-06
2.085000000000000000e+03 2.086000000000000000e+03 4.139140685508211498e-07 4.259696725626196991e-06 1.464333072220347055e-07 1.337440503924006817e-06
2.086000000000000000e+03 2.087000000000000000e+03 2.541179700865064127e-07 1.228409172844487600e-06 1.200707389271403400e-07 9.682860457167192546e-07
2.087000000000000000e+03 2.088000000000000000e+03 2.178584345792675722e-07 6.950417566623683026e-07 9.735335908306980848e-08 6.403700372927702527e-07
2.088000000000000000e+03 2.089000000000000000e+03 1.320093253402254353e-05 1.648876737409005623e-04 1.125042450858917099e-07 6.707183490535350827e-07
2.089000000000000000e+03 2.090000000000000000e+03 4.863571576616538898e-07 9.537381779351236210e-06 9.580221950825277633e-08 3.324193664255503432e-06
2.090000000000000000e+03 2.091000000000000000e+03 4.329817753819697557e-07 2.580903343879488801e-06 7.849199079052693181e-08 2.060791945006800120e-06
2.091000000000000000e+03 2.092000000000000000e+03 3.733720365053478383e-07 3.073196498817452299e-06 6.849976502748082507e-08 1.784816185074047615e-06
2.092000000000000000e+03 2.093000000000000000e+03 2.870362626710199253e-07 1.277199762300399400e-06 5.335824812545409620e-08 1.130605831159888800e-06
2.093000000000000000e+03 2.094000000000000000e+03 2.234110639717079962e-07 8.564162301373683866e-07 4.231085752912997928e-08 8.089563212383037804e-07
2.094000000000000000e+03 2.095000000000000000e+03 1.711220423268492708e-07 5.935428008515035331e-07 3.345769739156397574e-08 5.665148272807882410e-07
2.095000000000000000e+03 2.096000000000000000e+03 1.475771672904433580e-07 4.301719035756677986e-07 2.534787399877826344e-08 4.029453276980646087e-07
2.096000000000000000e+03 2.097000000000000000e+03 1.269171585709006183e-07 3.106467381908077949e-07 1.839664867237921652e-08 2.909195129182526326e-07
2.097000000000000000e+03 2.098000000000000000e+03 1.024974175891356067e-07 4.416308780844863748e-07 1.443510005488456721e-08 2.031944221452555180e-07
2.098000000000000000e+03 2.099000000000000000e+03 7.556518054768151779e-08 1.632860518091839651e-07 1.180712068320896632e-08 1.445476417331536818e-07
2.099000000000000000e+03 2.100000000000000000e+03 3.572958330169598686e-04 1.752759758336386959e-03 2.325638757789745846e-05 3.414523498487111273e-05
2.100000000000000000e+03 2.101000000000000000e+03 7.296781188772686949e-05 4.489252348459372142e-04 1.406816756901410631e-05 2.477801399781237536e-05
2.101000000000000000e+03 2.102000000000000000e+03 3.850977673615418927e-05 1.755370541557101051e-04 1.382407331055074705e-05 2.560083973793458249e-05
2.102000000000000000e+03 2.103000000000000000e+03 3.091773911232810587e-05 1.489352664932369792e-04 1.543840137779529923e-05 2.618785555224504170e-05
2.103000000000000000e+03 2.104000000000000000e+03 1.598874464642867265e-05 6.457192753090638514e-05 1.389634257210434779e-05 2.250033129085760240e-05
2.104000000000000000e+03 2.105000000000000000e+03 9.386896664528349124e-06 3.481287721671994282e-05 1.185264982419880216e-05 1.810819165802192177e-05
2.105000000000000000e+03 2.106000000000000000e+03 5.669616157760757511e-06 1.915475658581363902e-05 9.970896880571191817e-06 1.426649895103152129e-05
2.106000000000000000e+03 2.107000000000000000e+03 3.644441399735122248e-06 1.140289472253038221e-05 8.240615812184603741e-06 1.103705599010659696e-05
2.107000000000000000e+03 2.108000000000000000e+03 2.594113064499770857e-06 8.551103779311418026e-06 6.772953115127175710e-06 8.572981600077156313e-06
2.108000000000000000e+03 2.109000000000000000e+03 2.011163212301777374e-06 6.712112992321201017e-06 5.584805960773701813e-06 6.741073761570563652e-06
2.109000000000000000e+03 2.110000000000000000e+03 1.669248077988853216e-06 5.307860566946281418e-06 4.602225281153825709e-06 5.334516293771400573e-06
2.110000000000000000e+03 2.111000000000000000e+03 1.392219529861386126e-06 4.225536346150941222e-06 3.786975885007989633e-06 4.246157908359368433e-06
2.111000000000000000e+03 2.112000000000000000e+03 1.159174842045700668e-06 3.382818371175423779e-06 3.111810214486269332e-06 3.399066231844815199e-06
2.112000000000000000e+03 2.113000000000000000e+03 9.650880723377855317e-07 2.715752148481072322e-06 2.552252634051914676e-06 2.727737573123577848e-06
2.113000000000000000e+03 2.114000000000000000e+03 7.961726544945221940e-07 2.197134683913411348e-06 2.090527675884554657e-06 2.205572638443755224e-06
2.114000000000000000e+03 2.115000000000000000e+03 6.507606735832905429e-07 1.758501763394963542e-06 1.696665170744547321e-06 1.769183530461995180e-06
2.115000000000000000e+03 2.116000000000000000e+03 5.302873217634106672e-07 1.428750435867172924e-06 1.389253382216093843e-06 1.433312621845011337e-06
2.116000000000000000e+03 2.117000000000000000e+03 4.389894885377324454e-07 1.158905304569083961e-06 1.132033201134228435e-06 1.166693033553777665e-06
2.117000000000000000e+03 2.118000000000000000e+03 3.608113026035751089e-07 9.422170779381919702e-07 9.226252882854935175e-07 9.489342844972210358e-07
2.118000000000000000e+03 2.119000000000000000e+03 2.945390750617364947e-07 7.688462047275757320e-07 7.529901952089028233e-07 7.728029275861323617e-07
2.119000000000000000e+03 2.120000000000000000e+03 2.451531046984810286e-07 6.541505594782853401e-07 6.132949765703643581e-07 6.364881121345991841e-07
2.120000000000000000e+03 2.121000000000000000e+03 2.011836093700366608e-07 5.088772768663951210e-07 4.992844769632048317e-07 5.117753985896226286e-07
2.121000000000000000e+03 2.122000000000000000e+03 1.644778531232158132e-07 4.117930005568328291e-07 4.048669937326739134e-07 4.144648777572329260e-07
2.122000000000000000e+03 2.123000000000000000e+03 1.348595267003871446e-07 3.595132415996378890e-07 3.276272873516524332e-07 3.349482269805915558e-07
2.123000000000000000e+03 2.124000000000000000e+03 1.105899225647086020e-07 2.767776669745381118e-07 2.672705848901801021e-07 2.729798378435785261e-07
2.124000000000000000e+03 2.125000000000000000e+03 9.150808589617575261e-08 2.262706079125742975e-07 2.178349657982600988e-07 2.222784106938025747e-07
2.125000000000000000e+03 2.126000000000000000e+03 7.542981635580042668e-08 1.803648025372799969e-07 1.770278112758869338e-07 1.808030730971910034e-07
2.126000000000000000e+03 2.127000000000000000e+03 6.139552467500820192e-08 1.726707892378064326e-07 1.441703826953565136e-07 1.473534388459454992e-07
2.127000000000000000e+03 2.128000000000000000e+03 5.021959637529400050e-08 1.301457245323974082e-07 1.173206380482292678e-07 1.197581990727664697e-07
2.128000000000000000e+03 2.129000000000000000e+03 4.115565407959748959e-08 1.404961720171700508e-07 9.572075999392131130e-08 9.768384105974938185e-08
2.129000000000000000e+03 2.130000000000000000e+03 2.980793818576840670e-04 1.772108717335277653e-03 5.711130098599182664e-04 8.810375922286711476e-04
2.130000000000000000e+03 2.131000000000000000e+03 7.028699621771759690e-05 4.827388049176729585e-04 3.196400617762557646e-04 4.826226421449136199e-04
2.131000000000000000e+03 2.132000000000000000e+03 6.191980783276095925e-05 3.510560172298526709e-04 2.513424418525022253e-04 3.532431758614863900e-04
2.132000000000000000e+03 2.133000000000000000e+03 5.340944097824355498e-05 2.785055432939546015e-04 2.056277456823529164e-04 2.803116522101300264e-04
2.133000000000000000e+03 2.134000000000000000e+03 4.751593344703629546e-05 2.201816430197641827e-04 1.695799702646124394e-04 2.214183280450092071e-04
2.134000000000000000e+03 2.135000000000000000e+03 4.140466109389512024e-05 1.746439238746329259e-04 1.403815365088239902e-04 1.754343142821954030e-04
2.135000000000000000e+03 2.136000000000000000e+03 4.163173464257072313e-05 1.380554193688605664e-04 1.153054610777381182e-04 1.386757850260807309e-04
2.136000000000000000e+03 2.137000000000000000e+03 3.153353649716838451e-05 1.103163543928661601e-04 9.549936166170405858e-05 1.108113681478055553e-04
2.137000000000000000e+03 2.138000000000000000e+03 2.625284078278824245e-05 8.761320872843991704e-05 7.786003723373686254e-05 8.824220668118726058e-05
2.138000000000000000e+03 2.139000000000000000e+03 2.189387893636578225e-05 6.970244050673646600e-05 6.367818020288837366e-05 7.018120291415101502e-05
2.139000000000000000e+03 2.140000000000000000e+03 1.792475578323388200e-05 5.223934049193968923e-05 4.842713833554800225e-05 5.531285159050040271e-05
2.140000000000000000e+03 2.141000000000000000e+03 1.431624557721585691e-05 4.032052536414891997e-05 3.502439377090998496e-05 3.954132168515810477e-05
2.141000000000000000e+03 2.142000000000000000e+03 1.136517360042821920e-05 3.092992023033953571e-05 2.795466433263265059e-05 3.083281846704352816e-05
2.142000000000000000e+03 2.143000000000000000e+03 9.039275221111267740e-06 2.471130184903085178e-05 2.225094679759882020e-05 2.458175094217809035e-05
2.143000000000000000e+03 2.144000000000000000e+03 7.219441926258750471e-06 1.967719402813696965e-05 1.794188371891175190e-05 1.958611176204589868e-05
2.144000000000000000e+03 2.145000000000000000e+03 5.800629175562627712e-06 1.570298669551810968e-05 1.449211987898439376e-05 1.565061043362498132e-05
2.145000000000000000e+03 2.146000000000000000e+03 4.675527011188918208e-06 1.254861077568113247e-05 1.170853207603457895e-05 1.253493805120301782e-05
2.146000000000000000e+03 2.147000000000000000e+03 3.785767867162321837e-06 1.004576940172052338e-05 9.461363362769462126e-06 1.005826371583931954e-05
2.147000000000000000e+03 2.148000000000000000e+03 3.074662993906492419e-06 8.061595205701560440e-06 7.641881683178325204e-06 8.085339164696200614e-06
2.148000000000000000e+03 2.149000000000000000e+03 2.501492220939861665e-06 6.482837575462735408e-06 6.177652269195771044e-06 6.511092938301998390e-06
2.149000000000000000e+03 2.150000000000000000e+03 2.037214196926748902e-06 5.226271067558926144e-06 4.990634262367944445e-06 5.248242802021382543e-06
2.150000000000000000e+03 2.151000000000000000e+03 1.657417450573098669e-06 4.213109429186398657e-06 4.030319819941213038e-06 4.228818075172095591e-06
2.151000000000000000e+03 2.152000000000000000e+03 1.350272875363803808e-06 3.399578750106637872e-06 3.257832733922271083e-06 3.410823222973789926e-06
2.152000000000000000e+03 2.153000000000000000e+03 1.184818056278357400e-06 7.365674483616934252e-06 3.092258377023093631e-06 3.601479020707955933e-06
2.153000000000000000e+03 2.154000000000000000e+03 8.003940306191075414e-07 2.833445630543352982e-06 2.396557272303320028e-06 2.749860530087064291e-06
2.154000000000000000e+03 2.155000000000000000e+03 5.588184978855119843e-07 1.798615958543908545e-06 1.549471386199227353e-06 1.790390229903584113e-06
2.155000000000000000e+03 2.156000000000000000e+03 4.052484726881218058e-07 1.137449147083054109e-06 9.460584294401553850e-07 1.128787795328724573e-06
2.156000000000000000e+03 2.157000000000000000e+03 2.984894514102769666e-07 7.080975472458948723e-07 5.587418172958734914e-07 6.710061685376761272e-07
2.157000000000000000e+03 2.158000000000000000e+03 2.252658732589360028e-07 4.633976526297453717e-07 3.267930564081996808e-07 4.375950427351047054e-07
2.158000000000000000e+03 2.159000000000000000e+03 1.742765571089836005e-07 3.500314497362319126e-07 2.023152861073183339e-07 3.495470682504295344e-07
2.159000000000000000e+03 2.160000000000000000e+03 2.837551655983764926e-04 1.461183829802916280e-03 2.501088487719275229e-05 3.741339414671398069e-05
2.160000000000000000e+03 2.161000000000000000e+03 1.067788634851557056e-04 1.044990516563405964e-03 6.463001860146486057e-06 3.072964533594606837e-05
2.161000000000000000e+03 2.162000000000000000e+03 5.476621726703114553e-05 9.366585263505149746e-04 2.626072176327422295e-06 1.968623612581221920e-05
2.162000000000000000e+03 2.163000000000000000e+03 6.901751425119235993e-06 3.107383370278367422e-05 1.909642710166111660e-06 9.283365671390539375e-06
2.163000000000000000e+03 2.164000000000000000e+03 4.143541430996783241e-06 1.728206020978342931e-05 1.493955936613263123e-06 4.382000939548103005e-06
2.164000000000000000e+03 2.165000000000000000e+03 2.332028874051527764e-06 9.148776253232650003e-06 1.196795851514074467e-06 2.644501522075122146e-06
2.165000000000000000e+03 2.166000000000000000e+03 2.002066433398289250e-06 2.600820909734585852e-05 1.022432344676300920e-06 2.908633439098189172e-06
2.166000000000000000e+03 2.167000000000000000e+03 8.494684424335389468e-07 2.841182919697017042e-06 8.828175331298560910e-07 1.744321241180343102e-06
2.167000000000000000e+03 2.168000000000000000e+03 5.175035616843878201e-07 1.719742145845964116e-06 7.716570462086811718e-07 1.233078222084914295e-06
2.168000000000000000e+03 2.169000000000000000e+03 3.514021440390544444e-07 1.011298112604110982e-06 6.693401210591815028e-07 8.887047842452573841e-07
2.169000000000000000e+03 2.170000000000000000e+03 2.495875350010783841e-07 6.736451029843167857e-07 5.678518026423911285e-07 6.597306673628629619e-07
2.170000000000000000e+03 2.171000000000000000e+03 1.941647790970838038e-07 7.088646662495770348e-07 4.697594302453129600e-07 5.214734379524528653e-07
2.171000000000000000e+03 2.172000000000000000e+03 1.487210477343593645e-07 4.732563881027513606e-07 3.836223412284351626e-07 4.319973087772348178e-07
2.172000000000000000e+03 2.173000000000000000e+03 1.256762617536644926e-07 8.233463331281339130e-07 3.084112877396508253e-07 3.478572600774507400e-07
2.173000000000000000e+03 2.174000000000000000e+03 9.578012457704825070e-08 2.723822745256996678e-07 2.580772193169287748e-07 2.768259976438896798e-07
2.174000000000000000e+03 2.175000000000000000e+03 7.804620520231162116e-08 2.214291576614859903e-07 2.048190311612854849e-07 2.172769349829545702e-07
2.175000000000000000e+03 2.176000000000000000e+03 6.399768450592450122e-08 1.980313638836278955e-07 1.645511856301452493e-07 1.712685129264731232e-07
2.176000000000000000e+03 2.177000000000000000e+03 5.346762440178715229e-08 1.538878805487265476e-07 1.313770266772316545e-07 1.375550825651430521e-07
2.177000000000000000e+03 2.178000000000000000e+03 4.419149619527185329e-08 1.385702921346905237e-07 1.054563674988539093e-07 1.109401069331830935e-07
2.178000000000000000e+03 2.179000000000000000e+03 3.476010646045061302e-08 1.034137627956249153e-07 8.546376421020861094e-08 8.962135127357206260e-08
2.179000000000000000e+03 2.180000000000000000e+03 2.801000221253369348e-08 1.265091223730273053e-07 6.937593745546922496e-08 7.240199160305570383e-08
2.180000000000000000e+03 2.181000000000000000e+03 2.469509417803039795e-08 1.520805403121643802e-07 4.298956199529730202e-08 4.894274964098334819e-08
2.181000000000000000e+03 2.182000000000000000e+03 2.056754390704308009e-08 1.502672463173873718e-07 4.019701258133844136e-08 4.675496828178418483e-08
2.182000000000000000e+03 2.183000000000000000e+03 1.496481935883381562e-08 9.961962577890765324e-08 3.191394884165495018e-08 3.426676107169693670e-08
2.183000000000000000e+03 2.184000000000000000e+03 1.211678295077888455e-08 9.654250711375187077e-08 2.562242170130195565e-08 3.360123856587264969e-08
2.184000000000000000e+03 2.185000000000000000e+03 9.895345939373196307e-09 8.637105721086286469e-08 2.088232938640485362e-08 2.297370266532427834e-08
2.185000000000000000e+03 2.186000000000000000e+03 1.191528969396327148e-08 1.219442241633393075e-07 1.675968155006361624e-08 1.766930980894052582e-08
2.186000000000000000e+03 2.187000000000000000e+03 2.584368505490462334e-06 4.604869422139242548e-05 3.568742017607245626e-08 8.940982623110226773e-08
2.187000000000000000e+03 2.188000000000000000e+03 2.711452708210565482e-07 3.116976331094444790e-06 1.990655641125913091e-08 3.911444336604167601e-08
2.188000000000000000e+03 2.189000000000000000e+03 7.271626666761940422e-08 4.911742451465665745e-07 1.172868136533534673e-08 2.766495079800122138e-08
2.189000000000000000e+03 2.190000000000000000e+03 2.077253565287454583e-04 1.689389215900346771e-03 3.834115650844937976e-05 1.537307274917378919e-03
2.190000000000000000e+03 2.191000000000000000e+03 4.033649380930732288e-05 3.100559963613759443e-04 1.058191325197686548e-05 2.732005367061190277e-04
2.191000000000000000e+03 2.192000000000000000e+03 2.221251056397411142e-05 1.088884642130392158e-04 3.373476044590816386e-06 5.683180464312414902e-05
2.192000000000000000e+03 2.193000000000000000e+03 1.819038936480974942e-05 7.432226085520500134e-05 1.986664844548023460e-06 3.194180773632438462e-05
2.193000000000000000e+03 2.194000000000000000e+03 1.190467113459886016e-05 4.098336280189853310e-05 1.432016859202768116e-06 2.059592239766889457e-05
2.194000000000000000e+03 2.195000000000000000e+03 7.405081313633268854e-06 2.405020238042862693e-05 1.219750510228035243e-06 1.547936606378285814e-05
2.195000000000000000e+03 2.196000000000000000e+03 5.387620651042545979e-06 1.482471472969159148e-05 8.915316031421954787e-07 1.187890845181673982e-05
2.196000000000000000e+03 2.197000000000000000e+03 4.434216073245862331e-06 9.380630399646853091e-06 1.036993387514909662e-06 9.206227434227221075e-06
2.197000000000000000e+03 2.198000000000000000e+03 3.590108965371085937e-06 8.725586930108918872e-06 1.144808474868570946e-06 7.174444125082675658e-06
2.198000000000000000e+03 2.199000000000000000e+03 2.850230206307151437e-06 5.652855891670853370e-06 1.077932432184988395e-06 5.631227453994862993e-06
2.199000000000000000e+03 2.200000000000000000e+03 2.270123075594684930e-06 4.513635021077956844e-06 9.281620469216510754e-07 4.517944037176547026e-06
2.200000000000000000e+03 2.201000000000000000e+03 1.809217342769756851e-06 3.577011618097581815e-06 7.727387642476697200e-07 3.590831868938494268e-06
2.201000000000000000e+03 2.202000000000000000e+03 1.439144391256080825e-06 2.845128148788315901e-06 6.385538306166147140e-07 2.847192754369517916e-06
2.202000000000000000e+03 2.203000000000000000e+03 1.143908968535361344e-06 2.233145822677521584e-06 5.287295279444046538e-07 2.240381855956296075e-06
2.203000000000000000e+03 2.204000000000000000e+03 9.077645639586478608e-07 1.781830170250786758e-06 4.392755667092041790e-07 1.786020488646931285e-06
2.204000000000000000e+03 2.205000000000000000e+03 7.246903733096575001e-07 1.419888107723037600e-06 3.654895060535036638e-07 1.424005724186796868e-06
2.205000000000000000e+03 2.206000000000000000e+03 5.737470807285374929e-07 1.159949083542198882e-06 3.015474259162307480e-07 1.136566995214739446e-06
2.206000000000000000e+03 2.207000000000000000e+03 4.363216512336374541e-07 9.093299688718476181e-07 2.514079276193868045e-07 9.091538566456185939e-07
2.207000000000000000e+03 2.208000000000000000e+03 3.488898209622598997e-07 7.251191185473456503e-07 2.090955899982019907e-07 7.277625034650389555e-07
2.208000000000000000e+03 2.209000000000000000e+03 2.822604534903928381e-07 5.798828923441470882e-07 1.761223525025141281e-07 5.824901086229468255e-07
2.209000000000000000e+03 2.210000000000000000e+03 2.273745504569925838e-07 4.597600347314074970e-07 1.476244695828892758e-07 4.615940469758463880e-07
2.210000000000000000e+03 2.211000000000000000e+03 1.802843788688321041e-07 3.711410651835778465e-07 1.213101242251951362e-07 3.606996722432444320e-07
2.211000000000000000e+03 2.212000000000000000e+03 1.405520314530054825e-07 2.992053633712624864e-07 9.869477490334160524e-08 2.825424631279729423e-07
2.212000000000000000e+03 2.213000000000000000e+03 1.128399030483469090e-07 2.250206949293257074e-07 8.169539034360504601e-08 2.231080712539687551e-07
2.213000000000000000e+03 2.214000000000000000e+03 8.880851163493449203e-08 1.728360658948183350e-07 6.705385689437948821e-08 1.645447566067654446e-07
2.214000000000000000e+03 2.215000000000000000e+03 6.977201101784597625e-08 1.461974613530181069e-07 5.546021812811711312e-08 1.323425962495300030e-07
2.215000000000000000e+03 2.216000000000000000e+03 5.620457176883122424e-08 1.687605168313343325e-07 4.551267855742216714e-08 1.081675271870402249e-07
2.216000000000000000e+03 2.217000000000000000e+03 6.720848068814478267e-08 5.654683081449721742e-07 3.859875243204929901e-08 8.621477791229563789e-08
2.217000000000000000e+03 2.218000000000000000e+03 3.661686167139644532e-08 8.852885505165856904e-08 3.116257993193055067e-08 6.968681474920233014e-08
2.218000000000000000e+03 2.219000000000000000e+03 2.974973077819072001e-08 1.311787248717348807e-07 2.560054487419012616e-08 5.781529265614570714e-08
2.219000000000000000e+03 2.220000000000000000e+03 2.028517186160980375e-04 1.067093460878695745e-03 1.197090929687822649e-05 9.692551286912998881e-05
2.220000000000000000e+03 2.221000000000000000e+03 5.396793245008445108e-05 3.249534780897027049e-04 8.032956600050918653e-06 6.395064420348795377e-05
2.221000000000000000e+03 2.222000000000000000e+03 3.159186857765659254e-05 1.654848963977285361e-04 5.541994150477822935e-06 3.609319310862928816e-05
2.222000000000000000e+03 2.223000000000000000e+03 1.920322300145388357e-05 9.138756469919120050e-05 3.645506893934485701e-06 1.981245220977448140e-05
2.223000000000000000e+03 2.224000000000000000e+03 1.079755491311446888e-05 4.786589322083273737e-05 2.416389633701278316e-06 8.100243988239863504e-06
2.224000000000000000e+03 2.225000000000000000e+03 7.015203752315077022e-06 6.574673321012164937e-05 1.689950520356958738e-06 1.113012206200033897e-05
2.225000000000000000e+03 2.226000000000000000e+03 3.815197386925103932e-06 1.871910998373121682e-05 1.241385212601551599e-06 1.001536391038564438e-05
2.226000000000000000e+03 2.227000000000000000e+03 2.333029315899557543e-06 1.040062760259152457e-05 9.523891801583671133e-07 5.968996956335892096e-06
2.227000000000000000e+03 2.228000000000000000e+03 1.360966333610185518e-06 5.963888946518279248e-06 7.408930011080621268e-07 3.960375606234198727e-06
2.228000000000000000e+03 2.229000000000000000e+03 8.099094164400801269e-07 3.475387877139468814e-06 5.982018294630557735e-07 2.426797148181274398e-06
2.229000000000000000e+03 2.230000000000000000e+03 5.344930986753220893e-07 2.021881083328255503e-06 4.900329812147870830e-07 1.513400657700109723e-06
2.230000000000000000e+03 2.231000000000000000e+03 1.148950800917348506e-06 1.088990269139284651e-05 4.589824676976804453e-07 1.052551176854290977e-05
2.231000000000000000e+03 2.232000000000000000e+03 9.535126377785932706e-07 7.374521142871004941e-06 3.715687758387119483e-07 6.347183512116596934e-06
2.232000000000000000e+03 2.233000000000000000e+03 6.149497353067231528e-07 4.461194033844537176e-06 2.993450162462423939e-07 3.085031888126848852e-06
2.233000000000000000e+03 2.234000000000000000e+03 3.636317489287769428e-07 2.149401947525960965e-06 2.281448142455049255e-07 1.326652901680832456e-06
2.234000000000000000e+03 2.235000000000000000e+03 2.069133086673622245e-07 9.921436882523115008e-07 1.802720738372348552e-07 7.570118066034870069e-07
2.235000000000000000e+03 2.236000000000000000e+03 1.475526529358782920e-07 6.731451745889910627e-07 1.457466578489391829e-07 6.129796562953547737e-07
2.236000000000000000e+03 2.237000000000000000e+03 1.158618179149504776e-07 5.191069628344184945e-07 1.170680208292627978e-07 4.441385164809074246e-07
2.237000000000000000e+03 2.238000000000000000e+03 9.018198293153135995e-08 3.678514269122968752e-07 9.621222963997163890e-08 3.082416887938758012e-07
2.238000000000000000e+03 2.239000000000000000e+03 7.089075326995828089e-08 2.539697484279927014e-07 7.900050153061124005e-08 2.097239891321835336e-07
2.239000000000000000e+03 2.240000000000000000e+03 5.854999910091467273e-08 1.742298327773712025e-07 6.564405592895972394e-08 1.454043673720571880e-07
2.240000000000000000e+03 2.241000000000000000e+03 4.913111637856505279e-08 1.705914220988465125e-07 5.379075606081281981e-08 1.032148081410588516e-07
2.241000000000000000e+03 2.242000000000000000e+03 4.013968928229756329e-08 1.350955267164694709e-07 4.425029308155804296e-08 7.504732052552107113e-08
2.242000000000000000e+03 2.243000000000000000e+03 3.100920565595385429e-08 1.252640967892140879e-07 3.557601906774175427e-08 5.390199344492076089e-08
2.243000000000000000e+03 2.244000000000000000e+03 6.680621516837900135e-08 8.150027648348203202e-07 3.515640931528248646e-08 6.092806899402252839e-08
2.244000000000000000e+03 2.245000000000000000e+03 2.136933363229513101e-08 1.832387633312529378e-07 1.976767990658910662e-08 3.625967711304765225e-08
2.245000000000000000e+03 2.246000000000000000e+03 1.721071036667476724e-08 1.832395265722261500e-07 1.581364950866830784e-08 3.192241316836395364e-08
2.246000000000000000e+03 2.247000000000000000e+03 1.452604131547492677e-08 1.456583522331014019e-07 1.317855339022024527e-08 3.417245551237592012e-08
2.247000000000000000e+03 2.248000000000000000e+03 1.127126510895338867e-08 9.796353211553235518e-08 1.105846085819652374e-08 2.152184731353380480e-08
2.248000000000000000e+03 2.249000000000000000e+03 9.866976692874958160e-09 1.277073935351759727e-07 9.153419861852070433e-09 2.252213475906639306e-08
2.249000000000000000e+03 2.250000000000000000e+03 9.569022138905224073e-04 4.680741160067043369e-03 1.595526436853211155e-04 4.729348069365464299e-03
2.250000000000000000e+03 2.251000000000000000e+03 1.379110219583761453e-04 6.425742246936329803e-04 1.640905047964398875e-05 3.086677433478388945e-04
2.251000000000000000e+03 2.252000000000000000e+03 1.151074833095453061e-04 7.973315843720468190e-04 1.210742285793809547e-05 1.982371452663881446e-04
2.252000000000000000e+03 2.253000000000000000e+03 5.700753745029972367e-05 1.697503354245209284e-04 8.315075335854495533e-06 1.099399007944176603e-04
2.253000000000000000e+03 2.254000000000000000e+03 4.399418035284696814e-05 1.546808286503833672e-04 6.117278769133281723e-06 7.631746391232304761e-05
2.254000000000000000e+03 2.255000000000000000e+03 3.120620617486719663e-05 8.687933557620265560e-05 4.773575301731576852e-06 5.868168324310896357e-05
2.255000000000000000e+03 2.256000000000000000e+03 2.288759766317678820e-05 5.278724165897498422e-05 4.042078566086873586e-06 4.676606767027277259e-05
2.256000000000000000e+03 2.257000000000000000e+03 1.804342532939599107e-05 5.530446597209070397e-05 3.671810142603282158e-06 3.762121619846547297e-05
2.257000000000000000e+03 2.258000000000000000e+03 1.411876144158366883e-05 3.038948693127885710e-05 3.389189969367502208e-06 3.000251937539601159e-05
2.258000000000000000e+03 2.259000000000000000e+03 1.126304398172560037e-05 2.408345487272618219e-05 3.083381262938969471e-06 2.384858871165710365e-05
2.259000000000000000e+03 2.260000000000000000e+03 8.990955233739561091e-06 1.898284994610522551e-05 2.730923901547125435e-06 1.883793456416841991e-05
2.260000000000000000e+03 2.261000000000000000e+03 7.164691072130159317e-06 1.497534804557562762e-05 2.362141004320919916e-06 1.487384750186854255e-05
2.261000000000000000e+03 2.262000000000000000e+03 5.688135467777962307e-06 1.177281752425882342e-05 2.006244924940238195e-06 1.171474362310284610e-05
2.262000000000000000e+03 2.263000000000000000e+03 4.516614492546778970e-06 9.257350283616541566e-06 1.694431488317108288e-06 9.191615766790691731e-06
2.263000000000000000e+03 2.264000000000000000e+03 3.572674370278423223e-06 7.186352265066577090e-06 1.427434808428058835e-06 7.214465031214581413e-06
2.264000000000000000e+03 2.265000000000000000e+03 2.822782761426951972e-06 5.773776420545017533e-06 1.197199698442178849e-06 5.762161272235698548e-06
2.265000000000000000e+03 2.266000000000000000e+03 6.782268087098050223e-06 6.831515379747871196e-05 1.086436904430734172e-06 4.564535323486691159e-06
2.266000000000000000e+03 2.267000000000000000e+03 1.799261046920992279e-06 3.613031771711755135e-06 8.411375796677551740e-07 3.610568423210086314e-06
2.267000000000000000e+03 2.268000000000000000e+03 1.423015625815570760e-06 2.875680073988533910e-06 6.994220746391253800e-07 2.888832176748979162e-06
2.268000000000000000e+03 2.269000000000000000e+03 1.107948326847705260e-06 2.277991885498945327e-06 5.840926313344314769e-07 2.299565470919092021e-06
2.269000000000000000e+03 2.270000000000000000e+03 8.658336397356703328e-07 1.871246774912358274e-06 4.858611012782102028e-07 1.806433749530566301e-06
2.270000000000000000e+03 2.271000000000000000e+03 6.804314011367701573e-07 1.422718585786351639e-06 4.077959555911238358e-07 1.414063154291705551e-06
2.271000000000000000e+03 2.272000000000000000e+03 5.701744140653021113e-07 2.543964704993928354e-06 3.290067301931457491e-07 1.094407984922765961e-06
2.272000000000000000e+03 2.273000000000000000e+03 4.294793063754599292e-07 8.573175335839701376e-07 2.974314707258405014e-07 8.511593163116348695e-07
2.273000000000000000e+03 2.274000000000000000e+03 3.389876198451254675e-07 6.736013455129866632e-07 2.451774095233604827e-07 6.703078920740601153e-07
2.274000000000000000e+03 2.275000000000000000e+03 2.684296904592243810e-07 5.260695690571125431e-07 2.033972424299875498e-07 5.265471849906885860e-07
2.275000000000000000e+03 2.276000000000000000e+03 2.156382859917223906e-07 6.231667037115996240e-07 1.692560529926778211e-07 4.197813094239292975e-07
2.276000000000000000e+03 2.277000000000000000e+03 1.706585644482722024e-07 3.343016607922020781e-07 1.383777349030125454e-07 3.322495865661874815e-07
2.277000000000000000e+03 2.278000000000000000e+03 1.366374851860419661e-07 2.582000735392032502e-07 1.106701952978078279e-07 2.618284943260997428e-07
2.278000000000000000e+03 2.279000000000000000e+03 1.098314734462556632e-07 2.493263416720645656e-07 9.039940883616748527e-08 2.184128998523098989e-07
2.279000000000000000e+03 2.280000000000000000e+03 1.469634669024164238e-04 7.859837839119134363e-04 1.501339459157848589e-05 2.964374190246373431e-04
2.280000000000000000e+03 2.281000000000000000e+03 4.271410658080682728e-05 1.994568239017370189e-04 7.704616475777899433e-06 1.304913204187783103e-04
2.281000000000000000e+03 2.282000000000000000e+03 3.196020532186093227e-05 1.264795942313506828e-04 5.396755346697371706e-06 7.577591878811172600e-05
2.282000000000000000e+03 2.283000000000000000e+03 2.235166673913658106e-05 7.376099143186707610e-05 4.174813551691994534e-06 4.977183692258850491e-05
2.283000000000000000e+03 2.284000000000000000e+03 1.550391239193797598e-05 4.635303920903718910e-05 3.316099076029665143e-06 3.516854378676207880e-05
2.284000000000000000e+03 2.285000000000000000e+03 1.127787517623582562e-05 3.628328034779331108e-05 2.473268607255846984e-06 3.409251671621707356e-05
2.285000000000000000e+03 2.286000000000000000e+03 8.606511451607836588e-06 2.565914295125229909e-05 1.606737789288857055e-06 2.230701386385884740e-05
2.286000000000000000e+03 2.287000000000000000e+03 6.454141345766835144e-06 1.694653017512898804e-05 1.370852391664316996e-06 1.671212223786558692e-05
2.287000000000000000e+03 2.288000000000000000e+03 5.125264515689758414e-06 1.290815733197183462e-05 1.424655640991689565e-06 1.295837215230836159e-05
2.288000000000000000e+03 2.289000000000000000e+03 4.108150826252707233e-06 9.890788239435322027e-06 1.363796258268368573e-06 9.894517300212576002e-06
2.289000000000000000e+03 2.290000000000000000e+03 3.286500072921183109e-06 7.546607245047704692e-06 1.165343431958608981e-06 7.508724145311841553e-06
2.290000000000000000e+03 2.291000000000000000e+03 2.699239851018746703e-06 6.872733740412640850e-06 9.395104200143285830e-07 5.705645267629608951e-06
2.291000000000000000e+03 2.292000000000000000e+03 2.162637538086194772e-06 4.656052766006557895e-06 7.421829335820229050e-07 4.458212147635339994e-06
2.292000000000000000e+03 2.293000000000000000e+03 1.733759842884840942e-06 3.461497105209747169e-06 5.884063415704590886e-07 3.407056118545790143e-06
2.293000000000000000e+03 2.294000000000000000e+03 1.373153601381868258e-06 2.670910162629753258e-06 4.744284284051461379e-07 2.630074084121704695e-06
2.294000000000000000e+03 2.295000000000000000e+03 1.091778666768849031e-06 2.598194379740172121e-06 3.957494271301864951e-07 2.285240458149423138e-06
2.295000000000000000e+03 2.296000000000000000e+03 9.143957459463314724e-07 2.838001915441818354e-06 3.299407669472233140e-07 1.682510219512239677e-06
2.296000000000000000e+03 2.297000000000000000e+03 7.966046574942694319e-07 3.972247258380562550e-06 2.663190690195006865e-07 1.339320262638072092e-06
2.297000000000000000e+03 2.298000000000000000e+03 1.352079136603465934e-06 1.463422015822600964e-05 2.233746942077643194e-07 1.080658230551730132e-06
2.298000000000000000e+03 2.299000000000000000e+03 4.803747538923568225e-07 1.925262482805489025e-06 1.968133521870579189e-07 8.585072989128384290e-07
2.299000000000000000e+03 2.300000000000000000e+03 3.634917124214943918e-07 7.833655241089462996e-07 1.830664589850517515e-07 6.872837569169575455e-07
2.300000000000000000e+03 2.301000000000000000e+03 2.921691007566384044e-07 6.964425348256765352e-07 1.651917422689564444e-07 5.517074325910107906e-07
2.301000000000000000e+03 2.302000000000000000e+03 2.358299286821300502e-07 4.944528783012701853e-07 1.400329773399452284e-07 4.897826929229458997e-07
2.302000000000000000e+03 2.303000000000000000e+03 1.916607505962981497e-07 3.960703972000890707e-07 1.137670783923289924e-07 3.811650966577225291e-07
2.303000000000000000e+03 2.304000000000000000e+03 1.535636383285528255e-07 2.922555977070384789e-07 9.182746503341964355e-08 2.917588917743932683e-07
2.304000000000000000e+03 2.305000000000000000e+03 1.218320970642414237e-07 2.292764955602821622e-07 7.432297457638581170e-08 2.291381308828894585e-07
2.305000000000000000e+03 2.306000000000000000e+03 9.696837741553174837e-08 1.937130044044702465e-07 6.341319621882835107e-08 1.819354031770912962e-07
2.306000000000000000e+03 2.307000000000000000e+03 7.800818807069159613e-08 1.769545996127760991e-07 5.391506795373390754e-08 1.469659522261332116e-07
2.307000000000000000e+03 2.308000000000000000e+03 6.241982274771591412e-08 1.190205804008202152e-07 4.484773125706041352e-08 1.183729236444931512e-07
2.308000000000000000e+03 2.309000000000000000e+03 5.051422356894912545e-08 9.644874972673167182e-08 3.732063644201931634e-08 9.621227842958145864e-08
2.309000000000000000e+03 2.310000000000000000e+03 2.925921403748529565e-03 2.768018359083222399e-02 1.758296799087566420e-04 4.644324953609036918e-04
2.310000000000000000e+03 2.311000000000000000e+03 7.681666780525285435e-04 4.882974536402125837e-03 9.140082234730369584e-05 1.396875740231865066e-04
2.311000000000000000e+03 2.312000000000000000e+03 1.600514886106573897e-04 8.840721550736411723e-04 3.061768790421965947e-05 6.245133166066697708e-05
2.312000000000000000e+03 2.313000000000000000e+03 9.167668769613122274e-05 4.458570539348260305e-04 2.293741944024800720e-05 4.772876734619961033e-05
2.313000000000000000e+03 2.314000000000000000e+03 5.240331384734418351e-05 2.247464824506955564e-04 1.756918715513291086e-05 2.995787414207885574e-05
2.314000000000000000e+03 2.315000000000000000e+03 2.712312062556260282e-05 1.034597342116818492e-04 1.354565915075757273e-05 1.719431595526732214e-05
2.315000000000000000e+03 2.316000000000000000e+03 1.420962565369968486e-05 5.485976643256654613e-05 1.077015569000993804e-05 1.267893801844581156e-05
2.316000000000000000e+03 2.317000000000000000e+03 7.692300586867500050e-06 3.467365460468597961e-05 8.726771075536039963e-06 1.000601003955405790e-05
2.317000000000000000e+03 2.318000000000000000e+03 4.352682214432826128e-06 1.570113867840542662e-05 7.242785616830703686e-06 7.824957428336388744e-06
2.318000000000000000e+03 2.319000000000000000e+03 2.883333140885193826e-06 8.264192884386188182e-06 5.895447051035000271e-06 6.287966978558540348e-06
2.319000000000000000e+03 2.320000000000000000e+03 2.234893813058217300e-06 5.109883626854862587e-06 4.820127156473867987e-06 5.082928305078165623e-06
2.320000000000000000e+03 2.321000000000000000e+03 1.834304049819142407e-06 4.115581827902676521e-06 3.930671636907774034e-06 4.118062525959862730e-06
2.321000000000000000e+03 2.322000000000000000e+03 1.520818280605668305e-06 3.344650169794302929e-06 3.199627661701802482e-06 3.335653466796317340e-06
2.322000000000000000e+03 2.323000000000000000e+03 1.330344541930361820e-06 4.210569035061194302e-06 2.612872218136356445e-06 3.776396059150359106e-06
2.323000000000000000e+03 2.324000000000000000e+03 1.109544529973981361e-06 2.924031960790883320e-06 2.125860289203981305e-06 2.810720251005540782e-06
2.324000000000000000e+03 2.325000000000000000e+03 9.259599826098475245e-07 2.202123992647970732e-06 1.740239051430877795e-06 2.127555561836931463e-06
2.325000000000000000e+03 2.326000000000000000e+03 7.336532562807592486e-07 1.649964884392100413e-06 1.418669228749518957e-06 1.589059138011076186e-06
2.326000000000000000e+03 2.327000000000000000e+03 5.990895259616451049e-07 1.241680815617093231e-06 1.160509801979410671e-06 1.232033758616220574e-06
2.327000000000000000e+03 2.328000000000000000e+03 5.222942689104108352e-07 1.783882013226584972e-06 1.285458865503739371e-06 1.440927010837662625e-06
2.328000000000000000e+03 2.329000000000000000e+03 4.608874057402492536e-07 1.801688605458824728e-06 9.815382939937419538e-07 1.136294319215655293e-06
2.329000000000000000e+03 2.330000000000000000e+03 3.477446983687837566e-07 8.283718248118297794e-07 7.713326269003483861e-07 8.524254867590212486e-07
2.330000000000000000e+03 2.331000000000000000e+03 2.885210399795840238e-07 6.607538669177111024e-07 6.160936275575349608e-07 6.712175185607360699e-07
2.331000000000000000e+03 2.332000000000000000e+03 2.375782819942065615e-07 5.190209423366214553e-07 4.966930660592011318e-07 5.179339948983805235e-07
2.332000000000000000e+03 2.333000000000000000e+03 1.989917034489691460e-07 4.772510104710043432e-07 3.986663529862230236e-07 4.139973595825530802e-07
2.333000000000000000e+03 2.334000000000000000e+03 1.601717072118274114e-07 3.279551482563397067e-07 3.208444604512352946e-07 3.316410560981245214e-07
2.334000000000000000e+03 2.335000000000000000e+03 1.330392892796662120e-07 4.032031481267742515e-07 2.600034523863160843e-07 2.671563926790727785e-07
2.335000000000000000e+03 2.336000000000000000e+03 1.071381461872737997e-07 2.142799805270549925e-07 2.090321807480542156e-07 2.160653438077735223e-07
2.336000000000000000e+03 2.337000000000000000e+03 1.217722576393582380e-04 1.390919182434462078e-03 3.790950936289908146e-06 6.335308254309564088e-06
2.337000000000000000e+03 2.338000000000000000e+03 1.791617268543865422e-05 1.139563510360290120e-04 2.759917859857631999e-06 2.184559629382000042e-05
2.338000000000000000e+03 2.339000000000000000e+03 9.622234412487723967e-06 4.734542133242117674e-05 1.895818892449393379e-06 6.931836760231538790e-06
2.339000000000000000e+03 2.340000000000000000e+03 5.669291299539342896e-03 3.191178987632928982e-02 4.946647037311003225e-04 7.675813709412748027e-04
2.340000000000000000e+03 2.341000000000000000e+03 3.919415867105397236e-04 3.239064160441863186e-03 1.430023920295472634e-04 1.702306902132401064e-04
2.341000000000000000e+03 2.342000000000000000e+03 6.865409521206134943e-05 3.957017079147539282e-04 5.339613002785092169e-05 6.617299192194939315e-05
2.342000000000000000e+03 2.343000000000000000e+03 3.899448462673359985e-05 1.459309127797506081e-04 4.420118421747691112e-05 5.282897293185436101e-05
2.343000000000000000e+03 2.344000000000000000e+03 2.210512299693080567e-05 7.359478057057233097e-05 3.592257184096691870e-05 4.235470828138867996e-05
2.344000000000000000e+03 2.345000000000000000e+03 1.318973016724887687e-05 4.297497728458544330e-05 2.960655976094313745e-05 3.473780904632773790e-05
2.345000000000000000e+03 2.346000000000000000e+03 9.057874803385033540e-06 2.732257635040544408e-05 2.413866269238547580e-05 2.744869621372075051e-05
2.346000000000000000e+03 2.347000000000000000e+03 7.071493834889646592e-06 2.195494781584841020e-05 1.977680353153155670e-05 2.198540773883016718e-05
2.347000000000000000e+03 2.348000000000000000e+03 5.837560933345327999e-06 1.771213833604496341e-05 1.624850319590492786e-05 1.776049954589810562e-05
2.348000000000000000e+03 2.349000000000000000e+03 4.871471914632790621e-06 1.436473231525113880e-05 1.335220834124613116e-05 1.440427475735912006e-05
2.349000000000000000e+03 2.350000000000000000e+03 4.056510758991972456e-06 1.167911024790753495e-05 1.097258880603202042e-05 1.171389225697798472e-05
2.350000000000000000e+03 2.351000000000000000e+03 3.371601582341141736e-06 9.570015295695509725e-06 9.017252568121383990e-06 9.662540514910414335e-06
2.351000000000000000e+03 2.352000000000000000e+03 2.808056529711722420e-06 7.832166294654769250e-06 7.400418523828410794e-06 7.813847366936263342e-06
2.352000000000000000e+03 2.353000000000000000e+03 2.342039683100121665e-06 6.339625532030723701e-06 6.108980364480813809e-06 6.347030272099257099e-06
2.353000000000000000e+03 2.354000000000000000e+03 1.944456607856596806e-06 5.171428202344377942e-06 5.038283304103546498e-06 5.180261872178990715e-06
2.354000000000000000e+03 2.355000000000000000e+03 2.036202583113124461e-06 1.117524040712432146e-05 4.176401146543105744e-06 9.996927256886815262e-06
2.355000000000000000e+03 2.356000000000000000e+03 1.744167535605635584e-06 8.076921999589843659e-06 3.358396377800119805e-06 6.954462847150288721e-06
2.356000000000000000e+03 2.357000000000000000e+03 1.528773407958088993e-06 5.464059837686358226e-06 2.741838623907468934e-06 4.788116606499493046e-06
2.357000000000000000e+03 2.358000000000000000e+03 1.111514200399627094e-06 3.661721192017968776e-06 2.229719303479857979e-06 3.340430358015626100e-06
2.358000000000000000e+03 2.359000000000000000e+03 1.020702928489619621e-06 6.595640029740937251e-06 1.863916619671343380e-06 2.414514626499817875e-06
2.359000000000000000e+03 2.360000000000000000e+03 7.021415743344042184e-07 1.728059438885022431e-06 1.457581484754169750e-06 1.707149203811988234e-06
2.360000000000000000e+03 2.361000000000000000e+03 5.567707340684342711e-07 1.307368577325197561e-06 1.187801318291665418e-06 1.239921010952084050e-06
2.361000000000000000e+03 2.362000000000000000e+03 4.452890554079899350e-07 9.961250865146297187e-07 9.696631958982024307e-07 9.882842574575378595e-07
2.362000000000000000e+03 2.363000000000000000e+03 3.622859982937897101e-07 8.056530444074163844e-07 7.914787973120272651e-07 8.069599769045876051e-07
2.363000000000000000e+03 2.364000000000000000e+03 2.990708406789076212e-07 6.631798896585795061e-07 6.475897707473131382e-07 6.660971261949696395e-07
2.364000000000000000e+03 2.365000000000000000e+03 7.447466958224221109e-07 1.073189818162422577e-05 5.281334745640652401e-07 5.391710271017128774e-07
2.365000000000000000e+03 2.366000000000000000e+03 1.920554587391828116e-07 4.410134128687081420e-07 4.319286270018645573e-07 4.408152815156281639e-07
2.366000000000000000e+03 2.367000000000000000e+03 1.598278281972868162e-07 3.666988236045920405e-07 3.530132413760587132e-07 3.604892130772583231e-07
2.367000000000000000e+03 2.368000000000000000e+03 1.367464027237276362e-07 9.251568662399151679e-07 2.885163629853405405e-07 2.950209816664792611e-07
2.368000000000000000e+03 2.369000000000000000e+03 2.509968274272122471e-06 6.262945142544010572e-05 2.374708951480096495e-07 4.557426848149246002e-07
2.369000000000000000e+03 2.370000000000000000e+03 1.112485407598809141e-04 6.430434043942750543e-04 9.537308804477377926e-06 2.058612712819527866e-05
2.370000000000000000e+03 2.371000000000000000e+03 2.151344670272922500e-05 1.753934310402858272e-04 4.218971678308156235e-06 2.204625162812510721e-05
2.371000000000000000e+03 2.372000000000000000e+03 8.426180739263318414e-06 6.064655521191987097e-05 1.837340874036782201e-06 1.255693852412289558e-05
2.372000000000000000e+03 2.373000000000000000e+03 3.554346160384648409e-06 2.621266286541705536e-05 1.407527316708011398e-06 6.406017371055212748e-06
2.373000000000000000e+03 2.374000000000000000e+03 1.671038910016715007e-06 1.283198744402733365e-05 1.163453695284930252e-06 3.833715533671945039e-06
2.374000000000000000e+03 2.375000000000000000e+03 1.029864028570072058e-06 5.957858210967591973e-06 9.714579557623789772e-07 2.849120534591147381e-06
2.375000000000000000e+03 2.376000000000000000e+03 7.217613017289475880e-07 3.300078422287459094e-06 8.227165886900964914e-07 2.150817642057438636e-06
2.376000000000000000e+03 2.377000000000000000e+03 5.408070989405912218e-07 1.708915910574744431e-06 6.911944347943735189e-07 1.576742218597169578e-06
2.377000000000000000e+03 2.378000000000000000e+03 4.444009499288891363e-07 1.172930260020937277e-06 5.801148071168727507e-07 1.160812673931178138e-06
2.378000000000000000e+03 2.379000000000000000e+03 3.774182597808383133e-07 8.768491082104593783e-07 4.867611828247242686e-07 8.600891412985840125e-07
2.379000000000000000e+03 2.380000000000000000e+03 5.410350903982666424e-07 7.908276272333541730e-06 4.072617961856972684e-07 9.859291818678884156e-07
2.380000000000000000e+03 2.381000000000000000e+03 2.457996480261413800e-07 7.495522199768924032e-07 3.424236084192228408e-07 9.056143415558375171e-07
2.381000000000000000e+03 2.382000000000000000e+03 2.042999827538433193e-07 8.972749173503689676e-07 2.849954476541045958e-07 4.808344580939965927e-07
2.382000000000000000e+03 2.383000000000000000e+03 1.456924290455142563e-07 3.049446310808250949e-07 2.383589627869336220e-07 2.968021004912485684e-07
2.383000000000000000e+03 2.384000000000000000e+03 1.129206879338142507e-07 2.385049029886520046e-07 1.980203201617158662e-07 2.345457936877158220e-07
2.384000000000000000e+03 2.385000000000000000e+03 8.837647962523902491e-08 1.934444973598441578e-07 1.662647798529833331e-07 1.920053786489494213e-07
2.385000000000000000e+03 2.386000000000000000e+03 6.979861113829686289e-08 1.631469295445821571e-07 1.380662316031883922e-07 1.535180863791448706e-07
2.386000000000000000e+03 2.387000000000000000e+03 5.582917973089116838e-08 1.839580453656523605e-07 1.145910563980636909e-07 1.223891139803889521e-07
2.387000000000000000e+03 2.388000000000000000e+03 4.739507683172250211e-08 3.585855305333765622e-07 9.240513958206951432e-08 9.971838530006103802e-08
2.388000000000000000e+03 2.389000000000000000e+03 3.279222095716025757e-08 9.439750604054527416e-08 7.600591785708883221e-08 8.387941169261345589e-08
2.389000000000000000e+03 2.390000000000000000e+03 2.668928468056033385e-08 7.166886599381866626e-08 6.371537973603847461e-08 7.224510858620331653e-08
2.390000000000000000e+03 2.391000000000000000e+03 2.272115056831906241e-08 1.721109652476200010e-07 5.416395984437730506e-08 5.845590474355621278e-08
2.391000000000000000e+03 2.392000000000000000e+03 2.096820715570270085e-08 1.721249984900065553e-07 4.427605992547332785e-08 4.737389431703623697e-08
2.392000000000000000e+03 2.393000000000000000e+03 1.686239990564042794e-08 1.285341979609983497e-07 3.695267344832162677e-08 5.083052685823071103e-08
2.393000000000000000e+03 2.394000000000000000e+03 1.387807576832976858e-08 1.285318004091161110e-07 2.996658125077788987e-08 3.560984294831238079e-08
2.394000000000000000e+03 2.395000000000000000e+03 1.631852626832877797e-08 1.607592646008740507e-07 2.499224143814165265e-08 2.914279667298948715e-08
2.395000000000000000e+03 2.396000000000000000e+03 3.757486442051728907e-08 4.048264605957598583e-07 2.215873196975698710e-08 2.622744207013059825e-07
2.396000000000000000e+03 2.397000000000000000e+03 2.102329292118989050e-08 2.166370062561974546e-07 1.858308903728593071e-08 1.563715798869052237e-07
2.397000000000000000e+03 2.398000000000000000e+03 1.429961828185957654e-08 1.568889000266544368e-07 1.507510548323096767e-08 6.687298662740651039e-08
2.398000000000000000e+03 2.399000000000000000e+03 8.328752827856857546e-09 5.892734487179628567e-08 1.105200724801586019e-08 3.715564565698355738e-08
2.399000000000000000e+03 2.400000000000000000e+03 1.567414859112931992e-04 7.684934128053992142e-04 1.270319996741239172e-05 1.712547934465660492e-05
2.400000000000000000e+03 2.401000000000000000e+03 4.007142230341481561e-05 2.212193162908446546e-04 8.929439040336660614e-06 1.689367017288934684e-05
2.401000000000000000e+03 2.402000000000000000e+03 1.777537981435288995e-05 6.724376933378192181e-05 5.221247588994915076e-06 1.210085192829572689e-05
2.402000000000000000e+03 2.403000000000000000e+03 9.380302982301956887e-06 3.624451187661017066e-05 3.861124123311662936e-06 8.399681761574734335e-06
2.403000000000000000e+03 2.404000000000000000e+03 4.411606883383100208e-06 1.904324807033480263e-05 3.059790393970531305e-06 5.779968255713725496e-06
2.404000000000000000e+03 2.405000000000000000e+03 3.025893315018963910e-06 3.979835772967423935e-05 2.543056946201478375e-06 4.150680962614321759e-06
2.405000000000000000e+03 2.406000000000000000e+03 1.197043837689853516e-06 6.287372850921839211e-06 2.143576150860068564e-06 3.005536068652670050e-06
2.406000000000000000e+03 2.407000000000000000e+03 6.245672100726900160e-07 3.148338368346249542e-06 1.779685671927556018e-06 2.256908054926727881e-06
2.407000000000000000e+03 2.408000000000000000e+03 4.493777157699880355e-07 3.118972104377298695e-06 9.675915709324456072e-07 1.640399941330687694e-06
2.408000000000000000e+03 2.409000000000000000e+03 2.910816875896405606e-07 1.493530913294261983e-06 6.459083187145832834e-07 8.361844436623417913e-07
2.409000000000000000e+03 2.410000000000000000e+03 2.031419956600642300e-07 9.677436681510419358e-07 5.172573162978196089e-07 6.332937221090745802e-07
2.410000000000000000e+03 2.411000000000000000e+03 1.459555742011379822e-07 6.034280980694038483e-07 4.025266769943122347e-07 4.778054982651784236e-07
2.411000000000000000e+03 2.412000000000000000e+03 1.078791472297027224e-07 3.745883749269373229e-07 2.976639725780226836e-07 3.546683141969232065e-07
2.412000000000000000e+03 2.413000000000000000e+03 8.126760705594063728e-08 2.758122073403369828e-07 2.120618465009242542e-07 2.597919891685691793e-07
2.413000000000000000e+03 2.414000000000000000e+03 6.768622938891919943e-08 2.965783834392521060e-07 1.481738010926071775e-07 1.889938940604385445e-07
2.414000000000000000e+03 2.415000000000000000e+03 4.827636315346436551e-08 1.464153506674429342e-07 1.046294576693523218e-07 1.382089470287593196e-07
2.415000000000000000e+03 2.416000000000000000e+03 3.667727346231460847e-08 1.283475374627381690e-07 7.550248871471100219e-08 1.009296608701329803e-07
2.416000000000000000e+03 2.417000000000000000e+03 2.837864768298172578e-08 1.241670066424314222e-07 5.715622372281129136e-08 7.460067155398352098e-08
2.417000000000000000e+03 2.418000000000000000e+03 2.200984230619691711e-08 1.720349316198909306e-07 4.297159972305854204e-08 5.556634507191817630e-08
2.418000000000000000e+03 2.419000000000000000e+03 1.854859871745182247e-08 1.720263538667804001e-07 3.310572357371646510e-08 4.892875766214169511e-08
2.419000000000000000e+03 2.420000000000000000e+03 1.356560791526981326e-08 5.018472768342892199e-08 2.509572162252329010e-08 3.216241364222655770e-08
2.420000000000000000e+03 2.421000000000000000e+03 1.175220122046104325e-08 4.961242497526319122e-08 2.644548512414535941e-08 3.273475238250654829e-08
2.421000000000000000e+03 2.422000000000000000e+03 2.551856787466916007e-08 3.386426292657437505e-07 1.511881731231175384e-08 1.991794829529390263e-07
2.422000000000000000e+03 2.423000000000000000e+03 2.780991584480640691e-08 2.450643891663466679e-07 9.344308167506399814e-09 1.768506563891623221e-07
2.423000000000000000e+03 2.424000000000000000e+03 1.871895851445592625e-08 1.520032291934968399e-07 5.986146263720769175e-09 9.800630922382330147e-08
2.424000000000000000e+03 2.425000000000000000e+03 1.662983783752346222e-08 1.247249697870994306e-07 4.660826074428949157e-09 5.916179240597609932e-08
2.425000000000000000e+03 2.426000000000000000e+03 1.306397096970548555e-08 1.720298142184521259e-07 2.139433867840215701e-09 3.197414204453178898e-08
2.426000000000000000e+03 2.427000000000000000e+03 3.525374723904193962e-07 3.133028302218967624e-06 2.934882857864775962e-09 2.781451303268980213e-08
2.427000000000000000e+03 2.428000000000000000e+03 8.710909903717105272e-09 8.592060544430172451e-08 1.215881702013301432e-09 2.250883740695296693e-08
2.428000000000000000e+03 2.429000000000000000e+03 1.038854310697433812e-08 1.178731105902701970e-07 2.082069162384424225e-09 3.140248187094304955e-08
2.429000000000000000e+03 2.430000000000000000e+03 1.967251680845301517e-04 1.296217951515496285e-03 1.652347260722062213e-05 1.078102044385834661e-04
2.430000000000000000e+03 2.431000000000000000e+03 2.726807744479073722e-05 2.920934309623098891e-04 9.533029342707657872e-06 4.821800921446623784e-05
2.431000000000000000e+03 2.432000000000000000e+03 1.391082094825642063e-05 7.428261640315995072e-05 3.435027909099939783e-06 3.740858174421209987e-05
2.432000000000000000e+03 2.433000000000000000e+03 7.646784597333813275e-06 3.479480467314790344e-05 1.777671293597928910e-06 1.178445818700160221e-05
2.433000000000000000e+03 2.434000000000000000e+03 2.757452048137254042e-06 9.541306788244404666e-06 1.263127137435714912e-06 7.426158302490248993e-06
2.434000000000000000e+03 2.435000000000000000e+03 1.460638272105557630e-06 5.177028562484126553e-06 9.583433386395016986e-07 4.683062280770349857e-06
2.435000000000000000e+03 2.436000000000000000e+03 9.679341404205258603e-07 3.052922779311873897e-06 7.365933474237570029e-07 2.826733957489761029e-06
2.436000000000000000e+03 2.437000000000000000e+03 6.937437798534295421e-07 1.826958660459379854e-06 5.772767182330750892e-07 1.721547622930884031e-06
2.437000000000000000e+03 2.438000000000000000e+03 8.088367372699868326e-07 8.003268440463506557e-06 4.568976605766724219e-07 5.205293877613967254e-06
2.438000000000000000e+03 2.439000000000000000e+03 7.714976861543525012e-07 3.457611398533748698e-06 3.607171806074239010e-07 2.837760710996640726e-06
2.439000000000000000e+03 2.440000000000000000e+03 4.253578931474350034e-07 2.062397681962585497e-06 2.883005956473204671e-07 1.925138080069705374e-06
2.440000000000000000e+03 2.441000000000000000e+03 3.097610882096530077e-07 1.435510583529748400e-06 2.390842274416426891e-07 1.273149443144322165e-06
2.441000000000000000e+03 2.442000000000000000e+03 2.073158914040099434e-07 8.711838245139715433e-07 1.944614769542365766e-07 7.433881156328802868e-07
2.442000000000000000e+03 2.443000000000000000e+03 1.842105450556315604e-07 1.907505523454229225e-06 1.566089149346425199e-07 6.497007113176570878e-07
2.443000000000000000e+03 2.444000000000000000e+03 1.419578320044444670e-07 5.813756262837627580e-07 1.253037413607886894e-07 3.665762253007294744e-07
2.444000000000000000e+03 2.445000000000000000e+03 1.080841648771552814e-07 3.764449831992079331e-07 1.016982532419649866e-07 2.774478126125611946e-07
2.445000000000000000e+03 2.446000000000000000e+03 8.573452598042704807e-08 2.573797638622254689e-07 8.526201330953827129e-08 2.244866044950145874e-07
2.446000000000000000e+03 2.447000000000000000e+03 7.143016236692635171e-08 2.558589515157993592e-07 6.810781496381773769e-08 2.063167397146007621e-07
2.447000000000000000e+03 2.448000000000000000e+03 5.821239825577752650e-08 1.441079587186837278e-07 5.056433638900460910e-08 1.497096643112711423e-07
2.448000000000000000e+03 2.449000000000000000e+03 4.899748768626175779e-08 1.141557754107638212e-07 4.008211066157886517e-08 1.013203346634885745e-07
2.449000000000000000e+03 2.450000000000000000e+03 4.123673185114431702e-08 1.230984253065871633e-07 3.239735085002638279e-08 7.757361641019334716e-08
2.450000000000000000e+03 2.451000000000000000e+03 3.311471831768762646e-08 1.271309670172356263e-07 2.372191088363453134e-08 7.314264363499268544e-08
2.451000000000000000e+03 2.452000000000000000e+03 3.311835304960316510e-08 1.680115179695272298e-07 2.047476852203106924e-08 1.050254168064950383e-07
2.452000000000000000e+03 2.453000000000000000e+03 3.774476015096442673e-08 2.358277935919185111e-07 1.753613457035658536e-08 6.870258680244032556e-08
2.453000000000000000e+03 2.454000000000000000e+03 2.601301309338975350e-08 1.411966948412976793e-07 3.154286142759661676e-08 1.247669969026609164e-07
2.454000000000000000e+03 2.455000000000000000e+03 2.425894021152955755e-08 1.578940190534060497e-07 2.350307609410643230e-08 8.199224780805145200e-08
2.455000000000000000e+03 2.456000000000000000e+03 1.875109822551438780e-08 1.306011085620125683e-07 2.231174975711124560e-08 5.689047353980308961e-08
2.456000000000000000e+03 2.457000000000000000e+03 1.872028631658730574e-08 1.891883401951208444e-07 2.138409007738132720e-08 1.806303567183989681e-07
2.457000000000000000e+03 2.458000000000000000e+03 2.169936061914359353e-08 1.433391063263935034e-07 1.432660976762511155e-08 1.258410347429961910e-07
2.458000000000000000e+03 2.459000000000000000e+03 2.972520008888424344e-08 1.659396453962299673e-07 1.466181941720121211e-08 9.766200618147708676e-08
2.459000000000000000e+03 2.460000000000000000e+03 3.441620744837396023e-03 1.941589177704023533e-02 3.219010165498660580e-04 5.552329878550812774e-04
2.460000000000000000e+03 2.461000000000000000e+03 2.087575994051527441e-04 1.854944871294177729e-03 7.312711450123154141e-05 1.119106019408959494e-04
2.461000000000000000e+03 2.462000000000000000e+03 5.235665539916281602e-05 2.696770019813306404e-04 3.882190209009458548e-05 5.141557816882605608e-05
2.462000000000000000e+03 2.463000000000000000e+03 2.542831335423240474e-05 1.004639020895141480e-04 3.149911471974356980e-05 3.784480017349484539e-05
2.463000000000000000e+03 2.464000000000000000e+03 1.557006579967221079e-05 5.346634965343734051e-05 2.571060114280461530e-05 3.073885138885046851e-05
2.464000000000000000e+03 2.465000000000000000e+03 9.474842144603582014e-06 3.146618487741227512e-05 2.091946446863174222e-05 2.528451005163176975e-05
2.465000000000000000e+03 2.466000000000000000e+03 6.635561361048699698e-06 1.998178160175796269e-05 1.705318299305713669e-05 2.007355251023414051e-05
2.466000000000000000e+03 2.467000000000000000e+03 5.327985625389894677e-06 1.559712310100359986e-05 1.394532966910027607e-05 1.564241798470792172e-05
2.467000000000000000e+03 2.468000000000000000e+03 4.409993846778718933e-06 1.268183586736861270e-05 1.150712092628809899e-05 1.272572470201880076e-05
2.468000000000000000e+03 2.469000000000000000e+03 3.680507107056546868e-06 1.027280726842810891e-05 9.450902503388502551e-06 1.030536098516818334e-05
2.469000000000000000e+03 2.470000000000000000e+03 3.068879127124794792e-06 8.343014765860129434e-06 7.766810159210288652e-06 8.370848722906425938e-06
2.470000000000000000e+03 2.471000000000000000e+03 2.545098559612646179e-06 6.781743729539086845e-06 6.384294949489885960e-06 6.802502681833180964e-06
2.471000000000000000e+03 2.472000000000000000e+03 3.517669086490798940e-05 5.329799717049954868e-04 5.025260483827284261e-06 6.719162983792170680e-06
2.472000000000000000e+03 2.473000000000000000e+03 5.010306862622858718e-06 2.157721649019437305e-05 4.142843141033409590e-06 4.206146740312731328e-06
2.473000000000000000e+03 2.474000000000000000e+03 2.688034197030092322e-06 7.794503948011888110e-06 3.369186133941367282e-06 3.432291742613031683e-06
2.474000000000000000e+03 2.475000000000000000e+03 1.715088715692371227e-06 4.406751967794167747e-06 2.788826896950269782e-06 2.847665634096160606e-06
2.475000000000000000e+03 2.476000000000000000e+03 1.164072706373118532e-06 2.751435354390021993e-06 2.285646098141286700e-06 2.325250764784746497e-06
2.476000000000000000e+03 2.477000000000000000e+03 1.137309633720379697e-04 9.807471821388323574e-04 6.478994459776931281e-06 1.884543700922713857e-05
2.477000000000000000e+03 2.478000000000000000e+03 9.686858730542760631e-05 7.126116372611151183e-04 4.532962855225941050e-06 1.122344578230252145e-05
2.478000000000000000e+03 2.479000000000000000e+03 2.256893022387887723e-05 1.326780047115592195e-04 3.829087121472193422e-06 8.216837335546965865e-06
2.479000000000000000e+03 2.480000000000000000e+03 1.125696469622399343e-05 4.934078876886254064e-05 3.243076829555356343e-06 1.062820318933505296e-05
2.480000000000000000e+03 2.481000000000000000e+03 5.285343365913564529e-06 2.015232747263445126e-05 2.710943015599177163e-06 7.060048154399874235e-06
2.481000000000000000e+03 2.482000000000000000e+03 2.446175173263512391e-06 9.842253780162749154e-06 2.229439396251576796e-06 4.265628618512041287e-06
2.482000000000000000e+03 2.483000000000000000e+03 2.658621919952240372e-05 2.590237192551855653e-04 2.843723641141432137e-06 5.096467168377640056e-06
2.483000000000000000e+03 2.484000000000000000e+03 2.673929421381166850e-05 1.686952575358427594e-04 2.327076743350712874e-06 4.572902840748567919e-06
2.484000000000000000e+03 2.485000000000000000e+03 4.844532652000422903e-06 3.099519104936478847e-05 1.887091631988896493e-06 2.966542634158215338e-06
2.485000000000000000e+03 2.486000000000000000e+03 2.834329694646171417e-06 1.152899768545791706e-05 1.590338440102401774e-06 3.252981054597761012e-06
2.486000000000000000e+03 2.487000000000000000e+03 1.412393005370202478e-06 4.876003488353016585e-06 1.318867440989560887e-06 2.326206675449879135e-06
2.487000000000000000e+03 2.488000000000000000e+03 7.422099058758139618e-07 2.530432636083270712e-06 1.078358791944466973e-06 1.506037741380094669e-06
2.488000000000000000e+03 2.489000000000000000e+03 4.522377711556450495e-07 1.296340185692951046e-06 8.698894060632596286e-07 1.004060916216312250e-06
2.489000000000000000e+03 2.490000000000000000e+03 2.807761202610717030e-03 2.870848606547901985e-02 2.402741327049816170e-04 4.624711911211765538e-04
2.490000000000000000e+03 2.491000000000000000e+03 5.489046185603744859e-04 3.249157464504807361e-03 8.857852494079683622e-05 1.279960072488755846e-04
2.491000000000000000e+03 2.492000000000000000e+03 1.356894503089466607e-04 6.798879724537172740e-04 4.798312678520106256e-05 6.827522087812035189e-05
2.492000000000000000e+03 2.493000000000000000e+03 7.862588271090174179e-05 3.185064978406005340e-04 4.042275550199706338e-05 5.403993809695358804e-05
2.493000000000000000e+03 2.494000000000000000e+03 4.093673571270495980e-05 1.644665859571813971e-04 3.363414134352532743e-05 4.329770343481089095e-05
2.494000000000000000e+03 2.495000000000000000e+03 2.026770049382547927e-05 9.259383674199314314e-05 2.870602649020151449e-05 3.744460790479222192e-05
2.495000000000000000e+03 2.496000000000000000e+03 1.102783764979258502e-05 4.565205456951155051e-05 2.375591035666305118e-05 2.932457904627168497e-05
2.496000000000000000e+03 2.497000000000000000e+03 7.704424753930278275e-06 2.369649208318235964e-05 1.976517676994090706e-05 2.388491081665074245e-05
2.497000000000000000e+03 2.498000000000000000e+03 6.273602629790281385e-06 1.925392059228416998e-05 1.648789952355636279e-05 1.932053376517622130e-05
2.498000000000000000e+03 2.499000000000000000e+03 5.266902740735306456e-06 1.549966411965701210e-05 1.373009832805445482e-05 1.556009296398415349e-05
2.499000000000000000e+03 2.500000000000000000e+03 4.401516354290273054e-06 1.253446105644465607e-05 1.138315733664850023e-05 1.258411160937035288e-05
2.500000000000000000e+03 2.501000000000000000e+03 3.669407363665463491e-06 1.026049643840063330e-05 9.488307428462908284e-06 1.039692275053983366e-05
2.501000000000000000e+03 2.502000000000000000e+03 7.197126087907529271e-06 6.809008620568766912e-05 7.746689645340448278e-06 8.357090581128316626e-06
2.502000000000000000e+03 2.503000000000000000e+03 2.522691111380569415e-06 6.804472448586323653e-06 6.441833364191942960e-06 6.821204019433206830e-06
2.503000000000000000e+03 2.504000000000000000e+03 2.124030135890770402e-06 5.986023380402303859e-06 5.308602625915683249e-06 5.575074279804991919e-06
2.504000000000000000e+03 2.505000000000000000e+03 1.767718521923490573e-06 4.547131318609426174e-06 4.363808538830940904e-06 4.555653656685544297e-06
2.505000000000000000e+03 2.506000000000000000e+03 1.474668595917993286e-06 3.716825154590810683e-06 3.586786593281412378e-06 3.735087183034044182e-06
2.506000000000000000e+03 2.507000000000000000e+03 1.254523066627928438e-06 4.254552875012961448e-06 2.953683110068399732e-06 3.084124672206075882e-06
2.507000000000000000e+03 2.508000000000000000e+03 1.040641234498048288e-06 2.473649765317940930e-06 2.407158664441448572e-06 2.480826722735003716e-06
2.508000000000000000e+03 2.509000000000000000e+03 8.543196936222708366e-07 2.023709313143595805e-06 1.972953407427051637e-06 2.028409409386123850e-06
2.509000000000000000e+03 2.510000000000000000e+03 6.962313010140420486e-07 1.683153378933174192e-06 1.634589698969907878e-06 1.721771257983816061e-06
2.510000000000000000e+03 2.511000000000000000e+03 5.735307394526093110e-07 1.370377596833489401e-06 1.337565433501655669e-06 1.374290234169960398e-06
2.511000000000000000e+03 2.512000000000000000e+03 4.724106623624239565e-07 1.121995059985103961e-06 1.096272689754569900e-06 1.124097853236402986e-06
2.512000000000000000e+03 2.513000000000000000e+03 3.881792481743796234e-07 9.404631037376877950e-07 8.976702385803597980e-07 9.375176395260454231e-07
2.513000000000000000e+03 2.514000000000000000e+03 3.220471257777516363e-07 7.612139604929653833e-07 7.357756694795766617e-07 7.531786272620909670e-07
2.514000000000000000e+03 2.515000000000000000e+03 2.761291650664773296e-07 8.014414498724624353e-07 6.027739414275127677e-07 8.530112103552639699e-07
2.515000000000000000e+03 2.516000000000000000e+03 2.304775673051157716e-07 6.383755331865973067e-07 4.937539768329448382e-07 5.862516606391638474e-07
2.516000000000000000e+03 2.517000000000000000e+03 1.871503918101092133e-07 4.192241297327353409e-07 4.070757934669042559e-07 4.183820254151976624e-07
2.517000000000000000e+03 2.518000000000000000e+03 8.772916059115433883e-07 8.721461470876095968e-06 3.348736200315090791e-07 3.413118898231321659e-07
2.518000000000000000e+03 2.519000000000000000e+03 1.307937100251506383e-07 2.847926482414757738e-07 2.731129293252683535e-07 2.776613811058026667e-07
2.519000000000000000e+03 2.520000000000000000e+03 1.049944355365357287e-03 1.370596222185443795e-02 4.655628889429113863e-05 1.418055305041087701e-04
2.520000000000000000e+03 2.521000000000000000e+03 8.816742380448740028e-04 6.313561836724940722e-03 3.261240789661202740e-05 1.674831869945451286e-04
2.521000000000000000e+03 2.522000000000000000e+03 4.080332162578072496e-05 2.038921396436583231e-04 1.424371079871279187e-05 9.660732280485911515e-05
2.522000000000000000e+03 2.523000000000000000e+03 2.338723844010110354e-05 1.198833933485824154e-04 1.169994535195072701e-05 6.298338411884036269e-05
2.523000000000000000e+03 2.524000000000000000e+03 1.249802836362096419e-05 6.091556527378536951e-05 9.579120122187537590e-06 3.808844045726731678e-05
2.524000000000000000e+03 2.525000000000000000e+03 7.536862769913687390e-06 5.775021551518013199e-05 7.539115011650342455e-06 2.326119086047207988e-05
2.525000000000000000e+03 2.526000000000000000e+03 4.819080872983601992e-06 1.868571482549045450e-05 5.903335120800667428e-06 1.445506705142587028e-05
2.526000000000000000e+03 2.527000000000000000e+03 3.523276774523165273e-06 1.106911526092467401e-05 4.701358812983066953e-06 9.264459357650212812e-06
2.527000000000000000e+03 2.528000000000000000e+03 2.664388267508657854e-06 6.880136824774927737e-06 3.791868419297056111e-06 6.064941620127859562e-06
2.528000000000000000e+03 2.529000000000000000e+03 2.058957491981368733e-06 4.634631272163745443e-06 3.076749991204463046e-06 4.325311291042285044e-06
2.529000000000000000e+03 2.530000000000000000e+03 1.623221611413166492e-06 3.351675985902237949e-06 2.510329520616937148e-06 3.216979410588523073e-06
2.530000000000000000e+03 2.531000000000000000e+03 1.294485267306906801e-06 2.514640869392043640e-06 2.063117244806294126e-06 2.442757879003727712e-06
2.531000000000000000e+03 2.532000000000000000e+03 5.282174976003283342e-04 6.091014428032401687e-03 7.642487722486721464e-06 1.517733749245076509e-05
2.532000000000000000e+03 2.533000000000000000e+03 9.199031971410475100e-05 7.470240331363514055e-04 1.974335778933669032e-06 4.974313256882258272e-06
2.533000000000000000e+03 2.534000000000000000e+03 4.501318899460283600e-05 4.200833219023553805e-04 2.741859859452313616e-06 8.716166277620831994e-06
2.534000000000000000e+03 2.535000000000000000e+03 3.276353254627510181e-05 2.578475791043611035e-04 4.819670382018512031e-06 2.009719669647561273e-05
2.535000000000000000e+03 2.536000000000000000e+03 1.527269952064609838e-05 1.303016718719055347e-04 5.978301334040117147e-06 2.093733012619245824e-05
2.536000000000000000e+03 2.537000000000000000e+03 8.357785089122281340e-06 7.363261881635541929e-05 6.213770805701358093e-06 1.766039527600084507e-05
2.537000000000000000e+03 2.538000000000000000e+03 5.080104110478996021e-06 3.910872170901972774e-05 5.963097620743769436e-06 1.375482286557848056e-05
2.538000000000000000e+03 2.539000000000000000e+03 3.461664095302881321e-06 2.204775778921696678e-05 5.468398101550251043e-06 1.056736235624822307e-05
2.539000000000000000e+03 2.540000000000000000e+03 2.120089779498295632e-06 1.176265401898826543e-05 4.856155845621630708e-06 7.935067508830463218e-06
2.540000000000000000e+03 2.541000000000000000e+03 1.461504152014493082e-06 6.027039386387815304e-06 4.210510605893023447e-06 5.950238507868044698e-06
2.541000000000000000e+03 2.542000000000000000e+03 3.749281698143078408e-06 4.653152563786985168e-05 2.791638568820922628e-05 6.164586770838342703e-05
2.542000000000000000e+03 2.543000000000000000e+03 5.975501224135253373e-06 3.651125677089866155e-05 2.012725656718948643e-05 2.452279462381076188e-05
2.543000000000000000e+03 2.544000000000000000e+03 4.357121894561693147e-06 1.827875368099240913e-05 1.284197220619783493e-05 1.448653474889890056e-05
2.544000000000000000e+03 2.545000000000000000e+03 3.442543673846257909e-06 1.468104609325422078e-05 1.061471427718961616e-05 1.295955042722817737e-05
2.545000000000000000e+03 2.546000000000000000e+03 2.820879622543242407e-06 1.082780425186011132e-05 7.954953760751042985e-06 8.495246324908562591e-06
2.546000000000000000e+03 2.547000000000000000e+03 2.759698803068907845e-06 2.059041203353030887e-05 8.881624854341903542e-06 1.056810791744177544e-05
2.547000000000000000e+03 2.548000000000000000e+03 2.709149826262545631e-06 2.078105967071497331e-05 7.220994791028487662e-06 7.972948636389016997e-06
2.548000000000000000e+03 2.549000000000000000e+03 1.853004671096471533e-06 6.509939571615939275e-06 5.749055624361242299e-06 6.535218999876238338e-06
2.549000000000000000e+03 2.550000000000000000e+03 5.863381208251566140e-03 3.971430844624097151e-02 1.012079981903104761e-03 1.552511682754958381e-03
2.550000000000000000e+03 2.551000000000000000e+03 1.261171150479436153e-03 9.195840824423241744e-03 1.258106471200158040e-03 1.782772424082861018e-03
2.551000000000000000e+03 2.552000000000000000e+03 1.974037355292058136e-04 1.229353985058118277e-03 6.150380350345692557e-04 7.481368189775025081e-04
2.552000000000000000e+03 2.553000000000000000e+03 1.804895223225290457e-04 7.126633950005603537e-04 4.570414449285986743e-04 5.387481055944940041e-04
2.553000000000000000e+03 2.554000000000000000e+03 1.378657782805339685e-04 5.795635263912020645e-04 3.680694380086779413e-04 4.182661416752548439e-04
2.554000000000000000e+03 2.555000000000000000e+03 1.102547880226797754e-04 3.916038982091143159e-04 2.944730033767516348e-04 3.206775172324226428e-04
2.555000000000000000e+03 2.556000000000000000e+03 8.698141930754560718e-05 2.855519006189564100e-04 2.341625067665558551e-04 2.454010785161094303e-04
2.556000000000000000e+03 2.557000000000000000e+03 7.039193440665537384e-05 2.126299043733156425e-04 1.886911951428612341e-04 1.931025122025993536e-04
2.557000000000000000e+03 2.558000000000000000e+03 5.727079404443977757e-05 1.636095029124825173e-04 1.530367381506333123e-04 1.556889039906090579e-04
2.558000000000000000e+03 2.559000000000000000e+03 4.716124453826588239e-05 1.312049778271575143e-04 1.259863124140762132e-04 1.311553765051961748e-04
2.559000000000000000e+03 2.560000000000000000e+03 3.842775004064425407e-05 1.042162902865355790e-04 1.018094759880119589e-04 1.031432700942901798e-04
2.560000000000000000e+03 2.561000000000000000e+03 3.114516768878702413e-05 8.379641302883321678e-05 8.233944730470064304e-05 8.345863389438638966e-05
2.561000000000000000e+03 2.562000000000000000e+03 2.514927330811670428e-05 6.798065971169642752e-05 6.640841129659997340e-05 6.791051617322368939e-05
2.562000000000000000e+03 2.563000000000000000e+03 2.045322444654792450e-05 5.728533288379967890e-05 5.415719032335738543e-05 5.784242084562940187e-05
2.563000000000000000e+03 2.564000000000000000e+03 1.646679241416063329e-05 4.624182838760126522e-05 4.384149414528492803e-05 4.631890293024375650e-05
2.564000000000000000e+03 2.565000000000000000e+03 1.603690293562198295e-05 1.070185431623892091e-04 4.292096859703898963e-05 4.690304640319222353e-05
2.565000000000000000e+03 2.566000000000000000e+03 1.154122180162302780e-05 3.625988050705360069e-05 3.325657488510603291e-05 3.716985139935329073e-05
2.566000000000000000e+03 2.567000000000000000e+03 9.200368432117097097e-06 2.804826167772955735e-05 2.577630683932102628e-05 2.863028749928473330e-05
2.567000000000000000e+03 2.568000000000000000e+03 7.439516769609584877e-06 2.194223346594833672e-05 2.029769359760803078e-05 2.223040945840790313e-05
2.568000000000000000e+03 2.569000000000000000e+03 6.024962157267051451e-06 1.727623665597658955e-05 1.597921071415274794e-05 1.740802885914972302e-05
2.569000000000000000e+03 2.570000000000000000e+03 4.882169322724967794e-06 1.352774859048578394e-05 1.260928958522194925e-05 1.355192750526648158e-05
2.570000000000000000e+03 2.571000000000000000e+03 3.987442721218799198e-06 1.436364643190483233e-05 9.995673339600129434e-06 1.065211431759683741e-05
2.571000000000000000e+03 2.572000000000000000e+03 3.189184816338438235e-06 8.428505833521493778e-06 7.940552787894741854e-06 8.449076607468037879e-06
2.572000000000000000e+03 2.573000000000000000e+03 2.595190815493777412e-06 6.886462848572075001e-06 6.315964143196564390e-06 6.858797108352123850e-06
2.573000000000000000e+03 2.574000000000000000e+03 2.109004063660379569e-06 5.350634572619297668e-06 5.030129770299094657e-06 5.359456848586422354e-06
2.574000000000000000e+03 2.575000000000000000e+03 1.714108225161440570e-06 4.223263992653153573e-06 4.011086018189795004e-06 4.228383842688407051e-06
2.575000000000000000e+03 2.576000000000000000e+03 1.386406576905876861e-06 3.356129213217348575e-06 3.200890522814337745e-06 3.366939524685638144e-06
2.576000000000000000e+03 2.577000000000000000e+03 1.139836177901895612e-06 2.760371878753766703e-06 2.559994650373978939e-06 2.705305766970173872e-06
2.577000000000000000e+03 2.578000000000000000e+03 9.681105662248449949e-07 3.228313626851731603e-06 2.048491286338269703e-06 2.169291213160356384e-06
2.578000000000000000e+03 2.579000000000000000e+03 7.526649394349088424e-07 1.973131313315118900e-06 1.641306753572549060e-06 1.855262189141647842e-06
2.579000000000000000e+03 2.580000000000000000e+03 1.579991691195263559e-04 1.308940825743298147e-03 7.580266404627177684e-04 1.488692732297067830e-03
2.580000000000000000e+03 2.581000000000000000e+03 6.993978236785731680e-05 4.234453999965670599e-04 2.217093490773396536e-04 2.853805636068457185e-04
2.581000000000000000e+03 2.582000000000000000e+03 6.885715326847132790e-05 2.637571573059247854e-04 1.500341483536785786e-04 1.693926529224966480e-04
2.582000000000000000e+03 2.583000000000000000e+03 4.928915718290134695e-05 1.757877150859443456e-04 1.174617689248096266e-04 1.277860404411710140e-04
2.583000000000000000e+03 2.584000000000000000e+03 8.128057738247262422e-05 1.190377826866263018e-03 9.271341321201129768e-05 9.772443265268193873e-05
2.584000000000000000e+03 2.585000000000000000e+03 6.586690361693275345e-05 1.073166359661459216e-03 7.529922878670840822e-05 7.817260682453752827e-05
2.585000000000000000e+03 2.586000000000000000e+03 2.258131320791711418e-05 6.321719725670092434e-05 6.031098446256472837e-05 6.174320488862137688e-05
2.586000000000000000e+03 2.587000000000000000e+03 1.834068916058830088e-05 5.063772109696240475e-05 4.891227674163171494e-05 4.979218267372756494e-05
2.587000000000000000e+03 2.588000000000000000e+03 1.490689567029216296e-05 4.087607141733365541e-05 3.975606016140843780e-05 4.029835511617625791e-05
2.588000000000000000e+03 2.589000000000000000e+03 1.209163029079843016e-05 3.305094313613333610e-05 3.230102906137344651e-05 3.267429420559314829e-05
2.589000000000000000e+03 2.590000000000000000e+03 9.782182883172256828e-06 2.678913676671525965e-05 2.620947587358604303e-05 2.650161230293425577e-05
2.590000000000000000e+03 2.591000000000000000e+03 7.895900525203869999e-06 2.168971589441863788e-05 2.121981102855104097e-05 2.149123904442725943e-05
2.591000000000000000e+03 2.592000000000000000e+03 6.379568063409250491e-06 1.756056651898650533e-05 1.715201939596864444e-05 1.743119909261314657e-05
2.592000000000000000e+03 2.593000000000000000e+03 5.159658590268316156e-06 1.420022474956054173e-05 1.384020237777655780e-05 1.412234472105842854e-05
2.593000000000000000e+03 2.594000000000000000e+03 4.178663626089099702e-06 1.147561959058463315e-05 1.115539237029091518e-05 1.141738362051941376e-05
2.594000000000000000e+03 2.595000000000000000e+03 3.324236245283658580e-06 9.225291542431910172e-06 8.230086985391116505e-06 9.196948823899064231e-06
2.595000000000000000e+03 2.596000000000000000e+03 2.606890117874622948e-06 7.395721602172344511e-06 6.197656149600963984e-06 7.344286677539993653e-06
2.596000000000000000e+03 2.597000000000000000e+03 2.074357560597534513e-06 5.766508005983925225e-06 4.939695946020294717e-06 5.755864332096041701e-06
2.597000000000000000e+03 2.598000000000000000e+03 1.660292875404609957e-06 4.477591945630345848e-06 4.005489445112044414e-06 4.466336897069494213e-06
2.598000000000000000e+03 2.599000000000000000e+03 1.336638544055188110e-06 3.411833773154373132e-06 3.235543080295190323e-06 3.415737092770758529e-06
2.599000000000000000e+03 2.600000000000000000e+03 1.079094677098260092e-06 2.714236693023937368e-06 2.617117100199350144e-06 2.707990913895548156e-06
2.600000000000000000e+03 2.601000000000000000e+03 8.733164339301094809e-07 2.190681533264998362e-06 2.108353995284948755e-06 2.183821113805546535e-06
2.601000000000000000e+03 2.602000000000000000e+03 7.120854943789029625e-07 1.782107975189600359e-06 1.699029466747098845e-06 1.763534611840899172e-06
2.602000000000000000e+03 2.603000000000000000e+03 5.833375728449584722e-07 1.416858415929647211e-06 1.366195448752170918e-06 1.411596227829748538e-06
2.603000000000000000e+03 2.604000000000000000e+03 4.698659976829441854e-07 1.125887346120334516e-06 1.095370730625350074e-06 1.119530275346798647e-06
2.604000000000000000e+03 2.605000000000000000e+03 3.758611723794465621e-07 1.003842238110343551e-06 7.466454406826404301e-07 8.187176356917229040e-07
2.605000000000000000e+03 2.606000000000000000e+03 1.032204719155913047e-06 1.327693839401115207e-05 6.470093263433095060e-07 6.683465766055637523e-07
2.606000000000000000e+03 2.607000000000000000e+03 6.625795081242491552e-07 7.418554772728272416e-06 5.800216135873210020e-07 6.604691897291644021e-07
2.607000000000000000e+03 2.608000000000000000e+03 3.011104648964705712e-07 2.961778917360094701e-06 4.347598172129935099e-07 5.309651797220712132e-07
2.608000000000000000e+03 2.609000000000000000e+03 1.805434552627894178e-07 1.202558491125608020e-06 2.910496798928490148e-07 4.291796447947694408e-07
2.609000000000000000e+03 2.610000000000000000e+03 7.668349756549508022e-04 8.656707060674536172e-03 1.146689425742245608e-05 4.825520522360207361e-05
2.610000000000000000e+03 2.611000000000000000e+03 8.473786396962540066e-05 5.903156660457392884e-04 6.373565249022579245e-06 4.006657398770214118e-05
2.611000000000000000e+03 2.612000000000000000e+03 3.868049315020588829e-05 2.376851838219491025e-04 4.788780922591659118e-06 3.112899296267520227e-05
2.612000000000000000e+03 2.613000000000000000e+03 1.870979342248133416e-05 1.165504730257618847e-04 3.506779688336314900e-06 2.069997647935334565e-05
2.613000000000000000e+03 2.614000000000000000e+03 9.237878723450691090e-06 6.896318728486628248e-05 2.692098824951265428e-06 1.212782888307427125e-05
2.614000000000000000e+03 2.615000000000000000e+03 4.545928849521394416e-06 3.738109425606919728e-05 2.058449154827028002e-06 4.323649352337151167e-06
2.615000000000000000e+03 2.616000000000000000e+03 2.326748766375504287e-06 1.981796255816526772e-05 1.609020542216985223e-06 2.845659049273055176e-06
2.616000000000000000e+03 2.617000000000000000e+03 1.291175088698451795e-06 1.016453095521959456e-05 1.262032652327077766e-06 2.080489022318775360e-06
2.617000000000000000e+03 2.618000000000000000e+03 8.026607033024863955e-07 5.106383121887837073e-06 9.920473524139602701e-07 1.586060021626356803e-06
2.618000000000000000e+03 2.619000000000000000e+03 5.581102119753370351e-07 2.484151720596576805e-06 7.800426213189475767e-07 1.260867503312362492e-06
2.619000000000000000e+03 2.620000000000000000e+03 4.213719667968388917e-07 1.254433008933580758e-06 6.137411861421836415e-07 9.930295841997331403e-07
2.620000000000000000e+03 2.621000000000000000e+03 3.323247083416451070e-07 8.040079443698193137e-07 4.422073091106188167e-07 7.754503118431580778e-07
2.621000000000000000e+03 2.622000000000000000e+03 2.653785523997019302e-07 6.337499184452233745e-07 3.535713585708534724e-07 6.009569668935731808e-07
2.622000000000000000e+03 2.623000000000000000e+03 2.125985479244142853e-07 4.875137030043669198e-07 2.798699328253272471e-07 4.737308766621642963e-07
2.623000000000000000e+03 2.624000000000000000e+03 1.685369647560838408e-07 3.711813324836660635e-07 2.086943761498277835e-07 3.657131291308865273e-07
2.624000000000000000e+03 2.625000000000000000e+03 1.320959809846036453e-07 2.843756397152877908e-07 1.626776767964869032e-07 2.833503951140873008e-07
2.625000000000000000e+03 2.626000000000000000e+03 1.044739139398480135e-07 2.214156957612326201e-07 1.285002353956290236e-07 2.218209101703939942e-07
2.626000000000000000e+03 2.627000000000000000e+03 8.221384865178102880e-08 2.109258120581491810e-07 1.026757401573615383e-07 1.714141236497446521e-07
2.627000000000000000e+03 2.628000000000000000e+03 6.522852501783068420e-08 1.873443547827252268e-07 8.132013136289269935e-08 1.446750566507339433e-07
2.628000000000000000e+03 2.629000000000000000e+03 5.113410688693308327e-08 1.499600839085666987e-07 6.402646469046230441e-08 1.218155136105696882e-07
2.629000000000000000e+03 2.630000000000000000e+03 4.310240107024516680e-08 1.779307010073525182e-07 5.083342625080030752e-08 9.044748433096159174e-08
2.630000000000000000e+03 2.631000000000000000e+03 3.279967747817011864e-08 1.242426786189849759e-07 4.023987800014285988e-08 6.924429108489022892e-08
2.631000000000000000e+03 2.632000000000000000e+03 2.442100620531480361e-08 1.258754878579856394e-07 3.124177938828995670e-08 5.217542712975177866e-08
2.632000000000000000e+03 2.633000000000000000e+03 3.302998456290046350e-08 4.475378918808829997e-07 2.505960308495446306e-08 7.193868216856285634e-08
2.633000000000000000e+03 2.634000000000000000e+03 1.754811879162139909e-08 1.507675034355223592e-07 1.953652553325152983e-08 3.700020392166544604e-08
2.634000000000000000e+03 2.635000000000000000e+03 1.348194099692754410e-08 1.071588719935932007e-07 1.568845342530320036e-08 2.579609599363051308e-08
2.635000000000000000e+03 2.636000000000000000e+03 1.126247620190571308e-08 1.287936588895743683e-07 1.206650708543901874e-08 2.284328876952824868e-08
2.636000000000000000e+03 2.637000000000000000e+03 1.343511467099982961e-08 1.197639733081673624e-07 9.779805649152421754e-09 4.035051939685019298e-08
2.637000000000000000e+03 2.638000000000000000e+03 1.104085818080164474e-08 1.194066020156533713e-07 6.645830163285206411e-09 2.873787809110300895e-08
2.638000000000000000e+03 2.639000000000000000e+03 1.150953876600010450e-08 1.858421674182616411e-07 4.657551700481452652e-09 1.849958369900066808e-08
2.639000000000000000e+03 2.640000000000000000e+03 1.220016267956717344e-03 9.396282034901858038e-03 6.796523750531805602e-04 9.350667450760517677e-04
2.640000000000000000e+03 2.641000000000000000e+03 4.452375732572406335e-04 4.160598025377062158e-03 8.997581927791499165e-05 1.207971013010169885e-04
2.641000000000000000e+03 2.642000000000000000e+03 8.872504303822520714e-05 1.158937560413640048e-03 5.244796247202907207e-05 7.891257139342689668e-05
2.642000000000000000e+03 2.643000000000000000e+03 2.886498658163457772e-05 3.075798316833091260e-04 4.383398622853114509e-05 6.293232207084145896e-05
2.643000000000000000e+03 2.644000000000000000e+03 1.391190162883963594e-05 8.304388752144468077e-05 3.642003034472249647e-05 4.618341127662256888e-05
2.644000000000000000e+03 2.645000000000000000e+03 9.906017402423909416e-06 3.547661302313493705e-05 2.963344777852315910e-05 3.602941061708056980e-05
2.645000000000000000e+03 2.646000000000000000e+03 7.857120999075055761e-06 2.839435577924439631e-05 2.461126015104753986e-05 2.874956156944152760e-05
2.646000000000000000e+03 2.647000000000000000e+03 6.512386966901794524e-06 2.290735279877122469e-05 2.022297823559465789e-05 2.309739167294628615e-05
2.647000000000000000e+03 2.648000000000000000e+03 2.166714065747145010e-05 2.176675522571573239e-04 1.658042788191676782e-05 1.862281239601104054e-05
2.648000000000000000e+03 2.649000000000000000e+03 6.214975417346784475e-06 2.890130908121657359e-05 1.357851062432014806e-05 1.560135795754697077e-05
2.649000000000000000e+03 2.650000000000000000e+03 4.083545413347714905e-06 1.218606217215657795e-05 1.107928797128029214e-05 1.222700185117748563e-05
2.650000000000000000e+03 2.651000000000000000e+03 3.311548363614991416e-06 9.875232872137479947e-06 9.044149938757463486e-06 9.907382533586443535e-06
2.651000000000000000e+03 2.652000000000000000e+03 2.728903882718906652e-06 7.988240721987777460e-06 7.382306143969982717e-06 8.031428312748844131e-06
2.652000000000000000e+03 2.653000000000000000e+03 2.245671561548917176e-06 6.486022276819798454e-06 6.016843656445272202e-06 6.506635733286124780e-06
2.653000000000000000e+03 2.654000000000000000e+03 1.840171530878063613e-06 5.262639824230292016e-06 4.839015804948406600e-06 5.284410794362472236e-06
2.654000000000000000e+03 2.655000000000000000e+03 1.527651722987554652e-06 4.252963141739194430e-06 3.980312731050929072e-06 4.266207010515862266e-06
2.655000000000000000e+03 2.656000000000000000e+03 1.257538343822172842e-06 3.438781881066201798e-06 3.245366210490075812e-06 3.447779582247712343e-06
2.656000000000000000e+03 2.657000000000000000e+03 1.029753508988569386e-06 2.791765821974078677e-06 2.666181330098098085e-06 2.805605343133144562e-06
2.657000000000000000e+03 2.658000000000000000e+03 8.454587558837470462e-07 2.299024851806504085e-06 2.184610756802996831e-06 2.311156622443553441e-06
2.658000000000000000e+03 2.659000000000000000e+03 6.972802862413399487e-07 1.850005436158458577e-06 1.785733830269493498e-06 1.854302176906743721e-06
2.659000000000000000e+03 2.660000000000000000e+03 5.760662713679111117e-07 1.504779431172823526e-06 1.457695770435237443e-06 1.508637029886263501e-06
2.660000000000000000e+03 2.661000000000000000e+03 4.764572372485926314e-07 1.223587631825064879e-06 1.189184473163244516e-06 1.226044914809671036e-06
2.661000000000000000e+03 2.662000000000000000e+03 3.925305870480784837e-07 9.962999625939398886e-07 9.697171372408383812e-07 9.970535060606751508e-07
2.662000000000000000e+03 2.663000000000000000e+03 3.243566843449948940e-07 8.117151714096410924e-07 7.894309819306919105e-07 8.118119943451692034e-07
2.663000000000000000e+03 2.664000000000000000e+03 2.650809681167087584e-07 6.598919688729105518e-07 6.433508544974949296e-07 6.591741484616941589e-07
2.664000000000000000e+03 2.665000000000000000e+03 2.080146421855695648e-07 5.484884706360608814e-07 5.025492065479348555e-07 7.205393646376438495e-07
2.665000000000000000e+03 2.666000000000000000e+03 1.738560125979565389e-07 4.552853664304913344e-07 3.745353797435826794e-07 4.619393083656434210e-07
2.666000000000000000e+03 2.667000000000000000e+03 1.414900752062419471e-07 3.781526147598933616e-07 3.063833125912327210e-07 3.736363482952633404e-07
2.667000000000000000e+03 2.668000000000000000e+03 1.169165378802377260e-07 3.180929594688286055e-07 2.513478491967142071e-07 2.966860025746051231e-07
2.668000000000000000e+03 2.669000000000000000e+03 9.467808434089671730e-08 2.309130504111343811e-07 2.063639309985802358e-07 2.301537099971248436e-07
2.669000000000000000e+03 2.670000000000000000e+03 5.726020082435334235e-04 9.053705699116537664e-03 4.766566832286933458e-05 2.129380842284081293e-04
2.670000000000000000e+03 2.671000000000000000e+03 3.362569313894046212e-04 2.665692946145455273e-03 2.147680257733720579e-05 1.606275395870398635e-04
2.671000000000000000e+03 2.672000000000000000e+03 1.067952926370327937e-04 7.241096037050713009e-04 1.085783361600073312e-05 1.455601404675755956e-04
2.672000000000000000e+03 2.673000000000000000e+03 4.636966911339169699e-05 2.498328097539187194e-04 8.804815136884092144e-06 1.266243354256597810e-04
2.673000000000000000e+03 2.674000000000000000e+03 2.426508291395398795e-05 1.392827122761529477e-04 6.233545181122000702e-06 8.041039285001724411e-05
2.674000000000000000e+03 2.675000000000000000e+03 1.412692643302254788e-05 8.976978491632097270e-05 4.090632993828532047e-06 4.861592239080171325e-05
2.675000000000000000e+03 2.676000000000000000e+03 8.700728133578209956e-06 3.998485149301187109e-05 3.475646869332071533e-06 2.979361090621805935e-05
2.676000000000000000e+03 2.677000000000000000e+03 6.129063226460188462e-06 2.272234301914909262e-05 2.811324872256787880e-06 1.886649792233946666e-05
2.677000000000000000e+03 2.678000000000000000e+03 4.567581401687079969e-06 1.385673031945404207e-05 2.169895211882094460e-06 1.254726691185780811e-05
2.678000000000000000e+03 2.679000000000000000e+03 3.479725260091412275e-06 9.056410454705908188e-06 1.715865411819572299e-06 8.813001564243428274e-06
2.679000000000000000e+03 2.680000000000000000e+03 2.676431684094644139e-06 6.526612001856485968e-06 1.387858272103447201e-06 6.395967460037570526e-06
2.680000000000000000e+03 2.681000000000000000e+03 2.069075512248394445e-06 4.716829454519859486e-06 1.119983954950811951e-06 4.578080817804071041e-06
2.681000000000000000e+03 2.682000000000000000e+03 1.609751998328600258e-06 3.437667252619235647e-06 9.035658940390108090e-07 3.393283827200101443e-06
2.682000000000000000e+03 2.683000000000000000e+03 1.274827733943214567e-06 2.717031633067203878e-06 7.283368144251622645e-07 2.712713790806004928e-06
2.683000000000000000e+03 2.684000000000000000e+03 1.025792514093601524e-06 2.164429685453411213e-06 5.883933803105886336e-07 2.161417601857960487e-06
2.684000000000000000e+03 2.685000000000000000e+03 8.290759188254667727e-07 1.707780556254411178e-06 4.754401711867617247e-07 1.706279536623442680e-06
2.685000000000000000e+03 2.686000000000000000e+03 6.674565889279604141e-07 1.344111826118558662e-06 3.836117088049304670e-07 1.342822436081329720e-06
2.686000000000000000e+03 2.687000000000000000e+03 5.465348822445757727e-07 1.612076293594131428e-06 3.102401588532222118e-07 1.235246968874374072e-06
2.687000000000000000e+03 2.688000000000000000e+03 4.345737075216761110e-07 9.585187216165496199e-07 2.492869962966031311e-07 8.954319659718554805e-07
2.688000000000000000e+03 2.689000000000000000e+03 3.486813852659620631e-07 7.066725889704954427e-07 2.058629653006952410e-07 6.877119876835436936e-07
2.689000000000000000e+03 2.690000000000000000e+03 2.864423153644100872e-07 6.316118326589356800e-07 1.656334411292666211e-07 6.287354210874464805e-07
2.690000000000000000e+03 2.691000000000000000e+03 2.323725341426441494e-07 4.954103798797814765e-07 1.331361598181097131e-07 4.927475132273500419e-07
2.691000000000000000e+03 2.692000000000000000e+03 1.901836816564561044e-07 4.204315364053161443e-07 1.626226574357393307e-07 4.215661301497440691e-07
2.692000000000000000e+03 2.693000000000000000e+03 1.549271764032913366e-07 3.196946225223033424e-07 7.670364833074991835e-08 3.204702712859225762e-07
2.693000000000000000e+03 2.694000000000000000e+03 1.244262031227280071e-07 4.131441416487629082e-07 5.814212606801196711e-08 2.630454997630841943e-07
2.694000000000000000e+03 2.695000000000000000e+03 1.002213828360448824e-07 1.994456327569187397e-07 4.675663122030698092e-08 1.984608077187952370e-07
2.695000000000000000e+03 2.696000000000000000e+03 8.010069977673662788e-08 1.553661954527340370e-07 3.788790888375620492e-08 1.555344780010822518e-07
2.696000000000000000e+03 2.697000000000000000e+03 6.543478211757635881e-08 1.671859133120582149e-07 3.292208518584142337e-08 1.286248282732510157e-07
2.697000000000000000e+03 2.698000000000000000e+03 5.212301628774649035e-08 1.088371055549519467e-07 2.622599159008333201e-08 1.007239136422468483e-07
2.698000000000000000e+03 2.699000000000000000e+03 4.195642676601119398e-08 1.469735851677098300e-07 2.105115542296068185e-08 8.043885100346573986e-08
2.699000000000000000e+03 2.700000000000000000e+03 1.249393845334301808e-04 8.622764223554292042e-04 5.751901188591301428e-06 6.833599829776039101e-05
2.700000000000000000e+03 2.701000000000000000e+03 3.789829249324685583e-05 2.556685630170304232e-04 5.181305892505993382e-06 1.042313671166204611e-05
2.701000000000000000e+03 2.702000000000000000e+03 1.247280875605917821e-05 7.809168204558065269e-05 4.519469511405254162e-06 1.463282897048573587e-05
2.702000000000000000e+03 2.703000000000000000e+03 6.471755889967322631e-06 3.909611277644715687e-05 3.817430984555053729e-06 1.181308407507913698e-05
2.703000000000000000e+03 2.704000000000000000e+03 3.613067979389271111e-06 1.825727482135372490e-05 3.184250268751615283e-06 8.465126875906634247e-06
2.704000000000000000e+03 2.705000000000000000e+03 1.979752714928320874e-06 8.433654190907126000e-06 2.718115754992353777e-06 6.093334738264476910e-06
2.705000000000000000e+03 2.706000000000000000e+03 1.187329150972470604e-06 8.030408352109589154e-06 2.259720815988068968e-06 4.370022470170937249e-06
2.706000000000000000e+03 2.707000000000000000e+03 7.336859303181274236e-07 3.133963541829954824e-06 1.862222712935868862e-06 3.111600010262905289e-06
2.707000000000000000e+03 2.708000000000000000e+03 5.386380939357986405e-07 2.211778094165063525e-06 1.518758863409415420e-06 2.216873540728026990e-06
2.708000000000000000e+03 2.709000000000000000e+03 4.342298162669904616e-07 1.642136494834684424e-06 1.238077626892325702e-06 1.657021573426772666e-06
2.709000000000000000e+03 2.710000000000000000e+03 3.629708919988321866e-07 1.322882441527876238e-06 1.007380063502066155e-06 1.334410679175435952e-06
2.710000000000000000e+03 2.711000000000000000e+03 2.987795562530053632e-07 1.047072023062661748e-06 8.218914245337573223e-07 1.060349806042979378e-06
2.711000000000000000e+03 2.712000000000000000e+03 2.463221747009642823e-07 8.243441535162115892e-07 6.714372907871621163e-07 8.354902910062983475e-07
2.712000000000000000e+03 2.713000000000000000e+03 2.017297947599764769e-07 6.521808776667583550e-07 5.489965875868866429e-07 6.594826242891066014e-07
2.713000000000000000e+03 2.714000000000000000e+03 1.651829503913758959e-07 5.237086433589313463e-07 4.488699931911845970e-07 5.290571207770924135e-07
2.714000000000000000e+03 2.715000000000000000e+03 1.351261545262874224e-07 4.163705530557952875e-07 3.671523217896940089e-07 4.195701095879595188e-07
2.715000000000000000e+03 2.716000000000000000e+03 1.103940112565074003e-07 3.347035193036891639e-07 2.999056528324176523e-07 3.366881397014393706e-07
2.716000000000000000e+03 2.717000000000000000e+03 8.966582083775990770e-08 2.704044094761568104e-07 2.491502533639470243e-07 2.749161856710984412e-07
2.717000000000000000e+03 2.718000000000000000e+03 7.273688769700701276e-08 2.521246880027920018e-07 2.099930229823057701e-07 2.431312204704980154e-07
2.718000000000000000e+03 2.719000000000000000e+03 5.907302364310015636e-08 1.923628132480180729e-07 1.718077041494582064e-07 1.954519400654013093e-07
2.719000000000000000e+03 2.720000000000000000e+03 4.906182070636032435e-08 1.565502553973913644e-07 1.386411981513020881e-07 1.567946135551666434e-07
2.720000000000000000e+03 2.721000000000000000e+03 4.067030247592975724e-08 1.323951262766879667e-07 1.139012702217204117e-07 1.246207361953410276e-07
2.721000000000000000e+03 2.722000000000000000e+03 3.360479401509137029e-08 1.193128324102531590e-07 9.406140857972407493e-08 1.054607584233331864e-07
2.722000000000000000e+03 2.723000000000000000e+03 2.773675494003376331e-08 1.797412934489827561e-07 7.661606652340315536e-08 8.195482658753385477e-08
2.723000000000000000e+03 2.724000000000000000e+03 2.288785550823542818e-08 1.394311534555759812e-07 6.246197916455122156e-08 6.758446717591868945e-08
2.724000000000000000e+03 2.725000000000000000e+03 1.873445575726449839e-08 8.025502006267521635e-08 5.110722082758761813e-08 5.386770325388827683e-08
2.725000000000000000e+03 2.726000000000000000e+03 1.668513888383857807e-08 7.113392611323412036e-08 4.258798240404556661e-08 6.591240899364329852e-08
2.726000000000000000e+03 2.727000000000000000e+03 1.403186538694493889e-08 8.900616193679649433e-08 3.454643996406256761e-08 4.092445078787710016e-08
2.727000000000000000e+03 2.728000000000000000e+03 1.587514293016277949e-08 1.386081049225945061e-07 2.833681690428611287e-08 5.569115806014784558e-08
2.728000000000000000e+03 2.729000000000000000e+03 1.431014114393404461e-08 1.376717226681182418e-07 2.292147712520755042e-08 3.369643639936221687e-08
2.729000000000000000e+03 2.730000000000000000e+03 1.230332186178373604e-04 1.378247465345303286e-03 4.999696139961477175e-04 1.475415635186388182e-03
2.730000000000000000e+03 2.731000000000000000e+03 4.132491436618657967e-05 5.264759128970283603e-04 2.822290693078126334e-04 6.404852366646533604e-04
2.731000000000000000e+03 2.732000000000000000e+03 3.452656180640921565e-05 2.875545621571122881e-04 1.840648907778722051e-04 3.279187454148368031e-04
2.732000000000000000e+03 2.733000000000000000e+03 3.220300308009407147e-05 1.809545324752874842e-04 1.298259810655697096e-04 1.974766618404726493e-04
2.733000000000000000e+03 2.734000000000000000e+03 3.194556984082683486e-05 1.345924119781639330e-04 9.830764700509138192e-05 1.371563761387669560e-04
2.734000000000000000e+03 2.735000000000000000e+03 2.620977237213064839e-05 9.788475516775478570e-05 7.682823344750975354e-05 9.931222568099964552e-05
2.735000000000000000e+03 2.736000000000000000e+03 2.137215613253945476e-05 7.294022676037193017e-05 6.113393333730156851e-05 7.368950188476241971e-05
2.736000000000000000e+03 2.737000000000000000e+03 1.759343475657252170e-05 5.587918808933342661e-05 4.952044199338302873e-05 5.629449927820169509e-05
2.737000000000000000e+03 2.738000000000000000e+03 1.445023288320523535e-05 4.371053312330585699e-05 4.038169674865609016e-05 4.397212792080057827e-05
2.738000000000000000e+03 2.739000000000000000e+03 1.194686369134257699e-05 3.471563006325891301e-05 3.332453926633799319e-05 3.490056591590249939e-05
2.739000000000000000e+03 2.740000000000000000e+03 9.799795157945835820e-06 2.805370598163533824e-05 2.722842632395637636e-05 2.803876339329767749e-05
2.740000000000000000e+03 2.741000000000000000e+03 8.062994737691280949e-06 2.290508690915016976e-05 2.230046437416118097e-05 2.308868327718686470e-05
2.741000000000000000e+03 2.742000000000000000e+03 6.615234652199709740e-06 1.862546159154824708e-05 1.821722903539673945e-05 1.859824279933276029e-05
2.742000000000000000e+03 2.743000000000000000e+03 5.420736751793748275e-06 1.514670875364063141e-05 1.487685060682003419e-05 1.509204983269312792e-05
2.743000000000000000e+03 2.744000000000000000e+03 4.437164586240159803e-06 1.235665477404843530e-05 1.214833726220245196e-05 1.227359128230374774e-05
2.744000000000000000e+03 2.745000000000000000e+03 3.646829271937831440e-06 1.009438493006263262e-05 9.920037402580507083e-06 1.001492495987047039e-05
2.745000000000000000e+03 2.746000000000000000e+03 2.991935834178283777e-06 8.233245973398747549e-06 8.100480852671049345e-06 8.177062762222773312e-06
2.746000000000000000e+03 2.747000000000000000e+03 2.459635975505276625e-06 6.720462838027694958e-06 6.614722425885880304e-06 6.677608212771863812e-06
2.747000000000000000e+03 2.748000000000000000e+03 2.029465838750376076e-06 5.485405811356627169e-06 5.400644620338958109e-06 5.452107133637406909e-06
2.748000000000000000e+03 2.749000000000000000e+03 1.668084129887488182e-06 4.481679843601359988e-06 4.409362300445170570e-06 4.451222382325148766e-06
2.749000000000000000e+03 2.750000000000000000e+03 1.377991655094074537e-06 3.657167055360520868e-06 3.599688258333503125e-06 3.633661674902246927e-06
2.750000000000000000e+03 2.751000000000000000e+03 1.132867902844255968e-06 2.985409937277300991e-06 2.938618655051369720e-06 2.966331707421846772e-06
2.751000000000000000e+03 2.752000000000000000e+03 9.344071677113293299e-07 2.458332700049578391e-06 2.414213116339463109e-06 2.469015916441949311e-06
2.752000000000000000e+03 2.753000000000000000e+03 7.713917553730750141e-07 1.997359684144705419e-06 1.964619055771569074e-06 1.986611021974801750e-06
2.753000000000000000e+03 2.754000000000000000e+03 6.357134228752520535e-07 1.627703841045085824e-06 1.603305107157136431e-06 1.618670115458753436e-06
2.754000000000000000e+03 2.755000000000000000e+03 5.252067803082637662e-07 1.330016220806382930e-06 1.309060903060776987e-06 1.321396264259786448e-06
2.755000000000000000e+03 2.756000000000000000e+03 4.460893651721089610e-07 1.417897418308907584e-06 1.142325465457385085e-06 1.498370483753975891e-06
2.756000000000000000e+03 2.757000000000000000e+03 3.696530154959535231e-07 1.068571944236309808e-06 9.342201852127799105e-07 1.090230373634972444e-06
2.757000000000000000e+03 2.758000000000000000e+03 3.040000600019572566e-07 8.472232898981475790e-07 7.638041596591866053e-07 8.401517494175457457e-07
2.758000000000000000e+03 2.759000000000000000e+03 2.513134380925737884e-07 6.554409805156343833e-07 6.245290162214405896e-07 6.633754950840902728e-07
2.759000000000000000e+03 2.760000000000000000e+03 3.080329168568901816e-04 3.144131759430561501e-03 5.727959193679433138e-05 1.882179694199938953e-04
2.760000000000000000e+03 2.761000000000000000e+03 2.176422471044590066e-04 2.170860107212852896e-03 2.599324096866571280e-05 5.129003570600737673e-05
2.761000000000000000e+03 2.762000000000000000e+03 3.828993685642505110e-05 1.839307363541234645e-04 1.165506017437625391e-05 3.680717931335888147e-05
2.762000000000000000e+03 2.763000000000000000e+03 1.789482175989793032e-05 7.665707781056323091e-05 4.448185202618972220e-06 2.260508229690629046e-05
2.763000000000000000e+03 2.764000000000000000e+03 9.376823865996296474e-06 3.956668035996567913e-05 3.245257300547711181e-06 1.248205614403585876e-05
2.764000000000000000e+03 2.765000000000000000e+03 4.748206127458829712e-06 2.441085509581872911e-05 2.542253082320127685e-06 6.823481220027997017e-06
2.765000000000000000e+03 2.766000000000000000e+03 2.295336716006385421e-06 1.265025780544584253e-05 1.990497994261962269e-06 4.640976832979923033e-06
2.766000000000000000e+03 2.767000000000000000e+03 1.180461513064694689e-06 5.983632096884223774e-06 1.564257681772964268e-06 3.161407324338137900e-06
2.767000000000000000e+03 2.768000000000000000e+03 7.153842036166592992e-07 2.780553463126951143e-06 1.247964787861440779e-06 2.056316778531314325e-06
2.768000000000000000e+03 2.769000000000000000e+03 4.831318473989922117e-07 1.550169239760504200e-06 1.000769725920643276e-06 1.366769521138587360e-06
2.769000000000000000e+03 2.770000000000000000e+03 3.387814716007672326e-07 9.485636356689449276e-07 7.227469440866573090e-07 9.001144011271596645e-07
2.770000000000000000e+03 2.771000000000000000e+03 2.613415244327653908e-07 6.969997342563956512e-07 5.591468123780476957e-07 6.882019793239245769e-07
2.771000000000000000e+03 2.772000000000000000e+03 2.117897780478289409e-07 5.403234752630410686e-07 4.508311605837458252e-07 5.284202762825216571e-07
2.772000000000000000e+03 2.773000000000000000e+03 1.708095749114137200e-07 4.139881111719158650e-07 3.670158311235979671e-07 4.109764166738880446e-07
2.773000000000000000e+03 2.774000000000000000e+03 1.413659523565739325e-07 3.346132243808803806e-07 3.000629572648450552e-07 3.269470397131953411e-07
2.774000000000000000e+03 2.775000000000000000e+03 1.162580062460593950e-07 2.860738624316945240e-07 2.496019330996808315e-07 2.629776922150978050e-07
2.775000000000000000e+03 2.776000000000000000e+03 9.619952894150948969e-08 2.357078337177703843e-07 2.046254778700468895e-07 2.137503315679669590e-07
2.776000000000000000e+03 2.777000000000000000e+03 7.806888858142760821e-08 1.896294734523576597e-07 1.668085279624833789e-07 1.743467605971358565e-07
2.777000000000000000e+03 2.778000000000000000e+03 6.509302715573512492e-08 1.647415210275799651e-07 1.372331756663949606e-07 1.492438327519951183e-07
2.778000000000000000e+03 2.779000000000000000e+03 1.086765031882176567e-05 1.390789711685359972e-04 1.281749704580488445e-06 6.018584920548913897e-05
2.779000000000000000e+03 2.780000000000000000e+03 4.663822337451906645e-06 3.005404291933373362e-05 7.609984426410203050e-07 3.013785339735859832e-05
2.780000000000000000e+03 2.781000000000000000e+03 2.855609315751304925e-06 1.553281230629925094e-05 5.073834591070896694e-07 1.551664056405108709e-05
2.781000000000000000e+03 2.782000000000000000e+03 1.836026092859869383e-06 9.084100104676241818e-06 3.533718399666424641e-07 7.659151357663675642e-06
2.782000000000000000e+03 2.783000000000000000e+03 1.319213548096182945e-06 4.919732003535732916e-06 2.425769171404973870e-07 4.461589535841633567e-06
2.783000000000000000e+03 2.784000000000000000e+03 1.002988721079831190e-06 3.037437534719538310e-06 1.725253800177624332e-07 2.795784741465534394e-06
2.784000000000000000e+03 2.785000000000000000e+03 7.870400144683297408e-07 2.056037859568625601e-06 1.286293864817902796e-07 2.005354322795222061e-06
2.785000000000000000e+03 2.786000000000000000e+03 6.206009942266785545e-07 1.474232567357245550e-06 9.880397357547624621e-08 1.467075722451469115e-06
2.786000000000000000e+03 2.787000000000000000e+03 4.926842253941919965e-07 1.085845556282445596e-06 7.959969864253347948e-08 1.090769407404191297e-06
2.787000000000000000e+03 2.788000000000000000e+03 1.057102649849691344e-06 2.161710228456876771e-05 7.571431652926945728e-08 8.437069164571968979e-07
2.788000000000000000e+03 2.789000000000000000e+03 3.166362798805518510e-07 9.848815487861851369e-07 6.090975250379646420e-08 6.506267364845493948e-07
2.789000000000000000e+03 2.790000000000000000e+03 2.897375691374874987e-04 4.271149181727836898e-03 6.639870494709266066e-06 2.358361919270735821e-04
2.790000000000000000e+03 2.791000000000000000e+03 7.996060011455338777e-05 9.354470267078291486e-04 3.236006528267454447e-06 9.826069234806277604e-05
2.791000000000000000e+03 2.792000000000000000e+03 3.916319818653707109e-05 2.815346335604425039e-04 2.633937039353156509e-06 6.132424743298551595e-05
2.792000000000000000e+03 2.793000000000000000e+03 2.043477143453492918e-05 1.562000483627527152e-04 2.150257033646865373e-06 3.795262171771453382e-05
2.793000000000000000e+03 2.794000000000000000e+03 1.144602143902926131e-05 8.392968419893781040e-05 1.770077186317381381e-06 2.249776248168865615e-05
2.794000000000000000e+03 2.795000000000000000e+03 6.452164535603302208e-06 4.418015935418799457e-05 1.479524058857934691e-06 1.296586438728415871e-05
2.795000000000000000e+03 2.796000000000000000e+03 3.569506885876586107e-06 2.334984288670056355e-05 1.256938800535614844e-06 7.742395108835948059e-06
2.796000000000000000e+03 2.797000000000000000e+03 1.902381484965017810e-06 1.240272871742133171e-05 1.062258272336880689e-06 4.227782762587540523e-06
2.797000000000000000e+03 2.798000000000000000e+03 1.050508076650359107e-06 6.576093347419230623e-06 8.879784071081964215e-07 2.628814412531282262e-06
2.798000000000000000e+03 2.799000000000000000e+03 6.040693868541442966e-07 3.490787825467454069e-06 7.363578877324999799e-07 1.719062390696665888e-06
2.799000000000000000e+03 2.800000000000000000e+03 3.594667583697920534e-07 1.914272266475994839e-06 6.052884854788355593e-07 1.136383258904558636e-06
2.800000000000000000e+03 2.801000000000000000e+03 2.422346041878608344e-07 1.099865828860639018e-06 4.972590300044278869e-07 7.712904209528054534e-07
2.801000000000000000e+03 2.802000000000000000e+03 1.968858685173239212e-07 7.019441628300883782e-07 4.058575868833167557e-07 5.734095873022902116e-07
2.802000000000000000e+03 2.803000000000000000e+03 1.613042480670178814e-07 4.632113949417196942e-07 3.306772498861824067e-07 4.258768845181419903e-07
2.803000000000000000e+03 2.804000000000000000e+03 1.234032766193169061e-07 3.679594749497773739e-07 2.722333653968485152e-07 3.216680047196813386e-07
2.804000000000000000e+03 2.805000000000000000e+03 9.083061134983812626e-08 2.427033044990588329e-07 2.113223137212453138e-07 2.379242262123891501e-07
2.805000000000000000e+03 2.806000000000000000e+03 7.323821461958601166e-08 2.481399456008441540e-07 1.718843692836213005e-07 1.840144673997910502e-07
2.806000000000000000e+03 2.807000000000000000e+03 5.628576090087896554e-08 1.643645888069451451e-07 1.402255234239961768e-07 1.470762382775076632e-07
2.807000000000000000e+03 2.808000000000000000e+03 4.482244631957608047e-08 1.685606728106822349e-07 1.150327650490822932e-07 1.185560945474950084e-07
2.808000000000000000e+03 2.809000000000000000e+03 3.446964301751093609e-08 1.397592549232598733e-07 9.409706437654396310e-08 9.629164013302623715e-08
2.809000000000000000e+03 2.810000000000000000e+03 3.054637038622289659e-08 1.485673004926066607e-07 7.662435267762267004e-08 7.838760851111390224e-08
2.810000000000000000e+03 2.811000000000000000e+03 2.312773156709731702e-08 1.203935369079203724e-07 5.703234693556716210e-08 6.362493340582629387e-08
2.811000000000000000e+03 2.812000000000000000e+03 1.805924109953549395e-08 9.535763387933938417e-08 4.617400907246550825e-08 5.175385678324232210e-08
2.812000000000000000e+03 2.813000000000000000e+03 1.690074681678518765e-08 1.386461515154218526e-07 3.739087600060144033e-08 4.209878882955193148e-08
2.813000000000000000e+03 2.814000000000000000e+03 1.360169104232981218e-08 1.866494325616545222e-07 3.053819675086619466e-08 3.402082418398008994e-08
2.814000000000000000e+03 2.815000000000000000e+03 1.224335711085904066e-08 1.665317496414381337e-07 2.467297728340022187e-08 2.708833566147479774e-08
2.815000000000000000e+03 2.816000000000000000e+03 1.134746960817316130e-08 9.905733171230295476e-08 1.971041818331435764e-08 2.517393994325106069e-08
2.816000000000000000e+03 2.817000000000000000e+03 8.556682267986690620e-09 8.456904755223212260e-08 1.680170249160212490e-08 2.273586281866183172e-08
2.817000000000000000e+03 2.818000000000000000e+03 6.281450976864833565e-09 5.182473128752304378e-08 1.370637023415177551e-08 4.341926754790448844e-08
2.818000000000000000e+03 2.819000000000000000e+03 6.790848454666792437e-09 7.068914103175005115e-08 1.131949308767683562e-08 3.098361103797391618e-08
2.819000000000000000e+03 2.820000000000000000e+03 5.086389816265870405e-04 1.218974120240257954e-02 1.184510391736412508e-05 4.156893219497930078e-04
2.820000000000000000e+03 2.821000000000000000e+03 1.280045874525525889e-04 1.609980997971034158e-03 8.370667276777628388e-06 3.143750800400897747e-04
2.821000000000000000e+03 2.822000000000000000e+03 7.181251582025227100e-05 7.140291338882984824e-04 6.190590549489843376e-06 2.207004118779145306e-04
2.822000000000000000e+03 2.823000000000000000e+03 4.530949771667995254e-05 3.621326526986737900e-04 3.887050515141754118e-06 1.182098572529523056e-04
2.823000000000000000e+03 2.824000000000000000e+03 2.637050212252228565e-05 1.866512229667300119e-04 2.647244723796071594e-06 7.027184865265638720e-05
2.824000000000000000e+03 2.825000000000000000e+03 1.589112650484993128e-05 1.026541825280697631e-04 1.844856981210882429e-06 4.295509502492431489e-05
2.825000000000000000e+03 2.826000000000000000e+03 9.947167878547096012e-06 5.746768527320754742e-05 1.302628296092968614e-06 2.679577578589201876e-05
2.826000000000000000e+03 2.827000000000000000e+03 6.312372105825942505e-06 3.266154068776457140e-05 9.410553299241963061e-07 1.704921849940458322e-05
2.827000000000000000e+03 2.828000000000000000e+03 4.060861929832579830e-06 1.917717860620033818e-05 6.709303453412630834e-07 1.102710602919830948e-05
2.828000000000000000e+03 2.829000000000000000e+03 2.670731925368893207e-06 1.182959785132542342e-05 4.812530425397493737e-07 7.245731123630047950e-06
2.829000000000000000e+03 2.830000000000000000e+03 1.808488060977162215e-06 7.375581070606347156e-06 3.459556404617017467e-07 4.864156782194113781e-06
2.830000000000000000e+03 2.831000000000000000e+03 1.255088444286426379e-06 4.658491620783885841e-06 2.480127893271340381e-07 3.299801464848624904e-06
2.831000000000000000e+03 2.832000000000000000e+03 8.891650312857484589e-07 2.980766047788721171e-06 1.788924119313209775e-07 2.288900703692451894e-06
2.832000000000000000e+03 2.833000000000000000e+03 6.510268121359229038e-07 1.947837507443187133e-06 1.306282840533234981e-07 1.637441604911117685e-06
2.833000000000000000e+03 2.834000000000000000e+03 4.881441410212397370e-07 1.306746948696330716e-06 9.582258684958933657e-08 1.178080979604484351e-06
2.834000000000000000e+03 2.835000000000000000e+03 3.717069711498854001e-07 8.986660865152418594e-07 7.189282006656071206e-08 8.687737967476677990e-07
2.835000000000000000e+03 2.836000000000000000e+03 8.439975802297639305e-07 6.605711735634721627e-06 5.356625400129688645e-08 6.587501651869616738e-07
2.836000000000000000e+03 2.837000000000000000e+03 3.087824140959523801e-07 9.412920044602454074e-07 4.057248836199666686e-08 5.094621968474705812e-07
2.837000000000000000e+03 2.838000000000000000e+03 2.017922560582457841e-07 5.775099358824728225e-07 3.214601494110949529e-08 3.967865388156207665e-07
2.838000000000000000e+03 2.839000000000000000e+03 1.508075326699472159e-07 4.299624424934839206e-07 2.394484609979097072e-08 3.247796484540754313e-07
2.839000000000000000e+03 2.840000000000000000e+03 1.241833398456463343e-07 6.510931262084721190e-07 1.908268039112393206e-08 2.479023313094674328e-07
2.840000000000000000e+03 2.841000000000000000e+03 1.716786745991146611e-06 2.116443759660077313e-05 3.526706798130971766e-08 1.934846515767220793e-06
2.841000000000000000e+03 2.842000000000000000e+03 2.309329883083439249e-07 1.020736439185587215e-06 1.240132541144445158e-08 1.461941915865916209e-07
2.842000000000000000e+03 2.843000000000000000e+03 9.769869244979501037e-08 3.578404150538598639e-07 1.015699435890166139e-08 1.197704700906335617e-07
2.843000000000000000e+03 2.844000000000000000e+03 6.757249263322820192e-08 2.049935981010201007e-07 7.637326738605466221e-09 9.278953662445485390e-08
2.844000000000000000e+03 2.845000000000000000e+03 4.604785388314115373e-08 1.618821245254775019e-07 6.283800851654775245e-09 7.742880583434680782e-08
2.845000000000000000e+03 2.846000000000000000e+03 3.288313380524346185e-08 9.216380217662407815e-08 4.966592677184748125e-09 6.042154260158019269e-08
2.846000000000000000e+03 2.847000000000000000e+03 2.710647124854519461e-08 1.268797005617602765e-07 4.266433456636170598e-09 4.787530107625634159e-08
2.847000000000000000e+03 2.848000000000000000e+03 1.860567837753743206e-08 1.076995192917673879e-07 3.507559206216650238e-09 3.791838026334835788e-08
2.848000000000000000e+03 2.849000000000000000e+03 1.377469069498884880e-08 7.527567115588380395e-08 2.801394663237748345e-09 3.077044796424000352e-08
2.849000000000000000e+03 2.850000000000000000e+03 1.286167538701358214e-04 1.701801935011446054e-03 3.933285493690414410e-05 1.819993730878397302e-03
2.850000000000000000e+03 2.851000000000000000e+03 3.293884774539058502e-05 3.985826501658977635e-04 1.019413719311102577e-05 4.507803251795764799e-04
2.851000000000000000e+03 2.852000000000000000e+03 1.735115110607047683e-05 8.392569827995919826e-05 2.590671467266523547e-06 4.176062465570508440e-05
2.852000000000000000e+03 2.853000000000000000e+03 1.451598742653484745e-05 1.932154545670795604e-04 3.082458623882948060e-06 1.356706719307472692e-04
2.853000000000000000e+03 2.854000000000000000e+03 7.377241874405552947e-06 3.780041796077739471e-05 1.464650262683932439e-06 3.393020625321717810e-05
2.854000000000000000e+03 2.855000000000000000e+03 4.996994186011773392e-06 1.672248381778536857e-05 7.926055708096050219e-07 9.647306559036366214e-06
2.855000000000000000e+03 2.856000000000000000e+03 3.804100345956664433e-06 2.670456154570066972e-05 5.118386971225791084e-07 7.832541023766643825e-06
2.856000000000000000e+03 2.857000000000000000e+03 2.527238309505990454e-06 6.156026670517604455e-06 3.360803474579211691e-07 5.089569815876320623e-06
2.857000000000000000e+03 2.858000000000000000e+03 1.836837759038296900e-06 3.878541961177704409e-06 2.420960011045062134e-07 3.552364301352522049e-06
2.858000000000000000e+03 2.859000000000000000e+03 1.327574418334551711e-06 2.752477265821391903e-06 1.907298229949609293e-07 2.793640302032966209e-06
2.859000000000000000e+03 2.860000000000000000e+03 9.997646252755100083e-07 2.208002711709377453e-06 1.525756042934098260e-07 2.200616233056874518e-06
2.860000000000000000e+03 2.861000000000000000e+03 7.766847891161726848e-07 1.767940398347628306e-06 1.212711437399577823e-07 1.719770201336712367e-06
2.861000000000000000e+03 2.862000000000000000e+03 6.186264122853181604e-07 1.363480037278972478e-06 9.632480378261379936e-08 1.362622700697174246e-06
2.862000000000000000e+03 2.863000000000000000e+03 1.145753835493596209e-06 1.833661949846998398e-05 1.107466318791796381e-07 1.928137140820981450e-06
2.863000000000000000e+03 2.864000000000000000e+03 4.742066927448524778e-07 1.344460637027979660e-06 7.730315613330322375e-08 1.198143642781358602e-06
2.864000000000000000e+03 2.865000000000000000e+03 3.742830960072931072e-07 8.968652485272612583e-07 6.088354855746895649e-08 8.938474567282287511e-07
2.865000000000000000e+03 2.866000000000000000e+03 2.902798123533537524e-07 6.892535267970025096e-07 5.040604274731974067e-08 6.768986220108093155e-07
2.866000000000000000e+03 2.867000000000000000e+03 2.235762584617404228e-07 5.314931270701307984e-07 3.986538545583635272e-08 5.185680662861420130e-07
2.867000000000000000e+03 2.868000000000000000e+03 2.789064100144279898e-07 3.128146692240981860e-06 4.754642672548621197e-08 1.432330421369706542e-06
2.868000000000000000e+03 2.869000000000000000e+03 3.124766375020858531e-07 1.723570369044789074e-06 1.713078791689360616e-07 8.425656563587111725e-07
2.869000000000000000e+03 2.870000000000000000e+03 2.116047611078932580e-07 9.293669026816284313e-07 7.425805257154921135e-08 4.469991192421731777e-07
2.870000000000000000e+03 2.871000000000000000e+03 1.396862777513294969e-07 5.834237902414349919e-07 5.337757588874553153e-08 3.207125305476293364e-07
2.871000000000000000e+03 2.872000000000000000e+03 9.189386904438369606e-08 3.967512304052874420e-07 3.991861596217439212e-08 2.330418718397355584e-07
2.872000000000000000e+03 2.873000000000000000e+03 6.217309356365106370e-08 2.249680208254742643e-07 2.916688327640985109e-08 1.760866191502373617e-07
2.873000000000000000e+03 2.874000000000000000e+03 4.526700973844325444e-08 1.633772010748504311e-07 2.821333791476290027e-08 1.356128933296844339e-07
2.874000000000000000e+03 2.875000000000000000e+03 3.478879844861820551e-08 1.107022700605991798e-07 2.203495772232828135e-08 1.007984660541703477e-07
2.875000000000000000e+03 2.876000000000000000e+03 2.768538831739118033e-08 9.833243856271025546e-08 1.691970917113982915e-08 7.305212200037186446e-08
2.876000000000000000e+03 2.877000000000000000e+03 2.349829060487505813e-08 8.093330606389501628e-08 1.310197034449338101e-08 6.930547428694936123e-08
2.877000000000000000e+03 2.878000000000000000e+03 2.038286238355224847e-08 8.336637239384471723e-08 1.044702324402730514e-08 4.663615931462603653e-08
2.878000000000000000e+03 2.879000000000000000e+03 1.546981038583619762e-08 5.036462694249231094e-08 8.096429833305189765e-09 3.361646111897433323e-08
2.879000000000000000e+03 2.880000000000000000e+03 1.874198589597244225e-04 9.292560619540307133e-04 8.255418290068028777e-05 3.428424265007107199e-04
2.880000000000000000e+03 2.881000000000000000e+03 2.851457983920809984e-05 1.917304831706555398e-04 2.125627590847379672e-05 4.895139265131885452e-05
2.881000000000000000e+03 2.882000000000000000e+03 1.135318997711794971e-05 4.736704200262441017e-05 1.332224249430615529e-05 2.774941525497883157e-05
2.882000000000000000e+03 2.883000000000000000e+03 6.983157967242907874e-06 2.732332355295615501e-05 9.645293724197353914e-06 1.690039733213521533e-05
2.883000000000000000e+03 2.884000000000000000e+03 1.332674734381584787e-05 2.171498163916323336e-04 7.423516152716734175e-06 1.268488745641129687e-05
2.884000000000000000e+03 2.885000000000000000e+03 4.718840930329651313e-06 4.286844065856327873e-05 5.825219754236304425e-06 8.288395433740626948e-06
2.885000000000000000e+03 2.886000000000000000e+03 2.767194990499246501e-06 2.062533949353832302e-05 4.617196154545005400e-06 6.227103638561906328e-06
2.886000000000000000e+03 2.887000000000000000e+03 1.675204742655255915e-06 8.616036904364887610e-06 3.726509427097863455e-06 4.756475436434463898e-06
2.887000000000000000e+03 2.888000000000000000e+03 1.172916875407899241e-06 3.904858440578200459e-06 3.012801727363411224e-06 3.710974372768228304e-06
2.888000000000000000e+03 2.889000000000000000e+03 8.946976480974606987e-07 2.869334031591545036e-06 2.455897437222623957e-06 2.901691382245405743e-06
2.889000000000000000e+03 2.890000000000000000e+03 7.142187830879030989e-07 2.272557914038707360e-06 2.009557359635321090e-06 2.286360085109529603e-06
2.890000000000000000e+03 2.891000000000000000e+03 5.819352612146127344e-07 1.802382486033032262e-06 1.644455045481167199e-06 1.817261110798415491e-06
2.891000000000000000e+03 2.892000000000000000e+03 4.787380381865256421e-07 1.445556004481492747e-06 1.346333564800577343e-06 1.455413640996613463e-06
2.892000000000000000e+03 2.893000000000000000e+03 3.914961911316556332e-07 1.185414345079623595e-06 1.103121976017359267e-06 1.174280615775991035e-06
2.893000000000000000e+03 2.894000000000000000e+03 3.229858036697457531e-07 9.458058524042179510e-07 9.030281993886040903e-07 9.478376583178624249e-07
2.894000000000000000e+03 2.895000000000000000e+03 2.634804883577786148e-07 7.677659173398872275e-07 7.390994192647777919e-07 7.682898697475045716e-07
2.895000000000000000e+03 2.896000000000000000e+03 2.148354466080808840e-07 6.236303306404805344e-07 6.041500640759639138e-07 6.232149904182337169e-07
2.896000000000000000e+03 2.897000000000000000e+03 1.779598473887396443e-07 5.082393646346197680e-07 4.944106642534843682e-07 5.070808345143919051e-07
2.897000000000000000e+03 2.898000000000000000e+03 1.457818466218750184e-07 4.343665534787499908e-07 4.043047714781533638e-07 4.131362328720855834e-07
2.898000000000000000e+03 2.899000000000000000e+03 1.197854499665908250e-07 3.387411843401540136e-07 3.319991975232632923e-07 3.375909318320607761e-07
2.899000000000000000e+03 2.900000000000000000e+03 1.038683919405860716e-07 3.952842289620573358e-07 2.727239667384100342e-07 3.487256704875710004e-07
2.900000000000000000e+03 2.901000000000000000e+03 8.573044852823692830e-08 2.395135954010883876e-07 2.224264032316296186e-07 2.396231958466084451e-07
2.901000000000000000e+03 2.902000000000000000e+03 6.948281781703073464e-08 1.924048407390988045e-07 1.818862257442311662e-07 1.845601301123826387e-07
2.902000000000000000e+03 2.903000000000000000e+03 5.773429064949953607e-08 1.647256007028733332e-07 1.492163995512414410e-07 1.516684245178785725e-07
2.903000000000000000e+03 2.904000000000000000e+03 5.010008356177111888e-08 1.810893599494563497e-07 1.223433455582979773e-07 1.252635490373839921e-07
2.904000000000000000e+03 2.905000000000000000e+03 4.095633662071934343e-08 1.187376324016052163e-07 1.003955816519130679e-07 1.015913803507397485e-07
2.905000000000000000e+03 2.906000000000000000e+03 3.299265485227127553e-08 1.298396840996909026e-07 8.203722696069838417e-08 8.360667165971937969e-08
2.906000000000000000e+03 2.907000000000000000e+03 2.559799369441100427e-07 6.941984092425562993e-06 6.676542497666276904e-08 1.721144102083129636e-07
2.907000000000000000e+03 2.908000000000000000e+03 2.633111523099262088e-08 1.166431209660054542e-07 5.454540952851928788e-08 7.657984046163213912e-08
2.908000000000000000e+03 2.909000000000000000e+03 1.959562882111283524e-08 8.123462388555765485e-08 4.517492809301102968e-08 4.790980037999597305e-08
2.909000000000000000e+03 2.910000000000000000e+03 1.122189767770295419e-04 1.241726353883171752e-03 2.724191029229367699e-05 7.989779284125541692e-04
2.910000000000000000e+03 2.911000000000000000e+03 8.337488648291641611e-05 5.778773796137380916e-04 1.559796508497775339e-05 3.749764930503482799e-04
2.911000000000000000e+03 2.912000000000000000e+03 5.111607041688018190e-05 2.264984879694676204e-04 8.997082122187494087e-06 1.872005367548545897e-04
2.912000000000000000e+03 2.913000000000000000e+03 3.854493280585218919e-05 1.354749463178718668e-04 6.028862581755145642e-06 1.206100635987204187e-04
2.913000000000000000e+03 2.914000000000000000e+03 2.738748335304050174e-05 8.854991995486145709e-05 4.387948879162110159e-06 8.325274877137737518e-05
2.914000000000000000e+03 2.915000000000000000e+03 2.004949782633952258e-05 6.083078926062435729e-05 3.202536608641434400e-06 6.129041170390339536e-05
2.915000000000000000e+03 2.916000000000000000e+03 1.521633681701643450e-05 4.464804522672363512e-05 2.354129280501688251e-06 4.398553841073804467e-05
2.916000000000000000e+03 2.917000000000000000e+03 1.146162584655717619e-05 3.233627308600907076e-05 1.746897561926246091e-06 3.190251430549784152e-05
2.917000000000000000e+03 2.918000000000000000e+03 8.601513883980586541e-06 2.352423641407143894e-05 1.306439711989244539e-06 2.331804009122374972e-05
2.918000000000000000e+03 2.919000000000000000e+03 6.470172800991048791e-06 1.721833662403904466e-05 9.834657197177683475e-07 1.710179140349195223e-05
2.919000000000000000e+03 2.920000000000000000e+03 4.881775874796992720e-06 1.269704440206746413e-05 7.364441922812771508e-07 1.265454270607492371e-05
2.920000000000000000e+03 2.921000000000000000e+03 3.701289162287867432e-06 9.426653327882161614e-06 5.627347292590557219e-07 9.409722855149250053e-06
2.921000000000000000e+03 2.922000000000000000e+03 2.799355769612241978e-06 6.973586123895245410e-06 4.306784347111664534e-07 7.024847463391058989e-06
2.922000000000000000e+03 2.923000000000000000e+03 7.912792793971025314e-06 1.244822302702779213e-04 3.331445000828288066e-07 5.303793047278103598e-06
2.923000000000000000e+03 2.924000000000000000e+03 1.751444411401520436e-06 4.042422332126476152e-06 2.571170051179651175e-07 3.998844167710695756e-06
2.924000000000000000e+03 2.925000000000000000e+03 1.288243542564765131e-06 3.024646701418097282e-06 1.971525128371498415e-07 3.031156485877181285e-06
2.925000000000000000e+03 2.926000000000000000e+03 9.837389684745693811e-07 2.288929556385596794e-06 1.515666331642067489e-07 2.301525394004209235e-06
2.926000000000000000e+03 2.927000000000000000e+03 7.627020645430561058e-07 1.750699389272653375e-06 1.169701939327863311e-07 1.753974063550450816e-06
2.927000000000000000e+03 2.928000000000000000e+03 5.938784237401968057e-07 1.348740841303112989e-06 9.212357921973495094e-08 1.355993205392122720e-06
2.928000000000000000e+03 2.929000000000000000e+03 4.651619176928491643e-07 1.047610680687852296e-06 7.233530960735422953e-08 1.053261158226976945e-06
2.929000000000000000e+03 2.930000000000000000e+03 3.621669503844926801e-07 8.078677841844020924e-07 5.964551398440780506e-08 8.114933038506130775e-07
2.930000000000000000e+03 2.931000000000000000e+03 2.826238764400488663e-07 6.285540735405022635e-07 4.605233044456451479e-08 6.313008876385350824e-07
2.931000000000000000e+03 2.932000000000000000e+03 2.196904039061963556e-07 7.765258647995751843e-07 3.516632464983340297e-08 4.890117981713707730e-07
2.932000000000000000e+03 2.933000000000000000e+03 1.655840478834520758e-07 3.928970572868367980e-07 2.734049622381668182e-08 3.720498359090244663e-07
2.933000000000000000e+03 2.934000000000000000e+03 1.276435808507736166e-07 4.128463476645715464e-07 1.271814810762987727e-07 4.666532650813443838e-07
2.934000000000000000e+03 2.935000000000000000e+03 9.922413616893638622e-08 2.404270358283335112e-07 8.644233608577939910e-08 2.457928223469268005e-07
2.935000000000000000e+03 2.936000000000000000e+03 7.240346874843970865e-08 2.270977959461739820e-07 6.410434279830667484e-08 2.464599571399977123e-07
2.936000000000000000e+03 2.937000000000000000e+03 5.599396134478197769e-08 1.733169570174934462e-07 4.927924019912476472e-08 1.389857016889773390e-07
2.937000000000000000e+03 2.938000000000000000e+03 4.380027345600655260e-08 1.469031652662193765e-07 3.905667969830008006e-08 1.006963087255716878e-07
2.938000000000000000e+03 2.939000000000000000e+03 3.632633210549214060e-08 1.433350222891451056e-07 3.186752965311900461e-08 8.790092320831539136e-08
2.939000000000000000e+03 2.940000000000000000e+03 2.109249920583665896e-05 2.497444821706182511e-04 2.299735065910859649e-06 8.893915775334404873e-05
2.940000000000000000e+03 2.941000000000000000e+03 1.061963811552241035e-05 7.504189764610065452e-05 1.763694856935829024e-06 6.813837433104809609e-05
2.941000000000000000e+03 2.942000000000000000e+03 5.754111477157005727e-06 4.105256572385855264e-05 1.219702223108871117e-06 4.077963180905479169e-05
2.942000000000000000e+03 2.943000000000000000e+03 3.667558955095995641e-06 2.769216980750828332e-05 8.733732771375730999e-07 2.433497357808132408e-05
2.943000000000000000e+03 2.944000000000000000e+03 2.639758900649647273e-06 1.523208861847414219e-05 5.570882277388098718e-07 1.540098070390495433e-05
2.944000000000000000e+03 2.945000000000000000e+03 2.826698706727675567e-06 1.100857402103650419e-05 2.749062672259195978e-07 8.715396559381171954e-06
2.945000000000000000e+03 2.946000000000000000e+03 1.994593714940162732e-06 6.237996806952126748e-06 1.809550653348001938e-07 2.355077404942761536e-06
2.946000000000000000e+03 2.947000000000000000e+03 6.461854121374519677e-06 1.268451406678733145e-04 2.717984145461143839e-07 1.158179285259322008e-05
2.947000000000000000e+03 2.948000000000000000e+03 9.872449191095434303e-07 4.869995630507579824e-06 1.481614235543870856e-07 4.092308443921545594e-06
2.948000000000000000e+03 2.949000000000000000e+03 6.003313532103412706e-07 2.059240859885660404e-06 1.032841239629717033e-07 1.979275507015346576e-06
2.949000000000000000e+03 2.950000000000000000e+03 4.317359739527039902e-07 1.326521467506817688e-06 7.258607684249205327e-08 1.200222119697477892e-06
2.950000000000000000e+03 2.951000000000000000e+03 3.300881930455266671e-07 1.750931052480556546e-06 5.349831391050074634e-08 1.329245611565263925e-06
2.951000000000000000e+03 2.952000000000000000e+03 2.380666507867047837e-07 8.891589952805336161e-07 3.436132841571500019e-08 6.304301835801354496e-07
2.952000000000000000e+03 2.953000000000000000e+03 2.060857385607847396e-07 1.573202606130810430e-06 2.418739172616552694e-08 4.334845208275467684e-07
2.953000000000000000e+03 2.954000000000000000e+03 9.952364212873676245e-08 3.030124007721507701e-07 1.423534771283888344e-08 1.906528501218218585e-07
2.954000000000000000e+03 2.955000000000000000e+03 2.062222454264114410e-07 3.579229000154601858e-06 7.945167555796768224e-08 2.061426447092692701e-06
2.955000000000000000e+03 2.956000000000000000e+03 1.354107358809938719e-07 1.703633279881460389e-06 5.806508107711570609e-08 1.367011277482640151e-06
2.956000000000000000e+03 2.957000000000000000e+03 1.128078274218889208e-07 8.696982736075476107e-07 3.851180493238454453e-08 7.589621671656952490e-07
2.957000000000000000e+03 2.958000000000000000e+03 1.042004624868831424e-07 5.137173558401662737e-07 2.659233496699687833e-08 4.868802017774835127e-07
2.958000000000000000e+03 2.959000000000000000e+03 9.503613279499972044e-08 3.497163992833389773e-07 1.994614577662573098e-08 3.600985649278260540e-07
2.959000000000000000e+03 2.960000000000000000e+03 8.078133019535609876e-08 2.696831677870678492e-07 1.470357412788112549e-08 2.735582990660111234e-07
2.960000000000000000e+03 2.961000000000000000e+03 6.632963578870432471e-08 2.070878712364449225e-07 1.175837934258344185e-08 2.065377259824467823e-07
2.961000000000000000e+03 2.962000000000000000e+03 5.524831245891818885e-08 2.238055039425286952e-07 1.413325597861368741e-08 2.136632020371609670e-07
2.962000000000000000e+03 2.963000000000000000e+03 1.391474579457431083e-07 1.256047668167239071e-06 2.883739572079831580e-08 1.341450575171407023e-06
2.963000000000000000e+03 2.964000000000000000e+03 6.314379837699954647e-06 5.718413808274893647e-05 2.087117984250264735e-08 7.262352444871927870e-07
2.964000000000000000e+03 2.965000000000000000e+03 9.693042863809859837e-08 7.946946322745444467e-07 1.527556048009902158e-08 3.320659592391716514e-07
2.965000000000000000e+03 2.966000000000000000e+03 6.597097644412844589e-08 3.629712006802709923e-07 1.207186521645287935e-08 2.415454787675084618e-07
2.966000000000000000e+03 2.967000000000000000e+03 4.738862502448378308e-08 2.166764434936466390e-07 9.404446265695464440e-09 1.818265258817754081e-07
2.967000000000000000e+03 2.968000000000000000e+03 3.739763547953362238e-08 1.466512706604991473e-07 7.770629985415019170e-09 1.270048230329575072e-07
2.968000000000000000e+03 2.969000000000000000e+03 3.118686803817628866e-08 1.256433500299711305e-07 6.206597114768245625e-09 9.122426143780175438e-08
2.969000000000000000e+03 2.970000000000000000e+03 9.208941820425004410e-05 6.774049642837652986e-04 6.163535369819021803e-05 1.807443634709154315e-03
2.970000000000000000e+03 2.971000000000000000e+03 3.284318884439918783e-05 3.096530821849300969e-04 3.421286498445615592e-05 9.645879727367474192e-04
2.971000000000000000e+03 2.972000000000000000e+03 2.792372399393938505e-05 2.448958150776054180e-04 2.484675519793406374e-05 6.811586525046023919e-04
2.972000000000000000e+03 2.973000000000000000e+03 3.226268356638833853e-05 2.439670091351442644e-04 1.988425201324685063e-05 4.955996958174769835e-04
2.973000000000000000e+03 2.974000000000000000e+03 4.645028136285906815e-05 3.483988803697415514e-04 1.899740589554359388e-05 4.044054923759197008e-04
2.974000000000000000e+03 2.975000000000000000e+03 5.125743510944807881e-05 3.064877098110555084e-04 1.581426412015116638e-05 3.209028726725373943e-04
2.975000000000000000e+03 2.976000000000000000e+03 4.947023615223906587e-05 2.401812354229479376e-04 1.244389812384061546e-05 2.428509864596881259e-04
2.976000000000000000e+03 2.977000000000000000e+03 4.390416964134093755e-05 1.796411876765528163e-04 9.542893625214917455e-06 1.795996956877194404e-04
2.977000000000000000e+03 2.978000000000000000e+03 3.648803101136882719e-05 1.337954586119054256e-04 7.218061732240915724e-06 1.331222410245172158e-04
2.978000000000000000e+03 2.979000000000000000e+03 2.951390718447173577e-05 9.937051553193172499e-05 5.416183126153392486e-06 9.821689153350387819e-05
2.979000000000000000e+03 2.980000000000000000e+03 3.032274077877105295e-05 1.979143132838894067e-04 4.605375890713196219e-06 1.236832293328254365e-04
2.980000000000000000e+03 2.981000000000000000e+03 2.060317034215805522e-05 7.340501581997246764e-05 3.432485624380603781e-06 7.316528284284119776e-05
2.981000000000000000e+03 2.982000000000000000e+03 1.530347030445534538e-05 4.902984140494285193e-05 2.545104879340925689e-06 4.928341415223618275e-05
2.982000000000000000e+03 2.983000000000000000e+03 1.150382551819146534e-05 3.248992743368710580e-05 1.847828537324267066e-06 3.120512039041658614e-05
2.983000000000000000e+03 2.984000000000000000e+03 8.682062002465869258e-06 2.512063482389909275e-05 1.362102404350673215e-06 2.328396529020440456e-05
2.984000000000000000e+03 2.985000000000000000e+03 6.483729165023304510e-06 1.746879311362041886e-05 1.018019143664491968e-06 1.696865775822998737e-05
2.985000000000000000e+03 2.986000000000000000e+03 4.862911750843334923e-06 1.282738327483811739e-05 7.689688358071761218e-07 1.258495755370223380e-05
2.986000000000000000e+03 2.987000000000000000e+03 3.664965141131259750e-06 9.507315073213720339e-06 5.882820508610100986e-07 9.347662527173500725e-06
2.987000000000000000e+03 2.988000000000000000e+03 2.773039510814911688e-06 7.072369093998270520e-06 4.527837065814773240e-07 6.983886167453792465e-06
2.988000000000000000e+03 2.989000000000000000e+03 2.116911718314446959e-06 5.297756914469997091e-06 3.518093778863806865e-07 5.253270716169904889e-06
2.989000000000000000e+03 2.990000000000000000e+03 1.616882083451084057e-06 4.006216114124704083e-06 2.752232793951765331e-07 3.998017379144179544e-06
2.990000000000000000e+03 2.991000000000000000e+03 1.247527440194692143e-06 3.045554029931287428e-06 2.180994321710827933e-07 3.024476611993792817e-06
2.991000000000000000e+03 2.992000000000000000e+03 9.659706679045563817e-07 2.316029177068271490e-06 1.850299384402880667e-07 2.318486189243775338e-06
2.992000000000000000e+03 2.993000000000000000e+03 7.551247161199128223e-07 1.880178562433451499e-06 1.325572071617269092e-07 1.772787735291027045e-06
2.993000000000000000e+03 2.994000000000000000e+03 5.821348552421553058e-07 1.369317108850932237e-06 1.040184878288563797e-07 1.366107508959871985e-06
2.994000000000000000e+03 2.995000000000000000e+03 4.515886123066770964e-07 1.051043575483141629e-06 8.233005948710490357e-08 1.049120550837419385e-06
2.995000000000000000e+03 2.996000000000000000e+03 3.527459928495593802e-07 8.081859669583194882e-07 6.534415606483175895e-08 8.099926024462029057e-07
2.996000000000000000e+03 2.997000000000000000e+03 2.782760653463371019e-07 6.659907712382461623e-07 5.225924049227913971e-08 6.683109026412888262e-07
2.997000000000000000e+03 2.998000000000000000e+03 2.258263092748748002e-07 1.259535669179542689e-06 4.144049977543874743e-08 4.890501220433717076e-07
2.998000000000000000e+03 2.999000000000000000e+03 4.973778404266211378e-07 5.061521999261126303e-06 4.344982179290299688e-08 1.196223699779191721e-06
